location_code,latitude,longitude,sampleid,time,temp,chl_volume_filtered,chl1,chl2,avg_chloro,phaeo1,phaeo2,avg_phaeo,phosphate,silicate,nitrite,nitrite_nitrate,ammonium,nitrate,da_volume_filtered,pda,volume_settled_for_counting,akashiwo_sanguinea,alexandrium_spp,dinophysis_spp,lingulodinium_polyedra,prorocentrum_spp,pseudo_nitzschia_delicatissima_group,pseudo_nitzschia_seriata_group,ceratium_spp,cochlodinium_spp,gymnodinium_spp,other_diatoms,other_dinoflagellates,total_phytoplankton,sample_date,week_start,year,month
NP,33.6061,-117.9311,NP010217,2017-01-02 18:40:00+00:00,14.2,100.0,3.3,3.1,3.2,,,,0.4,4.22,0.0,2.69,20.1,2.59,200.0,0.0,25.0,0.0,0.0,0.0,0.0,0.0,0.0,0.0,,,,23389.0,5198.0,28586.0,2017-01-02,2017-01-02,2017,1
NP,33.6061,-117.9311,NP010917,2017-01-09 18:15:00+00:00,15.2,100.0,1.83,1.74,1.79,,,,0.22,3.49,0.0,0.0,1.42,0.0,200.0,0.0,25.0,0.0,0.0,0.0,0.0,2599.0,5198.0,0.0,,,,38982.0,7796.0,54575.0,2017-01-09,2017-01-09,2017,1
NP,33.6061,-117.9311,NP011617,2017-01-16 18:45:00+00:00,15.0,100.0,1.88,1.99,1.93,,,,0.32,4.26,0.0,0.0,1.17,0.0,200.0,0.0,25.0,0.0,0.0,0.0,0.0,0.0,0.0,0.0,,,,12994.0,0.0,12994.0,2017-01-16,2017-01-16,2017,1
NP,33.6061,-117.9311,NP012317,2017-01-23 18:30:00+00:00,14.3,100.0,2.59,2.65,2.62,,,,1.99,19.0,0.22,14.7,10.2,14.48,200.0,0.0,25.0,,,,,,,,,,,,,,2017-01-23,2017-01-23,2017,1
NP,33.6061,-117.9311,NP013017,2017-01-30 18:50:00+00:00,15.1,100.0,1.1,1.05,1.07,,,,0.48,4.53,0.11,2.43,3.25,2.32,200.0,0.0,25.0,0.0,0.0,0.0,0.0,7796.0,0.0,0.0,,,,5198.0,0.0,12994.0,2017-01-30,2017-01-30,2017,1
NP,33.6061,-117.9311,NP020617,2017-02-06 18:50:00+00:00,14.7,100.0,2.09,2.08,2.09,,,,0.3,2.62,0.0,0.23,1.21,0.16,200.0,0.0,25.0,0.0,0.0,0.0,0.0,5198.0,5198.0,5198.0,,,,85759.0,0.0,101353.0,2017-02-06,2017-02-06,2017,2
NP,33.6061,-117.9311,NP021317,2017-02-13 16:00:00+00:00,14.8,100.0,2.44,2.4,2.42,,,,0.49,5.66,0.13,2.06,1.94,1.93,200.0,0.0,25.0,0.0,0.0,0.0,0.0,2599.0,0.0,0.0,,,,137735.0,7796.0,148130.0,2017-02-13,2017-02-13,2017,2
NP,33.6061,-117.9311,NP022117,2017-02-21 17:15:00+00:00,15.0,100.0,1.72,1.66,1.69,,,,0.29,2.62,0.12,0.73,1.8,0.61,200.0,0.0,25.0,0.0,0.0,0.0,0.0,0.0,0.0,0.0,,,,5198.0,0.0,5198.0,2017-02-21,2017-02-20,2017,2
NP,33.6061,-117.9311,NP030117,2017-03-01 18:30:00+00:00,15.2,100.0,1.88,1.78,1.83,,,,0.45,6.07,0.21,4.12,2.27,3.91,200.0,0.0,25.0,0.0,0.0,0.0,0.0,10395.0,12994.0,0.0,,,,28586.0,0.0,51975.0,2017-03-01,2017-02-27,2017,3
NP,33.6061,-117.9311,NP030617,2017-03-06 17:50:00+00:00,14.8,100.0,3.45,3.49,3.47,,,,0.31,3.98,0.0,0.24,2.47,0.23,200.0,0.0,25.0,0.0,0.0,0.0,0.0,10395.0,18191.0,41580.0,,,,168920.0,5198.0,244284.0,2017-03-06,2017-03-06,2017,3
NP,33.6061,-117.9311,NP031317,2017-03-13 17:00:00+00:00,15.8,100.0,1.25,1.34,1.3,,,,0.28,0.0,0.0,0.25,3.17,0.21,200.0,0.14,25.0,0.0,2599.0,0.0,0.0,0.0,57173.0,57173.0,,,,54574.0,2599.0,174118.0,2017-03-13,2017-03-13,2017,3
NP,33.6061,-117.9311,NP032017,2017-03-20 15:30:00+00:00,16.0,100.0,1.62,1.57,1.6,,,,0.43,3.11,0.0,0.5,1.04,0.41,200.0,0.0,25.0,0.0,0.0,0.0,0.0,5198.0,0.0,7796.0,,,,20790.0,0.0,33784.0,2017-03-20,2017-03-20,2017,3
NP,33.6061,-117.9311,NP032717,2017-03-27 17:40:00+00:00,15.9,100.0,3.77,3.93,3.85,,,,0.31,3.95,0.0,0.57,3.14,0.54,200.0,0.0,25.0,0.0,0.0,0.0,0.0,20790.0,0.0,2599.0,,,,36383.0,20790.0,80562.0,2017-03-27,2017-03-27,2017,3
NP,33.6061,-117.9311,NP040317,2017-04-03 16:05:00+00:00,15.8,100.0,3.23,3.15,3.19,,,,0.11,5.6,0.0,0.43,1.1,0.39,200.0,0.3,25.0,0.0,2599.0,0.0,0.0,28586.0,33784.0,88358.0,,,,103951.0,5198.0,262475.0,2017-04-03,2017-04-03,2017,4
NP,33.6061,-117.9311,NP041017,2017-04-10 15:15:00+00:00,15.8,100.0,9.85,9.87,9.86,,,,0.74,3.77,0.0,0.0,0.85,0.0,200.0,0.25,25.0,0.0,18191.0,20790.0,0.0,392414.0,0.0,44179.0,,,,41580.0,111747.0,628902.0,2017-04-10,2017-04-10,2017,4
NP,33.6061,-117.9311,NP041717,2017-04-17 15:35:00+00:00,15.0,100.0,3.52,3.58,3.55,,,,0.29,0.0,0.0,0.0,7.13,0.0,200.0,0.0,25.0,0.0,2599.0,12994.0,0.0,67568.0,0.0,0.0,,,,244285.0,28586.0,356032.0,2017-04-17,2017-04-17,2017,4
NP,33.6061,-117.9311,NP042417,2017-04-24 18:15:00+00:00,17.2,100.0,2.13,2.0,2.07,,,,0.23,2.87,0.0,0.0,1.03,0.0,200.0,0.0,25.0,0.0,0.0,0.0,0.0,15593.0,0.0,10395.0,,,,77963.0,5198.0,109149.0,2017-04-24,2017-04-24,2017,4
NP,33.6061,-117.9311,NP050117,2017-05-01 15:05:00+00:00,15.4,100.0,4.79,4.97,4.88,,,,0.34,5.33,0.0,1.83,1.12,1.81,200.0,0.13,25.0,0.0,0.0,0.0,0.0,166321.0,0.0,25988.0,,,,111747.0,62371.0,366427.0,2017-05-01,2017-05-01,2017,5
NP,33.6061,-117.9311,NP050817,2017-05-08 15:15:00+00:00,17.2,100.0,3.51,3.45,3.48,,,,0.17,4.06,0.0,0.0,1.11,0.0,200.0,0.33,25.0,0.0,0.0,0.0,0.0,12994.0,0.0,28586.0,,,,57173.0,23389.0,122142.0,2017-05-08,2017-05-08,2017,5
NP,33.6061,-117.9311,NP051517,2017-05-15 15:15:00+00:00,17.4,100.0,7.96,7.33,7.65,,,,0.24,4.39,0.0,0.0,0.54,0.0,200.0,0.0,25.0,0.0,0.0,0.0,0.0,46778.0,10395.0,10395.0,,,,218297.0,181914.0,467779.0,2017-05-15,2017-05-15,2017,5
NP,33.6061,-117.9311,NP052217,2017-05-22 17:35:00+00:00,18.0,100.0,3.47,3.71,3.59,,,,0.22,3.55,0.0,0.66,3.42,0.63,200.0,0.06,25.0,0.0,0.0,0.0,0.0,49377.0,28586.0,72766.0,,,,1039509.0,23389.0,1213627.0,2017-05-22,2017-05-22,2017,5
NP,33.6061,-117.9311,NP053017,2017-05-30 15:20:00+00:00,16.1,100.0,7.64,7.73,7.69,,,,0.21,1.67,0.0,0.0,2.9,0.0,200.0,0.04,25.0,0.0,0.0,0.0,0.0,33784.0,135136.0,233889.0,,,,413205.0,114346.0,930360.0,2017-05-30,2017-05-29,2017,5
NP,33.6061,-117.9311,NP060517,2017-06-05 15:00:00+00:00,17.2,100.0,2.48,2.35,2.42,,,,0.13,0.0,0.0,0.0,1.36,0.0,200.0,0.05,25.0,0.0,0.0,0.0,0.0,2599.0,28586.0,174118.0,,,,59772.0,31185.0,296260.0,2017-06-05,2017-06-05,2017,6
NP,33.6061,-117.9311,NP061217,2017-06-12 14:30:00+00:00,18.0,100.0,2.27,2.28,2.28,,,,0.37,1.58,0.0,0.9,6.03,0.87,200.0,0.0,15.0,0.0,0.0,0.0,0.0,2599.0,28586.0,174118.0,,,,59772.0,31185.0,296260.0,2017-06-12,2017-06-12,2017,6
NP,33.6061,-117.9311,NP061917,2017-06-19 14:40:00+00:00,19.0,100.0,2.28,2.26,2.27,,,,0.2,0.0,0.0,0.0,35.0,0.0,200.0,0.0,15.0,0.0,0.0,0.0,4331.0,4331.0,0.0,8663.0,,,,17325.0,90957.0,125607.0,2017-06-19,2017-06-19,2017,6
NP,33.6061,-117.9311,NP062617,2017-06-26 17:20:00+00:00,18.8,100.0,1.2,1.22,1.21,,,,0.49,3.09,0.0,0.46,41.3,0.44,200.0,0.0,25.0,0.0,0.0,0.0,7796.0,7796.0,33784.0,25988.0,,,,59772.0,7796.0,142932.0,2017-06-26,2017-06-26,2017,6
NP,33.6061,-117.9311,NP 070317,2017-07-03 14:50:00+00:00,18.6,100.0,1.15,1.18,1.16,,,,0.33,1.72,0.0,0.0,5.05,0.0,200.0,0.0,25.0,0.0,0.0,0.0,0.0,5198.0,12994.0,7796.0,,,,57173.0,10395.0,93556.0,2017-07-03,2017-07-03,2017,7
NP,33.6061,-117.9311,NP071017,2017-07-10 15:10:00+00:00,22.0,100.0,1.11,1.12,1.12,,,,0.19,1.39,0.0,0.22,1.62,0.21,200.0,0.0,25.0,0.0,0.0,0.0,7796.0,0.0,0.0,0.0,,,,12994.0,5198.0,25987.0,2017-07-10,2017-07-10,2017,7
NP,33.6061,-117.9311,NP071717,2017-07-17 14:45:00+00:00,21.2,100.0,0.74,0.69,0.72,,,,0.25,1.9,0.0,0.33,3.81,0.31,200.0,0.0,25.0,0.0,0.0,0.0,2599.0,0.0,5198.0,0.0,,,,5198.0,7796.0,20791.0,2017-07-17,2017-07-17,2017,7
NP,33.6061,-117.9311,NP072417,2017-07-24 15:00:00+00:00,23.1,100.0,0.82,0.81,0.81,,,,0.0,0.0,0.0,0.0,0.87,0.0,200.0,0.0,25.0,0.0,0.0,0.0,0.0,0.0,0.0,0.0,,,,36383.0,5198.0,41580.0,2017-07-24,2017-07-24,2017,7
NP,33.6061,-117.9311,NP073117,2017-07-31 14:40:00+00:00,22.5,100.0,1.42,1.43,1.42,,,,0.27,1.75,0.0,0.0,2.15,0.0,200.0,0.0,25.0,0.0,0.0,0.0,0.0,10395.0,5198.0,5198.0,,,,67568.0,12994.0,101353.0,2017-07-31,2017-07-31,2017,7
NP,33.6061,-117.9311,NP080717,2017-08-07 14:55:00+00:00,21.6,100.0,1.69,1.64,1.67,,,,0.27,1.06,0.0,0.0,1.25,0.0,200.0,0.0,25.0,0.0,0.0,0.0,2599.0,0.0,0.0,0.0,,,,67568.0,5198.0,75365.0,2017-08-07,2017-08-07,2017,8
NP,33.6061,-117.9311,NP081417,2017-08-14 14:15:00+00:00,22.2,100.0,0.53,0.5,0.52,,,,0.15,0.0,0.0,0.0,2.33,0.0,200.0,0.0,25.0,0.0,0.0,0.0,0.0,0.0,0.0,0.0,,,,85759.0,5198.0,90957.0,2017-08-14,2017-08-14,2017,8
NP,33.6061,-117.9311,NP082117,2017-08-21 14:20:00+00:00,22.0,100.0,0.82,0.75,0.78,,,,0.0,0.0,0.0,0.0,0.57,0.0,200.0,0.0,25.0,0.0,0.0,0.0,0.0,0.0,0.0,0.0,,,,213099.0,2599.0,215698.0,2017-08-21,2017-08-21,2017,8
NP,33.6061,-117.9311,NP082817,2017-08-28 17:45:00+00:00,19.5,100.0,1.62,1.66,1.64,,,,0.34,3.05,0.0,0.0,0.4,0.0,200.0,0.0,25.0,0.0,0.0,0.0,5198.0,28586.0,0.0,0.0,,,,12994.0,12994.0,59772.0,2017-08-28,2017-08-28,2017,8
NP,33.6061,-117.9311,NP090417,2017-09-04 16:45:00+00:00,22.2,100.0,0.92,0.97,0.95,,,,0.29,1.32,0.0,0.0,2.16,0.0,200.0,0.0,25.0,0.0,0.0,0.0,0.0,0.0,5198.0,0.0,,,,38982.0,2599.0,46778.0,2017-09-04,2017-09-04,2017,9
NP,33.6061,-117.9311,NP091117,2017-09-11 14:30:00+00:00,17.9,100.0,0.9,0.83,0.87,,,,0.39,3.15,0.0,0.0,1.77,0.0,200.0,0.0,25.0,0.0,0.0,0.0,2599.0,2599.0,0.0,0.0,,,,0.0,2599.0,7797.0,2017-09-11,2017-09-11,2017,9
NP,33.6061,-117.9311,NP091817,2017-09-18 14:30:00+00:00,17.7,100.0,1.19,1.15,1.17,,,,0.29,3.29,0.0,0.0,0.41,0.0,200.0,0.0,25.0,0.0,0.0,0.0,2599.0,0.0,0.0,0.0,,,,0.0,7796.0,10395.0,2017-09-18,2017-09-18,2017,9
NP,33.6061,-117.9311,NP092517,2017-09-25 14:30:00+00:00,19.3,100.0,2.01,1.88,1.94,,,,0.32,2.37,0.0,0.0,1.1,0.0,200.0,0.0,25.0,0.0,0.0,0.0,5198.0,5198.0,15593.0,0.0,,,,57173.0,2599.0,85761.0,2017-09-25,2017-09-25,2017,9
NP,33.6061,-117.9311,NP100217,2017-10-02 14:30:00+00:00,20.2,100.0,0.77,0.77,0.77,,,,0.21,1.38,0.0,0.0,1.91,0.0,200.0,0.0,25.0,0.0,0.0,0.0,0.0,0.0,20790.0,0.0,,,,44179.0,5198.0,70167.0,2017-10-02,2017-10-02,2017,10
NP,33.6061,-117.9311,NP100917,2017-10-09 14:30:00+00:00,19.9,100.0,1.0,1.1,1.05,,,,0.26,2.03,0.0,0.0,1.04,0.0,200.0,0.0,25.0,0.0,0.0,2599.0,2599.0,2599.0,0.0,0.0,,,,36383.0,0.0,44180.0,2017-10-09,2017-10-09,2017,10
NP,33.6061,-117.9311,NP101617,2017-10-16 14:30:00+00:00,19.6,100.0,1.48,1.41,1.45,,,,0.37,3.43,0.0,0.0,6.63,0.0,200.0,0.0,25.0,0.0,0.0,0.0,10395.0,2599.0,0.0,0.0,,,,2599.0,5198.0,20790.0,2017-10-16,2017-10-16,2017,10
NP,33.6061,-117.9311,NP102417,2017-10-24 18:20:00+00:00,19.9,100.0,1.91,1.87,1.89,,,,0.25,3.51,0.0,0.0,1.04,0.0,200.0,0.0,25.0,0.0,0.0,0.0,0.0,2599.0,0.0,0.0,,,,31185.0,5198.0,38982.0,2017-10-24,2017-10-23,2017,10
NP,33.6061,-117.9311,NP103017,2017-10-30 23:00:00+00:00,19.5,100.0,1.72,1.64,1.68,,,,0.29,2.23,0.0,0.0,3.28,0.0,200.0,0.0,25.0,0.0,0.0,0.0,0.0,0.0,10395.0,0.0,,,,28586.0,10395.0,49377.0,2017-10-30,2017-10-30,2017,10
NP,33.6061,-117.9311,NP110617,2017-11-06 15:10:00+00:00,18.4,100.0,4.97,5.07,5.02,,,,0.35,3.55,0.0,0.0,2.43,0.0,200.0,0.0,25.0,0.0,0.0,0.0,5198.0,15593.0,5198.0,0.0,,,,49377.0,28586.0,103952.0,2017-11-06,2017-11-06,2017,11
NP,33.6061,-117.9311,NP111017,2017-11-10 15:30:00+00:00,16.9,100.0,5.45,5.6,5.53,,,,0.6,4.88,0.0,0.32,9.65,0.24,200.0,0.0,25.0,0.0,0.0,0.0,0.0,46778.0,0.0,0.0,,,,51975.0,54574.0,153328.0,2017-11-10,2017-11-06,2017,11
NP,33.6061,-117.9311,NP112017,2017-11-20 15:45:00+00:00,16.0,100.0,4.0,3.95,3.98,,,,0.0,3.08,0.0,0.0,0.8,0.0,200.0,0.0,25.0,0.0,0.0,0.0,5198.0,31185.0,20790.0,10395.0,,,,181914.0,7796.0,257278.0,2017-11-20,2017-11-20,2017,11
NP,33.6061,-117.9311,NP112717,2017-11-27 18:40:00+00:00,16.3,100.0,3.02,2.92,2.97,,,,0.46,3.32,0.0,0.0,11.3,0.0,200.0,0.0,25.0,0.0,0.0,0.0,0.0,5198.0,5198.0,0.0,,,,18191.0,7796.0,36384.0,2017-11-27,2017-11-27,2017,11
NP,33.6061,-117.9311,NP120417,2017-12-04 16:55:00+00:00,16.3,100.0,2.52,2.63,2.57,,,,0.3,2.06,0.0,0.0,1.43,0.0,200.0,0.0,25.0,0.0,0.0,0.0,0.0,0.0,5198.0,0.0,,,,88358.0,10395.0,103951.0,2017-12-04,2017-12-04,2017,12
NP,33.6061,-117.9311,NP121117,2017-12-11 17:00:00+00:00,16.4,100.0,0.87,0.83,0.85,,,,0.21,1.77,0.0,0.0,4.54,0.0,200.0,0.0,25.0,0.0,0.0,0.0,0.0,0.0,0.0,0.0,,,,15593.0,0.0,15593.0,2017-12-11,2017-12-11,2017,12
NP,33.6061,-117.9311,NP121817,2017-12-18 14:55:00+00:00,16.0,100.0,0.85,0.86,0.86,,,,0.21,2.28,0.0,0.0,1.62,0.0,200.0,0.0,25.0,0.0,0.0,0.0,0.0,0.0,0.0,0.0,,,,18191.0,5198.0,23389.0,2017-12-18,2017-12-18,2017,12
NP,33.6061,-117.9311,NP010118,2018-01-02 00:30:00+00:00,16.5,100.0,2.46,2.49,2.47,,,,0.28,1.98,0.0,0.0,1.02,0.0,200.0,0.0,25.0,0.0,0.0,0.0,0.0,2599.0,33784.0,0.0,,,,145531.0,20790.0,202704.0,2018-01-02,2018-01-01,2018,1
NP,33.6061,-117.9311,NP010818,2018-01-08 15:15:00+00:00,16.2,100.0,1.68,1.71,1.7,,,,0.42,2.44,0.0,0.94,8.72,0.86,200.0,0.0,25.0,0.0,0.0,0.0,0.0,2599.0,10395.0,12994.0,,,,150729.0,0.0,176717.0,2018-01-08,2018-01-08,2018,1
NP,33.6061,-117.9311,NP011518,2018-01-15 16:10:00+00:00,16.2,100.0,1.87,2.03,1.95,,,,0.33,2.2,0.0,0.0,7.18,0.0,200.0,0.0,25.0,0.0,0.0,0.0,0.0,5198.0,0.0,0.0,,,,59772.0,10395.0,75365.0,2018-01-15,2018-01-15,2018,1
NP,33.6061,-117.9311,NP012218,2018-01-22 15:25:00+00:00,14.5,100.0,6.26,5.79,6.03,,,,0.28,2.49,0.24,1.0,1.67,0.77,200.0,0.0,25.0,0.0,0.0,0.0,0.0,2599.0,0.0,0.0,,,,83161.0,10395.0,96155.0,2018-01-22,2018-01-22,2018,1
NP,33.6061,-117.9311,NP012918,2018-01-29 17:00:00+00:00,14.6,100.0,5.33,5.29,5.31,,,,0.3,3.64,0.0,0.53,5.88,0.47,200.0,0.0,25.0,0.0,0.0,0.0,28586.0,36383.0,18191.0,5198.0,,,,83161.0,20790.0,192309.0,2018-01-29,2018-01-29,2018,1
NP,33.6061,-117.9311,NP020518,2018-02-05 14:45:00+00:00,15.4,100.0,1.86,2.13,1.99,,,,0.22,1.86,0.0,0.0,2.45,0.0,200.0,0.0,25.0,0.0,0.0,0.0,5198.0,33784.0,5198.0,0.0,,,,163723.0,5198.0,213100.0,2018-02-05,2018-02-05,2018,2
NP,33.6061,-117.9311,NP021218,2018-02-12 15:35:00+00:00,16.0,100.0,1.45,1.31,1.38,,,,0.21,1.86,0.0,0.0,2.04,0.0,200.0,0.0,25.0,0.0,0.0,0.0,2599.0,2599.0,0.0,0.0,,,,12994.0,2599.0,20791.0,2018-02-12,2018-02-12,2018,2
NP,33.6061,-117.9311,NP021918,2018-02-19 15:25:00+00:00,15.0,100.0,2.71,2.88,2.8,,,,0.54,4.51,0.0,0.0,4.39,0.0,200.0,0.0,25.0,0.0,0.0,0.0,0.0,5198.0,0.0,0.0,,,,36383.0,2599.0,44180.0,2018-02-19,2018-02-19,2018,2
NP,33.6061,-117.9311,NP021618,2018-02-26 14:47:00+00:00,13.4,100.0,8.14,8.03,8.08,,,,0.43,3.94,0.0,1.73,3.6,1.66,200.0,0.0,25.0,0.0,2599.0,0.0,0.0,5198.0,88358.0,18191.0,,,,558736.0,12994.0,686076.0,2018-02-26,2018-02-26,2018,2
NP,33.6061,-117.9311,NP030518,2018-03-05 15:50:00+00:00,13.8,100.0,9.85,9.65,9.75,,,,0.27,0.0,0.0,0.0,0.0,0.0,200.0,0.09,25.0,0.0,0.0,0.0,0.0,2599.0,335242.0,259877.0,,,,777033.0,57173.0,1431924.0,2018-03-05,2018-03-05,2018,3
NP,33.6061,-117.9311,NP031218,2018-03-12 18:30:00+00:00,15.8,100.0,1.17,1.26,1.21,,,,0.16,1.58,0.0,0.0,0.22,0.0,200.0,0.0,20.0,0.0,0.0,0.0,0.0,3248.0,35733.0,6497.0,,,,146181.0,9745.0,201404.0,2018-03-12,2018-03-12,2018,3
NP,33.6061,-117.9311,NP031918,2018-03-19 14:40:00+00:00,14.1,100.0,5.51,5.27,5.39,,,,0.24,1.52,0.0,0.61,1.47,0.57,200.0,0.0,25.0,0.0,0.0,0.0,0.0,20790.0,10395.0,0.0,,,,33784.0,46778.0,111747.0,2018-03-19,2018-03-19,2018,3
NP,33.6061,-117.9311,NP032618,2018-03-26 14:40:00+00:00,13.2,100.0,3.0,3.29,3.15,,,,0.69,6.14,0.21,4.46,36.31,4.25,200.0,0.0,25.0,0.0,0.0,0.0,0.0,7796.0,0.0,0.0,,,,28586.0,15593.0,51975.0,2018-03-26,2018-03-26,2018,3
NP,33.6061,-117.9311,NP040218,2018-04-02 17:40:00+00:00,14.2,100.0,18.69,19.37,19.03,,,,0.15,5.29,0.0,0.0,13.33,0.0,200.0,0.0,25.0,0.0,0.0,0.0,0.0,51975.0,85759.0,59772.0,,,,415803.0,153328.0,766637.0,2018-04-02,2018-04-02,2018,4
NP,33.6061,-117.9311,NP040918,2018-04-09 16:50:00+00:00,16.3,100.0,4.69,4.54,4.61,,,,0.13,4.2,0.0,0.0,4.17,0.0,200.0,0.0,25.0,0.0,0.0,0.0,2599.0,75364.0,54574.0,10395.0,,,,106550.0,72766.0,322247.0,2018-04-09,2018-04-09,2018,4
NP,33.6061,-117.9311,NP041518,2018-04-15 17:30:00+00:00,15.2,100.0,6.31,6.12,6.21,,,,0.31,8.23,0.0,0.35,1.09,0.31,200.0,0.0,25.0,0.0,0.0,10395.0,0.0,132537.0,0.0,0.0,,,,12994.0,111747.0,267673.0,2018-04-15,2018-04-09,2018,4
NP,33.6061,-117.9311,NP042318,2018-04-23 17:45:00+00:00,15.4,100.0,6.15,6.3,6.22,,,,0.14,5.63,0.0,0.0,0.45,0.0,200.0,0.14,25.0,0.0,0.0,5198.0,0.0,98753.0,15593.0,140334.0,,,,109148.0,38982.0,408008.0,2018-04-23,2018-04-23,2018,4
NP,33.6061,-117.9311,NP043018,2018-04-30 14:25:00+00:00,15.2,100.0,7.06,6.91,6.99,,,,0.21,3.28,0.0,0.46,11.86,0.44,200.0,0.0,25.0,0.0,0.0,5198.0,0.0,31185.0,0.0,5198.0,,,,12994.0,129939.0,184513.0,2018-04-30,2018-04-30,2018,4
NP,33.6061,-117.9311,NP050718,2018-05-07 15:05:00+00:00,14.8,100.0,8.53,8.66,8.59,,,,0.46,5.11,0.0,2.21,3.69,2.13,200.0,0.0,25.0,0.0,5198.0,0.0,0.0,20790.0,0.0,0.0,,,,44179.0,96155.0,166322.0,2018-05-07,2018-05-07,2018,5
NP,33.6061,-117.9311,NP051418,2018-05-14 14:10:00+00:00,16.3,100.0,5.19,5.08,5.14,,,,0.37,2.44,0.0,0.27,12.03,0.23,200.0,0.0,25.0,0.0,5198.0,0.0,0.0,49377.0,5198.0,0.0,,,,127340.0,51975.0,239088.0,2018-05-14,2018-05-14,2018,5
NP,33.6061,-117.9311,NP052118,2018-05-21 17:30:00+00:00,15.8,100.0,10.73,10.85,10.8,,,,0.24,3.41,0.0,0.0,5.08,0.0,200.0,0.0,25.0,0.0,0.0,2599.0,18191.0,140334.0,18191.0,5198.0,,,,124741.0,311853.0,621107.0,2018-05-21,2018-05-21,2018,5
NP,33.6061,-117.9311,NP052818,2018-05-28 14:40:00+00:00,16.4,100.0,7.33,7.44,7.38,,,,0.64,7.71,0.0,0.28,1.56,0.0,200.0,0.0,25.0,0.0,2599.0,0.0,2599.0,54574.0,0.0,0.0,,,,57173.0,70167.0,187112.0,2018-05-28,2018-05-28,2018,5
NP,33.6061,-117.9311,NP060418,2018-06-04 17:45:00+00:00,17.8,100.0,2.83,2.76,2.8,,,,0.0,0.0,0.0,0.0,0.0,0.0,200.0,0.0,25.0,0.0,0.0,0.0,2599.0,28586.0,75364.0,36383.0,,,,332643.0,33784.0,509359.0,2018-06-04,2018-06-04,2018,6
NP,33.6061,-117.9311,NP061118,2018-06-11 17:15:00+00:00,19.0,100.0,2.62,2.54,2.58,,,,0.24,2.19,0.0,0.32,11.68,0.3,200.0,0.0,25.0,0.0,0.0,0.0,0.0,5198.0,10395.0,2599.0,,,,46778.0,18191.0,83161.0,2018-06-11,2018-06-11,2018,6
NP,33.6061,-117.9311,NP061818,2018-06-18 15:40:00+00:00,18.4,100.0,1.86,1.82,1.84,,,,0.2,1.35,0.0,0.0,1.19,0.0,200.0,0.0,25.0,2599.0,0.0,0.0,0.0,10395.0,5198.0,2599.0,,,,51975.0,12994.0,85760.0,2018-06-18,2018-06-18,2018,6
NP,33.6061,-117.9311,NP062518,2018-06-25 18:15:00+00:00,19.8,100.0,1.94,1.91,1.92,,,,0.0,2.13,0.0,0.0,0.59,0.0,200.0,0.0,25.0,0.0,0.0,0.0,0.0,2599.0,0.0,0.0,,,,38982.0,31185.0,72766.0,2018-06-25,2018-06-25,2018,6
NP,33.6061,-117.9311,NP070218,2018-07-02 15:20:00+00:00,20.4,100.0,4.06,4.09,4.07,,,,0.0,2.43,0.0,0.0,0.0,0.0,200.0,0.0,25.0,0.0,0.0,0.0,0.0,41580.0,7796.0,2599.0,,,,67568.0,111747.0,231290.0,2018-07-02,2018-07-02,2018,7
NP,33.6061,-117.9311,NP070919,2018-07-09 16:05:00+00:00,22.4,100.0,2.15,2.15,2.15,,,,0.0,2.99,0.0,0.0,0.0,0.0,200.0,0.0,25.0,0.0,0.0,0.0,0.0,2599.0,44179.0,0.0,,,,155926.0,7796.0,210501.0,2018-07-09,2018-07-09,2018,7
NP,33.6061,-117.9311,NP071618,2018-07-16 17:15:00+00:00,21.9,100.0,2.08,2.1,2.09,,,,0.0,0.0,0.0,0.0,0.79,0.0,200.0,0.0,25.0,0.0,0.0,0.0,0.0,2599.0,2599.0,23389.0,,,,150729.0,7796.0,187112.0,2018-07-16,2018-07-16,2018,7
NP,33.6061,-117.9311,NP072318,2018-07-23 18:00:00+00:00,19.2,100.0,2.0,2.01,2.0,,,,0.0,2.55,0.0,0.0,1.45,0.0,200.0,0.0,25.0,0.0,0.0,0.0,0.0,7796.0,5198.0,0.0,,,,85759.0,20790.0,119544.0,2018-07-23,2018-07-23,2018,7
NP,33.6061,-117.9311,NP073018,2018-07-30 18:00:00+00:00,24.2,100.0,1.7,1.62,1.66,,,,0.16,1.46,0.0,0.0,0.99,0.0,200.0,0.0,25.0,0.0,0.0,0.0,0.0,0.0,28586.0,0.0,,,,176716.0,20790.0,226093.0,2018-07-30,2018-07-30,2018,7
NP,33.6061,-117.9311,NP080618,2018-08-06 15:40:00+00:00,23.3,100.0,1.05,1.05,1.05,,,,0.0,3.11,0.0,0.0,0.57,0.0,200.0,0.0,25.0,0.0,0.0,0.0,0.0,5198.0,0.0,0.0,,,,114346.0,12994.0,132538.0,2018-08-06,2018-08-06,2018,8
NP,33.6061,-117.9311,NP081318,2018-08-13 18:20:00+00:00,23.0,100.0,1.71,1.69,1.7,,,,0.11,2.36,0.0,0.0,0.25,0.0,200.0,0.0,25.0,0.0,0.0,0.0,0.0,12994.0,0.0,7796.0,,,,267673.0,41580.0,330044.0,2018-08-13,2018-08-13,2018,8
NP,33.6061,-117.9311,NP082018,2018-08-20 17:30:00+00:00,22.5,100.0,1.49,1.39,1.44,,,,0.0,1.45,0.0,0.0,0.33,0.0,200.0,0.0,25.0,0.0,0.0,0.0,0.0,0.0,10395.0,0.0,,,,142932.0,31185.0,184513.0,2018-08-20,2018-08-20,2018,8
NP,33.6061,-117.9311,NP082718,2018-08-27 14:45:00+00:00,20.2,100.0,1.59,1.72,1.66,,,,0.12,1.45,0.0,0.0,0.45,0.0,200.0,0.0,25.0,0.0,0.0,0.0,0.0,0.0,5198.0,0.0,,,,23389.0,25988.0,54575.0,2018-08-27,2018-08-27,2018,8
NP,33.6061,-117.9311,NP090518,2018-09-05 14:45:00+00:00,21.2,100.0,4.11,4.34,4.23,,,,0.12,0.0,0.0,0.0,1.19,0.0,200.0,0.0,25.0,0.0,0.0,0.0,0.0,2599.0,0.0,0.0,,,,244285.0,15593.0,262476.0,2018-09-05,2018-09-03,2018,9
NP,33.6061,-117.9311,NP091018,2018-09-10 13:50:00+00:00,21.8,100.0,3.79,4.01,3.9,,,,0.0,0.0,0.0,0.0,0.3,0.0,200.0,0.0,25.0,0.0,0.0,0.0,0.0,0.0,5198.0,0.0,,,,155926.0,18191.0,179316.0,2018-09-10,2018-09-10,2018,9
NP,33.6061,-117.9311,NP091718,2018-09-17 15:00:00+00:00,19.6,100.0,1.42,1.46,1.44,,,,0.16,2.39,0.0,0.0,0.35,0.0,200.0,0.0,25.0,0.0,0.0,0.0,0.0,2599.0,0.0,0.0,,,,5198.0,10395.0,18192.0,2018-09-17,2018-09-17,2018,9
NP,33.6061,-117.9311,NP092418,2018-09-24 14:30:00+00:00,19.5,100.0,2.38,2.31,2.35,,,,0.16,3.18,0.0,0.0,1.13,0.0,200.0,0.0,25.0,0.0,0.0,0.0,0.0,10395.0,0.0,0.0,,,,15593.0,28586.0,54574.0,2018-09-24,2018-09-24,2018,9
NP,33.6061,-117.9311,NP100118,2018-10-01 14:50:00+00:00,18.4,100.0,1.3,1.35,1.32,,,,0.19,3.25,0.0,0.39,0.71,0.39,200.0,0.0,25.0,0.0,0.0,0.0,0.0,0.0,10395.0,0.0,,,,31185.0,5198.0,46778.0,2018-10-01,2018-10-01,2018,10
NP,33.6061,-117.9311,NP100818,2018-10-08 14:50:00+00:00,20.3,100.0,0.66,0.69,0.67,,,,0.0,1.4,0.0,0.0,1.45,0.0,200.0,0.0,25.0,0.0,0.0,0.0,0.0,7796.0,0.0,0.0,,,,10395.0,2599.0,20790.0,2018-10-08,2018-10-08,2018,10
NP,33.6061,-117.9311,NP101518,2018-10-15 17:40:00+00:00,16.0,100.0,2.46,2.65,2.55,,,,0.18,2.27,0.0,0.0,0.63,0.0,200.0,0.0,25.0,0.0,0.0,0.0,0.0,2599.0,7796.0,0.0,,,,25988.0,5198.0,41580.0,2018-10-15,2018-10-15,2018,10
NP,33.6061,-117.9311,NP102218,2018-10-22 15:10:00+00:00,17.5,100.0,2.34,2.38,2.36,,,,0.14,3.62,0.0,0.0,0.48,0.0,200.0,0.0,25.0,0.0,0.0,0.0,0.0,23389.0,10395.0,0.0,,,,10395.0,31185.0,75364.0,2018-10-22,2018-10-22,2018,10
NP,33.6061,-117.9311,NP102918,2018-10-29 14:35:00+00:00,19.0,100.0,1.9,1.93,1.92,,,,0.1,0.0,0.0,0.0,0.56,0.0,200.0,0.0,25.0,0.0,0.0,0.0,0.0,7796.0,0.0,5198.0,,,,54574.0,5198.0,72766.0,2018-10-29,2018-10-29,2018,10
NP,33.6061,-117.9311,NP110518,2018-11-05 15:40:00+00:00,19.4,100.0,1.73,1.78,1.76,,,,0.1,1.57,0.0,0.0,0.44,0.0,200.0,0.0,25.0,0.0,0.0,0.0,0.0,2599.0,0.0,0.0,,,,62371.0,5198.0,70167.0,2018-11-05,2018-11-05,2018,11
NP,33.6061,-117.9311,NP111218,2018-11-12 16:05:00+00:00,18.0,100.0,1.52,1.53,1.52,,,,0.14,1.13,0.0,0.0,3.27,0.0,200.0,0.0,25.0,0.0,0.0,0.0,0.0,0.0,5198.0,0.0,,,,36383.0,12994.0,54575.0,2018-11-12,2018-11-12,2018,11
NP,33.6061,-117.9311,NP111918,2018-11-19 15:40:00+00:00,17.6,100.0,0.79,0.8,0.8,,,,0.12,1.16,0.0,0.0,1.35,0.0,200.0,0.0,25.0,0.0,0.0,0.0,0.0,0.0,10395.0,0.0,,,,7796.0,2599.0,20790.0,2018-11-19,2018-11-19,2018,11
NP,33.6061,-117.9311,NP112618,2018-11-26 15:45:00+00:00,18.1,100.0,1.85,1.8,1.82,,,,0.14,1.06,0.0,0.0,0.6,0.0,200.0,0.0,25.0,0.0,0.0,0.0,0.0,0.0,0.0,0.0,,,,64969.0,10395.0,75364.0,2018-11-26,2018-11-26,2018,11
NP,33.6061,-117.9311,NP120318,2018-12-03 15:55:00+00:00,15.2,100.0,1.82,1.83,1.82,,,,0.38,3.9,0.39,2.43,0.92,2.04,200.0,0.0,25.0,0.0,0.0,0.0,0.0,0.0,5198.0,2599.0,,,,62371.0,2599.0,72766.0,2018-12-03,2018-12-03,2018,12
NP,33.6061,-117.9311,NP121018,2018-12-10 15:45:00+00:00,16.6,100.0,1.96,2.01,1.99,,,,0.35,1.26,0.0,0.63,5.23,0.63,200.0,0.0,25.0,0.0,0.0,0.0,7796.0,12994.0,2599.0,0.0,,,,10395.0,15593.0,49377.0,2018-12-10,2018-12-10,2018,12
NP,33.6061,-117.9311,NP 121718,2018-12-17 15:35:00+00:00,16.2,100.0,2.46,2.3,2.38,,,,0.32,1.24,0.0,0.0,1.93,0.0,200.0,0.0,25.0,0.0,0.0,0.0,2599.0,2599.0,0.0,0.0,,,,20790.0,18191.0,44180.0,2018-12-17,2018-12-17,2018,12
NP,33.6061,-117.9311,NP123118,2018-12-31 17:55:00+00:00,15.3,100.0,3.17,3.14,3.16,,,,0.41,2.5,0.12,0.51,0.8,0.39,200.0,0.0,25.0,0.0,0.0,0.0,2599.0,20790.0,0.0,5198.0,,,,15593.0,18191.0,62371.0,2018-12-31,2018-12-31,2018,12
NP,33.6061,-117.9311,NP010719,2019-01-07 15:40:00+00:00,15.5,100.0,1.79,1.8,1.8,,,,0.39,1.69,0.0,0.21,1.77,0.21,200.0,0.0,25.0,0.0,0.0,0.0,0.0,0.0,0.0,2599.0,,,,18191.0,7796.0,28587.0,2019-01-07,2019-01-07,2019,1
NP,33.6061,-117.9311,NP011419,2019-01-14 15:50:00+00:00,15.5,100.0,1.7,1.72,1.71,,,,0.4,1.96,0.0,0.0,7.4,0.0,200.0,0.0,25.0,0.0,0.0,0.0,0.0,5198.0,0.0,7796.0,,,,31185.0,7796.0,51976.0,2019-01-14,2019-01-14,2019,1
NP,33.6061,-117.9311,NP012119,2019-01-21 17:30:00+00:00,15.4,100.0,2.99,3.01,3.0,,,,0.47,2.98,0.0,0.74,6.04,0.74,200.0,0.0,25.0,0.0,0.0,0.0,0.0,0.0,0.0,0.0,,,,44179.0,0.0,44179.0,2019-01-21,2019-01-21,2019,1
NP,33.6061,-117.9311,NP012819,2019-01-28 15:05:00+00:00,15.2,100.0,3.3,3.06,3.18,,,,0.43,2.48,0.0,0.23,4.22,0.23,200.0,0.0,25.0,0.0,0.0,0.0,0.0,18191.0,38982.0,23389.0,0.0,0.0,0.0,72766.0,7796.0,161124.0,2019-01-28,2019-01-28,2019,1
NP,33.6061,-117.9311,NP020419,2019-02-04 15:15:00+00:00,15.2,100.0,1.59,1.62,1.61,,,,0.43,1.51,0.0,0.33,0.61,0.33,200.0,0.0,25.0,0.0,0.0,0.0,0.0,2599.0,0.0,20790.0,7796.0,0.0,0.0,18191.0,2599.0,51975.0,2019-02-04,2019-02-04,2019,2
NP,33.6061,-117.9311,NP021119,2019-02-11 15:00:00+00:00,14.5,100.0,3.56,3.43,3.5,,,,0.36,1.24,0.0,0.0,9.18,0.0,200.0,0.0,25.0,0.0,0.0,0.0,0.0,2599.0,0.0,0.0,0.0,0.0,0.0,83161.0,5198.0,90957.0,2019-02-11,2019-02-11,2019,2
NP,33.6061,-117.9311,NP021819,2019-02-18 16:00:00+00:00,13.6,100.0,3.89,3.8,3.85,,,,0.7,5.37,0.21,2.81,2.07,2.6,200.0,0.0,25.0,0.0,0.0,0.0,7796.0,0.0,0.0,0.0,0.0,2599.0,0.0,142932.0,2599.0,155926.0,2019-02-18,2019-02-18,2019,2
NP,33.6061,-117.9311,NP022519,2019-02-25 14:45:00+00:00,13.0,100.0,11.09,11.46,11.28,,,,0.5,0.0,0.11,2.41,1.02,2.3,200.0,0.0,25.0,0.0,0.0,2599.0,2599.0,0.0,38982.0,49377.0,0.0,0.0,15593.0,1281194.0,10395.0,1400738.0,2019-02-25,2019-02-25,2019,2
NP,33.6061,-117.9311,NP030419,2019-03-04 16:00:00+00:00,14.0,100.0,1.51,1.5,1.51,,,,0.27,0.0,0.0,0.0,1.81,0.0,200.0,0.0,25.0,0.0,0.0,0.0,0.0,0.0,49377.0,0.0,0.0,0.0,0.0,197507.0,7796.0,254680.0,2019-03-04,2019-03-04,2019,3
NP,33.6061,-117.9311,NP031119,2019-03-11 18:35:00+00:00,13.6,100.0,2.48,2.57,2.53,,,,0.39,1.12,0.0,0.77,31.19,0.77,200.0,0.0,25.0,0.0,0.0,0.0,0.0,0.0,5198.0,28586.0,0.0,0.0,7796.0,54574.0,7796.0,103951.0,2019-03-11,2019-03-11,2019,3
NP,33.6061,-117.9311,NP031819,2019-03-18 13:55:00+00:00,14.6,100.0,1.79,1.79,1.79,,,,0.47,2.18,0.0,0.71,0.96,0.71,200.0,0.0,25.0,0.0,0.0,0.0,2599.0,2599.0,0.0,0.0,2599.0,10395.0,0.0,98753.0,2599.0,119543.0,2019-03-18,2019-03-18,2019,3
NP,33.6061,-117.9311,NP032519,2019-03-25 14:10:00+00:00,15.0,100.0,4.52,4.64,4.58,,,,0.43,2.64,0.0,0.0,0.96,0.0,200.0,0.0,25.0,15593.0,0.0,5198.0,5198.0,2599.0,5198.0,12994.0,2599.0,20790.0,2599.0,75364.0,7796.0,155926.0,2019-03-25,2019-03-25,2019,3
NP,33.6061,-117.9311,NP040119,2019-04-01 14:50:00+00:00,16.1,100.0,9.43,9.55,9.49,,,,0.0,3.28,0.0,0.24,0.33,0.24,200.0,0.05,25.0,2599.0,0.0,25988.0,2599.0,236488.0,25988.0,83161.0,25988.0,28586.0,0.0,275470.0,72766.0,779631.0,2019-04-01,2019-04-01,2019,4
NP,33.6061,-117.9311,NP040819,2019-04-08 14:50:00+00:00,16.0,100.0,5.37,5.4,5.39,,,,0.16,2.38,0.0,0.0,0.77,0.0,200.0,0.0,25.0,10395.0,0.0,7796.0,2599.0,51975.0,18191.0,33784.0,0.0,59772.0,7796.0,111747.0,31185.0,335242.0,2019-04-08,2019-04-08,2019,4
NP,33.6061,-117.9311,NP041519,2019-04-15 15:05:00+00:00,14.7,100.0,7.32,7.5,7.41,,,,0.31,3.38,0.0,1.18,1.54,1.18,200.0,0.19,25.0,5198.0,0.0,0.0,7796.0,36383.0,96155.0,70167.0,10395.0,109148.0,0.0,356032.0,114346.0,805619.0,2019-04-15,2019-04-15,2019,4
NP,33.6061,-117.9311,NP042219,2019-04-22 14:30:00+00:00,14.1,100.0,19.24,18.81,19.03,,,,0.31,3.5,0.0,0.87,0.0,0.87,200.0,0.0,25.0,20790.0,0.0,15593.0,2599.0,28586.0,57173.0,41580.0,12994.0,350834.0,0.0,132537.0,49377.0,712063.0,2019-04-22,2019-04-22,2019,4
NP,33.6061,-117.9311,NP042919,2019-04-29 16:35:00+00:00,16.0,100.0,3.11,3.12,3.12,,,,0.33,3.14,0.0,0.5,2.34,0.5,200.0,0.0,25.0,0.0,0.0,0.0,0.0,7796.0,0.0,0.0,0.0,0.0,0.0,18191.0,28586.0,54574.0,2019-04-29,2019-04-29,2019,4
NP,33.6061,-117.9311,NP050619,2019-05-06 16:30:00+00:00,15.6,100.0,8.68,8.67,8.68,,,,0.28,3.91,0.0,0.53,1.23,0.53,200.0,0.0,25.0,12994.0,0.0,0.0,10395.0,83161.0,0.0,0.0,23389.0,18191.0,0.0,36383.0,93556.0,278069.0,2019-05-06,2019-05-06,2019,5
NP,33.6061,-117.9311,NP051319,2019-05-13 18:05:00+00:00,16.7,100.0,1.94,1.94,1.94,,,,0.28,5.7,0.0,0.0,0.25,0.0,200.0,0.0,25.0,0.0,0.0,0.0,2599.0,7796.0,0.0,0.0,0.0,0.0,0.0,44179.0,15593.0,70167.0,2019-05-13,2019-05-13,2019,5
NP,33.6061,-117.9311,NP052019,2019-05-20 15:55:00+00:00,14.4,100.0,8.98,8.87,8.93,,,,0.39,5.0,0.0,1.26,0.93,1.26,200.0,0.0,25.0,23389.0,0.0,10395.0,0.0,36383.0,5198.0,10395.0,0.0,54574.0,0.0,171519.0,46778.0,358630.0,2019-05-20,2019-05-20,2019,5
NP,33.6061,-117.9311,NP052719,2019-05-27 18:40:00+00:00,13.5,100.0,12.2,11.75,11.98,,,,0.49,7.97,0.12,2.92,0.0,2.8,200.0,0.05,25.0,7796.0,0.0,0.0,2599.0,64969.0,350834.0,660088.0,2599.0,41580.0,0.0,899175.0,33784.0,2063425.0,2019-05-27,2019-05-27,2019,5
NP,33.6061,-117.9311,NP060319,2019-06-03 15:15:00+00:00,16.1,100.0,1.73,1.68,1.71,,,,0.4,4.58,0.0,0.0,1.61,0.0,200.0,0.13,25.0,7796.0,0.0,0.0,12994.0,189710.0,155926.0,135136.0,0.0,7796.0,0.0,150729.0,49377.0,709465.0,2019-06-03,2019-06-03,2019,6
NP,33.6061,-117.9311,NP061019,2019-06-10 19:20:00+00:00,18.8,100.0,3.08,3.25,3.17,,,,0.21,2.42,0.0,0.0,0.82,0.0,200.0,0.0,25.0,0.0,0.0,0.0,18191.0,119543.0,5198.0,0.0,0.0,0.0,0.0,25988.0,23389.0,192309.0,2019-06-10,2019-06-10,2019,6
NP,33.6061,-117.9311,NP061719,2019-06-17 15:40:00+00:00,19.0,100.0,7.97,7.74,7.86,,,,0.15,2.22,0.0,0.0,1.14,0.0,200.0,0.0,25.0,2599.0,0.0,5198.0,189710.0,41580.0,5198.0,2599.0,2599.0,0.0,0.0,28586.0,80562.0,358630.0,2019-06-17,2019-06-17,2019,6
NP,33.6061,-117.9311,NP062419,2019-06-24 21:50:00+00:00,18.2,100.0,2.87,3.07,2.97,,,,0.43,7.96,0.0,0.0,0.85,0.0,200.0,0.0,25.0,7796.0,0.0,0.0,23389.0,18191.0,0.0,0.0,0.0,0.0,0.0,62371.0,44179.0,155926.0,2019-06-24,2019-06-24,2019,6
NP,33.6061,-117.9311,NP070119,2019-07-01 08:30:00+00:00,18.2,100.0,2.64,2.78,2.71,,,,0.12,1.26,0.0,0.0,0.85,0.0,200.0,0.0,25.0,5198.0,0.0,0.0,36383.0,15593.0,0.0,0.0,2599.0,0.0,0.0,59772.0,44179.0,163723.0,2019-07-01,2019-07-01,2019,7
NP,33.6061,-117.9311,NP070819,2019-07-08 17:05:00+00:00,20.2,100.0,2.64,2.78,2.71,,,,0.11,3.12,0.0,0.0,1.42,0.0,200.0,0.0,25.0,0.0,0.0,0.0,2599.0,0.0,0.0,0.0,10395.0,0.0,0.0,90957.0,0.0,103951.0,2019-07-08,2019-07-08,2019,7
NP,33.6061,-117.9311,NP071519,2019-07-15 17:50:00+00:00,19.6,100.0,2.46,2.51,2.49,,,,0.17,2.59,0.0,0.0,1.33,0.0,200.0,0.0,25.0,0.0,0.0,0.0,2599.0,2599.0,23389.0,7796.0,0.0,0.0,0.0,25988.0,12994.0,75364.0,2019-07-15,2019-07-15,2019,7
NP,33.6061,-117.9311,NP072219,2019-07-22 18:20:00+00:00,19.6,100.0,3.73,3.71,3.72,,,,0.15,3.94,0.0,0.0,0.0,0.0,200.0,0.0,25.0,0.0,0.0,0.0,2599.0,25988.0,36383.0,5198.0,0.0,0.0,0.0,109148.0,38982.0,218297.0,2019-07-22,2019-07-22,2019,7
NP,33.6061,-117.9311,NP072919,2019-07-29 17:00:00+00:00,21.0,100.0,1.55,1.57,1.56,,,,0.15,1.83,0.0,0.34,2.7,0.34,200.0,0.0,25.0,0.0,0.0,0.0,12994.0,0.0,49377.0,18191.0,0.0,0.0,0.0,109148.0,5198.0,194908.0,2019-07-29,2019-07-29,2019,7
NP,33.6061,-117.9311,NP080619,2019-08-06 14:40:00+00:00,19.2,100.0,4.54,4.59,4.57,,,,0.1,2.05,0.0,0.0,0.57,0.0,200.0,0.0,25.0,0.0,0.0,5198.0,23389.0,54574.0,5198.0,0.0,7796.0,2599.0,0.0,67568.0,41580.0,207902.0,2019-08-06,2019-08-05,2019,8
NP,33.6061,-117.9311,NP081219,2019-08-12 16:55:00+00:00,19.8,100.0,2.33,2.26,2.3,,,,0.25,0.0,0.0,0.33,1.81,0.33,200.0,0.0,25.0,0.0,0.0,0.0,0.0,10395.0,0.0,0.0,0.0,0.0,0.0,150729.0,2599.0,163723.0,2019-08-12,2019-08-12,2019,8
NP,33.6061,-117.9311,NP081919,2019-08-20 17:00:00+00:00,19.2,100.0,3.29,3.23,3.26,,,,0.0,0.0,0.0,0.0,0.78,0.0,200.0,0.0,25.0,0.0,0.0,0.0,20790.0,0.0,12994.0,0.0,2599.0,0.0,0.0,304056.0,10395.0,350834.0,2019-08-20,2019-08-19,2019,8
NP,33.6061,-117.9311,NP082719,2019-08-27 14:50:00+00:00,20.8,100.0,4.94,4.72,4.83,,,,0.2,0.0,0.11,0.0,12.58,0.0,200.0,0.0,25.0,0.0,0.0,2599.0,15593.0,25988.0,38982.0,0.0,18191.0,0.0,0.0,491168.0,7796.0,600316.0,2019-08-27,2019-08-26,2019,8
NP,33.6061,-117.9311,NP090319,2019-09-03 14:40:00+00:00,21.8,100.0,2.87,2.87,2.87,,,,0.16,0.0,0.0,0.4,2.35,0.4,200.0,0.0,25.0,0.0,0.0,0.0,0.0,5198.0,28586.0,0.0,0.0,0.0,0.0,140334.0,7796.0,181914.0,2019-09-03,2019-09-02,2019,9
NP,33.6061,-117.9311,NP091019,2019-09-10 14:40:00+00:00,23.1,100.0,1.48,1.49,1.49,,,,0.0,0.0,0.0,0.0,0.23,0.0,200.0,0.0,25.0,0.0,0.0,0.0,0.0,2599.0,10395.0,2599.0,7796.0,0.0,0.0,155926.0,18191.0,197507.0,2019-09-10,2019-09-09,2019,9
NP,33.6061,-117.9311,NP091719,2019-09-17 14:40:00+00:00,21.8,100.0,1.72,1.72,1.72,,,,0.0,1.31,0.0,0.0,0.21,0.0,200.0,0.0,25.0,0.0,0.0,2599.0,0.0,10395.0,5198.0,0.0,0.0,0.0,0.0,67568.0,20790.0,106550.0,2019-09-17,2019-09-16,2019,9
NP,33.6061,-117.9311,NP092419,2019-09-24 14:30:00+00:00,21.8,100.0,,,,,,,0.2,1.33,0.0,0.0,0.77,0.0,200.0,0.0,25.0,0.0,0.0,0.0,0.0,7796.0,0.0,0.0,2599.0,0.0,0.0,77963.0,5198.0,93556.0,2019-09-24,2019-09-23,2019,9
NP,33.6061,-117.9311,NP100119,2019-10-01 14:15:00+00:00,21.5,100.0,2.94,2.98,2.96,,,,0.2,2.1,0.0,0.0,0.28,0.0,200.0,0.0,25.0,0.0,0.0,0.0,0.0,15593.0,5198.0,0.0,2599.0,0.0,0.0,150729.0,12994.0,187112.0,2019-10-01,2019-09-30,2019,10
NP,33.6061,-117.9311,NP100819,2019-10-08 13:55:00+00:00,18.4,100.0,1.59,1.66,1.63,,,,0.17,1.9,0.0,0.0,1.25,0.0,200.0,0.0,25.0,0.0,0.0,0.0,5198.0,2599.0,0.0,0.0,0.0,0.0,0.0,38982.0,10395.0,57173.0,2019-10-08,2019-10-07,2019,10
NP,33.6061,-117.9311,NP101519,2019-10-15 16:15:00+00:00,18.7,100.0,2.86,2.77,2.82,,,,0.0,2.39,0.0,0.0,0.28,0.0,200.0,0.0,25.0,0.0,0.0,0.0,15593.0,7796.0,0.0,0.0,0.0,10395.0,0.0,103951.0,20790.0,158525.0,2019-10-15,2019-10-14,2019,10
NP,33.6061,-117.9311,NP102219,2019-10-22 14:50:00+00:00,18.3,100.0,2.72,2.71,2.72,,,,0.35,2.15,0.0,0.0,0.75,0.0,200.0,0.0,25.0,0.0,0.0,0.0,0.0,10395.0,18191.0,2599.0,0.0,0.0,0.0,150729.0,18191.0,200105.0,2019-10-22,2019-10-21,2019,10
NP,33.6061,-117.9311,NP102919,2019-10-29 15:40:00+00:00,19.1,100.0,0.53,0.54,0.54,,,,0.0,1.32,0.0,0.0,0.42,0.0,200.0,0.0,25.0,0.0,0.0,2599.0,0.0,0.0,5198.0,0.0,2599.0,0.0,0.0,20790.0,2599.0,33784.0,2019-10-29,2019-10-28,2019,10
NP,33.6061,-117.9311,NP110519,2019-11-05 15:30:00+00:00,17.5,100.0,2.89,2.62,2.76,,,,0.11,1.26,0.0,0.0,0.6,0.0,200.0,0.0,25.0,0.0,0.0,0.0,2599.0,7796.0,0.0,0.0,0.0,0.0,0.0,80562.0,5198.0,96155.0,2019-11-05,2019-11-04,2019,11
NP,33.6061,-117.9311,NP111219,2019-11-12 14:50:00+00:00,17.9,100.0,1.43,1.4,1.42,,,,0.0,2.01,0.0,0.0,1.0,0.0,200.0,0.0,25.0,0.0,0.0,0.0,0.0,10395.0,0.0,0.0,0.0,0.0,0.0,41580.0,7796.0,59772.0,2019-11-12,2019-11-11,2019,11
NP,33.6061,-117.9311,NP111919,2019-11-19 17:20:00+00:00,17.2,100.0,3.0,2.89,2.95,,,,0.0,3.99,0.0,0.0,0.0,0.0,200.0,0.0,25.0,0.0,0.0,0.0,0.0,25988.0,5198.0,0.0,0.0,0.0,0.0,75364.0,31185.0,137735.0,2019-11-19,2019-11-18,2019,11
NP,33.6061,-117.9311,NP112619,2019-11-26 16:40:00+00:00,16.9,100.0,2.86,2.84,2.85,,,,0.0,1.7,0.0,0.0,0.36,0.0,200.0,0.0,25.0,0.0,0.0,0.0,2599.0,20790.0,10395.0,10395.0,0.0,0.0,0.0,135136.0,23389.0,202704.0,2019-11-26,2019-11-25,2019,11
NP,33.6061,-117.9311,NP120319,2019-12-03 16:00:00+00:00,15.9,100.0,4.79,4.5,4.65,,,,0.13,2.78,0.0,0.0,0.28,0.0,200.0,0.0,25.0,0.0,0.0,0.0,2599.0,7796.0,23389.0,0.0,0.0,15593.0,0.0,241686.0,57173.0,348235.0,2019-12-03,2019-12-02,2019,12
NP,33.6061,-117.9311,NP121019,2019-12-10 17:50:00+00:00,16.3,100.0,3.45,3.22,3.34,,,,0.1,2.59,0.0,0.0,0.64,0.0,200.0,0.0,25.0,0.0,2599.0,2599.0,7796.0,15593.0,7796.0,0.0,7796.0,0.0,0.0,41580.0,28586.0,114346.0,2019-12-10,2019-12-09,2019,12
NP,33.6061,-117.9311,NP121519,2019-12-15 23:45:00+00:00,16.0,100.0,5.07,5.41,5.24,,,,0.39,5.62,0.21,0.91,1.51,0.69,200.0,0.0,25.0,0.0,0.0,0.0,7796.0,28586.0,5198.0,10395.0,0.0,5198.0,0.0,158525.0,75364.0,291062.0,2019-12-15,2019-12-09,2019,12
NP,33.6061,-117.9311,NP123119,2019-12-31 19:45:00+00:00,15.0,100.0,2.31,2.34,2.33,,,,0.19,2.37,0.0,0.0,0.0,0.0,200.0,0.0,25.0,0.0,0.0,0.0,2599.0,18191.0,7796.0,10395.0,5198.0,2599.0,0.0,54574.0,49377.0,150729.0,2019-12-31,2019-12-30,2019,12
NP,33.6061,-117.9311,NP010620,2020-01-06 18:20:00+00:00,14.7,100.0,3.36,3.18,3.27,,,,0.19,2.23,0.0,0.0,0.31,0.0,200.0,0.0,25.0,5198.0,0.0,0.0,0.0,12994.0,7796.0,2599.0,0.0,2599.0,0.0,213099.0,20790.0,265075.0,2020-01-06,2020-01-06,2020,1
NP,33.6061,-117.9311,NP011320,2020-01-13 19:05:00+00:00,15.0,100.0,3.11,3.05,3.08,,,,0.29,1.69,0.0,0.0,0.51,0.0,200.0,0.0,25.0,0.0,5198.0,0.0,0.0,7796.0,59772.0,7796.0,0.0,0.0,0.0,418402.0,33784.0,532748.0,2020-01-13,2020-01-13,2020,1
NP,33.6061,-117.9311,NP012020,2020-01-20 17:45:00+00:00,14.9,100.0,3.5,3.37,3.44,,,,0.37,3.02,0.0,0.0,0.28,0.0,200.0,0.0,25.0,0.0,0.0,0.0,2599.0,18191.0,0.0,0.0,0.0,15593.0,0.0,116945.0,20790.0,174118.0,2020-01-20,2020-01-20,2020,1
NP,33.6061,-117.9311,NP012720,2020-01-27 16:30:00+00:00,14.9,100.0,2.59,2.51,2.55,,,,0.38,2.88,0.0,0.0,0.85,0.0,200.0,0.0,25.0,2599.0,0.0,0.0,0.0,15593.0,15593.0,5198.0,0.0,28586.0,0.0,96155.0,25988.0,189710.0,2020-01-27,2020-01-27,2020,1
NP,33.6061,-117.9311,NP020320,2020-02-03 17:45:00+00:00,14.4,100.0,7.5,6.98,7.24,,,,0.25,2.48,0.0,0.0,0.41,0.0,200.0,0.0,25.0,0.0,0.0,2599.0,5198.0,77963.0,7796.0,28586.0,5198.0,15593.0,0.0,301457.0,83161.0,527551.0,2020-02-03,2020-02-03,2020,2
NP,33.6061,-117.9311,NP021020,2020-02-10 16:50:00+00:00,14.4,100.0,2.11,2.02,2.07,,,,0.28,2.53,0.0,0.0,0.25,0.0,200.0,0.0,25.0,0.0,0.0,0.0,0.0,15593.0,5198.0,28586.0,0.0,0.0,0.0,116945.0,15593.0,181914.0,2020-02-10,2020-02-10,2020,2
NP,33.6061,-117.9311,NP021820,2020-02-18 17:20:00+00:00,15.2,100.0,1.73,1.69,1.71,,,,0.27,1.64,0.0,0.57,0.92,0.57,200.0,0.0,25.0,0.0,0.0,2599.0,0.0,2599.0,0.0,0.0,5198.0,0.0,0.0,129939.0,44179.0,184513.0,2020-02-18,2020-02-17,2020,2
NP,33.6061,-117.9311,NP022420,2020-02-24 19:00:00+00:00,15.6,100.0,1.71,1.53,1.62,,,,0.34,1.65,0.0,0.0,0.73,0.0,200.0,0.0,25.0,2599.0,0.0,0.0,0.0,7796.0,25988.0,5198.0,2599.0,0.0,0.0,187112.0,168920.0,400211.0,2020-02-24,2020-02-24,2020,2
NP,33.6061,-117.9311,NP030320,2020-03-03 18:20:00+00:00,15.2,100.0,2.65,2.89,2.77,,,,0.36,1.65,0.0,0.24,0.6,0.24,200.0,0.0,25.0,0.0,0.0,0.0,2599.0,12994.0,18191.0,20790.0,2599.0,0.0,0.0,267673.0,122142.0,446989.0,2020-03-03,2020-03-02,2020,3
NP,33.6061,-117.9311,NP030920,2020-03-09 18:30:00+00:00,16.1,100.0,1.97,1.89,1.93,,,,0.25,2.16,0.0,0.0,0.0,0.0,200.0,0.0,25.0,0.0,0.0,0.0,2599.0,36383.0,2599.0,7796.0,0.0,0.0,0.0,62371.0,148130.0,259877.0,2020-03-09,2020-03-09,2020,3
NP,33.6061,-117.9311,NP062320,2020-06-23 18:00:00+00:00,19.2,100.0,9.97,9.48,9.73,,,,0.23,4.86,0.0,0.0,0.32,0.0,200.0,0.0,25.0,0.0,0.0,7796.0,0.0,44179.0,0.0,0.0,2599.0,0.0,0.0,127340.0,725057.0,906971.0,2020-06-23,2020-06-22,2020,6
NP,33.6061,-117.9311,NP062920,2020-06-29 18:00:00+00:00,19.4,100.0,2.9,2.91,2.91,,,,0.25,3.99,0.0,0.0,0.49,0.0,200.0,0.0,25.0,0.0,0.0,0.0,0.0,15593.0,23389.0,0.0,7796.0,0.0,0.0,124741.0,90957.0,262476.0,2020-06-29,2020-06-29,2020,6
NP,33.6061,-117.9311,NP070620,2020-07-06 17:00:00+00:00,19.5,100.0,3.75,3.43,3.59,,,,0.25,5.0,0.0,0.0,0.25,0.0,200.0,0.0,25.0,0.0,2599.0,0.0,0.0,18191.0,7796.0,0.0,0.0,0.0,0.0,129939.0,127340.0,285865.0,2020-07-06,2020-07-06,2020,7
NP,33.6061,-117.9311,NP071320,2020-07-13 17:30:00+00:00,20.4,100.0,3.78,4.05,3.92,,,,0.2,2.17,0.0,0.0,1.04,0.0,200.0,0.0,25.0,0.0,0.0,5198.0,2599.0,18191.0,10395.0,0.0,5198.0,0.0,0.0,402810.0,231291.0,675681.0,2020-07-13,2020-07-13,2020,7
NP,33.6061,-117.9311,NP072020,2020-07-20 17:30:00+00:00,15.0,100.0,5.34,5.22,5.28,,,,0.43,5.57,0.0,0.35,1.45,0.35,200.0,0.0,25.0,0.0,0.0,0.0,18191.0,64969.0,5198.0,5198.0,23389.0,0.0,0.0,116945.0,545742.0,779631.0,2020-07-20,2020-07-20,2020,7
NP,33.6061,-117.9311,NP072720,2020-07-27 17:00:00+00:00,17.0,100.0,5.09,5.1,5.09,,,,0.28,3.24,0.0,0.0,0.23,0.0,200.0,0.0,25.0,0.0,0.0,2599.0,10395.0,41580.0,0.0,0.0,2599.0,80562.0,2599.0,96155.0,371624.0,608113.0,2020-07-27,2020-07-27,2020,7
NP,33.6061,-117.9311,NP080320,2020-08-03 18:15:00+00:00,18.6,100.0,1.82,3.09,2.45,,,,0.21,4.45,0.0,0.0,0.0,0.0,200.0,0.0,25.0,0.0,2599.0,0.0,2599.0,59772.0,15593.0,12994.0,0.0,0.0,0.0,122142.0,187112.0,402810.0,2020-08-03,2020-08-03,2020,8
NP,33.6061,-117.9311,NP081020,2020-08-10 18:15:00+00:00,18.5,100.0,6.22,6.3,6.26,,,,0.24,4.21,0.0,0.39,1.58,0.39,200.0,0.0,25.0,0.0,2599.0,7796.0,5198.0,140334.0,0.0,0.0,0.0,0.0,0.0,59772.0,366427.0,582125.0,2020-08-10,2020-08-10,2020,8
NP,33.6061,-117.9311,NP081720,2020-08-17 16:15:00+00:00,22.0,100.0,0.78,0.82,0.8,,,,0.16,1.95,0.0,0.0,0.0,0.0,200.0,0.0,25.0,0.0,0.0,0.0,0.0,0.0,36383.0,2599.0,0.0,0.0,0.0,72766.0,103951.0,215698.0,2020-08-17,2020-08-17,2020,8
NP,33.6061,-117.9311,NP082420,2020-08-24 17:15:00+00:00,24.0,100.0,1.96,1.95,1.95,,,,0.18,1.96,0.0,0.0,16.63,0.0,200.0,0.0,25.0,0.0,2599.0,0.0,0.0,7796.0,0.0,2599.0,2599.0,0.0,0.0,145531.0,220896.0,382019.0,2020-08-24,2020-08-24,2020,8
NP,33.6061,-117.9311,NP083120,2020-08-31 18:30:00+00:00,19.4,100.0,0.74,0.73,0.74,,,,0.13,1.53,0.0,0.0,0.0,0.0,200.0,0.0,25.0,0.0,0.0,0.0,0.0,5198.0,7796.0,2599.0,0.0,0.0,0.0,70167.0,142932.0,228692.0,2020-08-31,2020-08-31,2020,8
NP,33.6061,-117.9311,NP090720,2020-09-07 16:45:00+00:00,19.4,100.0,1.33,1.26,1.3,,,,0.14,3.27,0.0,-0.06,0.26,0.0,200.0,0.0,25.0,0.0,0.0,0.0,0.0,0.0,5198.0,2599.0,2599.0,0.0,0.0,88358.0,168920.0,267673.0,2020-09-07,2020-09-07,2020,9
NP,33.6061,-117.9311,NP091420,2020-09-14 18:00:00+00:00,18.8,100.0,3.58,3.65,3.62,,,,0.06,2.33,-0.02,-0.08,0.44,0.0,200.0,0.0,25.0,0.0,2599.0,0.0,0.0,15593.0,18191.0,0.0,10395.0,0.0,0.0,101352.0,382019.0,530149.0,2020-09-14,2020-09-14,2020,9
NP,33.6061,-117.9311,NP092120,2020-09-21 16:51:00+00:00,19.5,100.0,2.13,2.11,2.12,,,,0.06,2.78,0.0,-0.03,0.23,0.0,200.0,0.0,25.0,0.0,0.0,0.0,0.0,18191.0,5198.0,2599.0,2599.0,0.0,0.0,96155.0,236488.0,361229.0,2020-09-21,2020-09-21,2020,9
NP,33.6061,-117.9311,NP092820,2020-09-28 16:52:00+00:00,21.0,100.0,1.76,1.85,1.81,,,,0.15,1.62,-0.01,0.04,0.76,0.0,200.0,0.0,25.0,0.0,0.0,0.0,0.0,28586.0,5198.0,5198.0,0.0,0.0,0.0,28586.0,111747.0,179315.0,2020-09-28,2020-09-28,2020,9
NP,33.6061,-117.9311,NP100520,2020-10-05 16:30:00+00:00,20.4,100.0,1.94,1.8,1.87,,,,0.08,2.11,0.06,0.04,0.49,0.0,200.0,0.0,25.0,0.0,0.0,0.0,0.0,51975.0,51975.0,5198.0,0.0,0.0,0.0,101352.0,109148.0,319649.0,2020-10-05,2020-10-05,2020,10
NP,33.6061,-117.9311,NP101220,2020-10-12 17:30:00+00:00,20.8,100.0,1.84,1.94,1.89,,,,0.11,1.74,0.06,0.02,0.71,0.0,200.0,0.0,25.0,0.0,0.0,0.0,0.0,15593.0,7796.0,10395.0,0.0,0.0,0.0,205303.0,270272.0,509359.0,2020-10-12,2020-10-12,2020,10
NP,33.6061,-117.9311,NP101920,2020-10-19 17:30:00+00:00,21.1,100.0,2.04,2.17,2.11,,,,0.11,1.99,-0.01,-0.03,0.24,0.0,200.0,0.0,25.0,0.0,0.0,0.0,0.0,7796.0,18191.0,0.0,0.0,0.0,0.0,54574.0,296260.0,376822.0,2020-10-19,2020-10-19,2020,10
NP,33.6061,-117.9311,NP102620,2020-10-26 17:30:00+00:00,14.8,100.0,2.81,2.76,2.79,,,,0.33,3.61,0.11,0.4,0.65,0.3,200.0,0.0,25.0,0.0,0.0,0.0,2599.0,2599.0,10395.0,2599.0,0.0,7796.0,0.0,93556.0,288464.0,408007.0,2020-10-26,2020-10-26,2020,10
NP,33.6061,-117.9311,NP110220,2020-11-02 17:45:00+00:00,19.0,100.0,0.88,0.92,0.9,,,,0.05,1.49,-0.02,-0.01,0.6,0.0,200.0,0.0,25.0,0.0,0.0,0.0,0.0,0.0,15593.0,2599.0,2599.0,2599.0,0.0,124741.0,129939.0,278069.0,2020-11-02,2020-11-02,2020,11
NP,33.6061,-117.9311,NP110920,2020-11-09 17:50:00+00:00,14.8,100.0,6.3,6.54,6.42,,,,0.29,4.05,0.07,0.77,0.27,0.77,200.0,0.0,25.0,0.0,0.0,2599.0,0.0,2599.0,41580.0,20790.0,0.0,0.0,0.0,1021317.0,262476.0,1351361.0,2020-11-09,2020-11-09,2020,11
NP,33.6061,-117.9311,NP111620,2020-11-16 18:00:00+00:00,14.6,100.0,6.94,6.99,6.79,,,,0.28,3.94,0.08,0.46,0.12,0.46,200.0,0.0,25.0,0.0,0.0,0.0,2599.0,31185.0,10395.0,38982.0,12994.0,2599.0,0.0,335242.0,231291.0,665285.0,2020-11-16,2020-11-16,2020,11
NP,33.6061,-117.9311,NP112320,2020-11-23 17:30:00+00:00,14.8,100.0,5.8,5.79,5.8,,,,0.27,3.56,0.0,0.08,0.6,0.0,200.0,0.0,25.0,0.0,0.0,2599.0,2599.0,18191.0,0.0,0.0,0.0,0.0,0.0,148130.0,324846.0,496365.0,2020-11-23,2020-11-23,2020,11
NP,33.6061,-117.9311,NP113020,2020-11-30 17:40:00+00:00,15.4,100.0,4.25,4.43,4.34,,,,0.15,3.1,0.0,-0.05,0.16,0.0,200.0,0.0,25.0,0.0,0.0,0.0,0.0,46778.0,2599.0,5198.0,5198.0,0.0,0.0,98753.0,400211.0,558736.0,2020-11-30,2020-11-30,2020,11
NP,33.6061,-117.9311,NP120720,2020-12-07 18:40:00+00:00,14.6,100.0,5.98,6.5,6.24,,,,0.21,3.56,-0.03,0.02,0.26,0.0,200.0,0.0,25.0,0.0,0.0,0.0,0.0,23389.0,0.0,5198.0,5198.0,0.0,0.0,44179.0,527551.0,605514.0,2020-12-07,2020-12-07,2020,12
NP,33.6061,-117.9311,NP121420,2020-12-14 18:00:00+00:00,15.4,100.0,1.78,1.72,1.75,,,,0.23,2.94,0.04,0.01,1.14,0.0,200.0,0.0,25.0,0.0,0.0,2599.0,0.0,20790.0,2599.0,0.0,0.0,0.0,0.0,28586.0,168920.0,223494.0,2020-12-14,2020-12-14,2020,12
NP,33.6061,-117.9311,NP122120,2020-12-21 18:30:00+00:00,15.2,100.0,2.88,3.25,3.06,,,,0.2,3.0,-0.01,-0.02,0.42,0.0,200.0,0.0,25.0,0.0,0.0,0.0,0.0,7796.0,0.0,5198.0,2599.0,0.0,0.0,88358.0,202704.0,306655.0,2020-12-21,2020-12-21,2020,12
NP,33.6061,-117.9311,NP122820,2020-12-28 18:40:00+00:00,14.8,100.0,2.6,2.69,2.65,,,,0.23,2.74,0.02,-0.06,0.59,0.0,200.0,0.0,25.0,0.0,0.0,0.0,0.0,7796.0,0.0,0.0,10395.0,0.0,0.0,88358.0,168920.0,275470.0,2020-12-28,2020-12-28,2020,12
NP,33.6061,-117.9311,NP010421,2021-01-04 18:30:00+00:00,14.8,100.0,3.2,3.26,3.23,,,,0.31,3.7,0.05,0.47,0.78,0.47,200.0,0.0,25.0,0.0,0.0,0.0,0.0,5198.0,18191.0,18191.0,5198.0,0.0,0.0,275470.0,311853.0,634100.0,2021-01-04,2021-01-04,2021,1
NP,33.6061,-117.9311,NP011121,2021-01-11 18:30:00+00:00,14.1,100.0,8.71,8.37,8.54,,,,0.44,3.58,0.06,0.4,2.64,0.4,200.0,0.0,25.0,0.0,0.0,2599.0,12994.0,25988.0,12994.0,33784.0,2599.0,7796.0,0.0,272871.0,597717.0,969342.0,2021-01-11,2021-01-11,2021,1
NP,33.6061,-117.9311,NP020121,2021-02-01 17:30:00+00:00,14.0,100.0,6.04,6.46,6.25,,,,,,,,,,200.0,0.0,25.0,0.0,0.0,0.0,7796.0,12994.0,0.0,25988.0,7796.0,0.0,0.0,10395.0,25988.0,90957.0,2021-02-01,2021-02-01,2021,2
NP,33.6061,-117.9311,NP020821,2021-02-08 18:00:00+00:00,14.0,100.0,3.65,3.77,3.71,,,,,,,,,,200.0,0.0,25.0,0.0,0.0,2599.0,7796.0,7796.0,166321.0,64969.0,7796.0,0.0,2599.0,80562.0,23389.0,361229.0,2021-02-08,2021-02-08,2021,2
NP,33.6061,-117.9311,NP021521,2021-02-15 16:30:00+00:00,14.1,100.0,5.9,5.93,5.92,,,,0.39,4.8,0.06,1.56,0.14,1.56,200.0,0.0,25.0,0.0,0.0,0.0,28586.0,15593.0,77963.0,72766.0,2599.0,0.0,2599.0,111747.0,31185.0,343038.0,2021-02-15,2021-02-15,2021,2
NP,33.6061,-117.9311,NP022221,2021-02-22 17:30:00+00:00,13.9,100.0,4.41,4.06,4.23,,,,1.01,2.55,0.01,0.67,5.38,0.67,200.0,0.0,25.0,0.0,0.0,0.0,5198.0,5198.0,18191.0,49377.0,2599.0,0.0,0.0,194908.0,18191.0,293661.0,2021-02-22,2021-02-22,2021,2
NP,33.6061,-117.9311,NP030121,2021-03-01 17:00:00+00:00,14.0,100.0,4.09,5.02,4.56,,,,0.41,1.93,-0.01,0.2,1.3,0.0,200.0,0.0,25.0,0.0,0.0,2599.0,51975.0,10395.0,10395.0,7796.0,7796.0,2599.0,0.0,28586.0,36383.0,158525.0,2021-03-01,2021-03-01,2021,3
NP,33.6061,-117.9311,NP030821,2021-03-08 17:00:00+00:00,15.0,100.0,3.73,3.63,3.68,,,,0.49,4.28,0.15,1.93,1.13,1.78,200.0,0.0,25.0,0.0,0.0,0.0,10395.0,12994.0,33784.0,12994.0,10395.0,0.0,0.0,57173.0,36383.0,174118.0,2021-03-08,2021-03-08,2021,3
NP,33.6061,-117.9311,NP031521,2021-03-15 16:00:00+00:00,15.0,100.0,9.49,10.2,9.85,,,,0.24,3.0,0.07,0.42,2.86,0.42,200.0,0.0,25.0,0.0,0.0,0.0,46778.0,33784.0,0.0,0.0,33784.0,5198.0,5198.0,41580.0,41580.0,207902.0,2021-03-15,2021-03-15,2021,3
NP,33.6061,-117.9311,NP032921,2021-03-29 16:30:00+00:00,14.0,100.0,5.1,4.78,4.94,,,,0.28,3.39,0.02,0.08,0.38,0.0,200.0,0.0,25.0,0.0,0.0,0.0,31185.0,85759.0,5198.0,59772.0,36383.0,5198.0,0.0,41580.0,36383.0,301457.0,2021-03-29,2021-03-29,2021,3
NP,33.6061,-117.9311,NP040521,2021-04-05 15:30:00+00:00,15.4,100.0,5.7,6.06,5.88,,,,0.43,6.27,0.05,0.67,2.06,0.67,200.0,0.0,25.0,0.0,0.0,0.0,12994.0,36383.0,0.0,28586.0,10395.0,0.0,0.0,51975.0,31185.0,171519.0,2021-04-05,2021-04-05,2021,4
NP,33.6061,-117.9311,NP041221,2021-04-12 16:30:00+00:00,16.2,100.0,3.9,3.86,3.88,,,,0.33,3.85,0.03,0.51,1.83,0.51,200.0,0.0,25.0,0.0,0.0,0.0,7796.0,57173.0,0.0,5198.0,0.0,0.0,0.0,49377.0,38982.0,158525.0,2021-04-12,2021-04-12,2021,4
NP,33.6061,-117.9311,NP041921,2021-04-19 17:00:00+00:00,15.6,100.0,7.69,7.84,7.77,,,,0.23,2.91,-0.02,0.03,0.28,0.0,200.0,0.0,25.0,0.0,0.0,0.0,41580.0,106550.0,0.0,0.0,0.0,2599.0,0.0,23389.0,33784.0,207902.0,2021-04-19,2021-04-19,2021,4
NP,33.6061,-117.9311,NP042621,2021-04-26 16:30:00+00:00,14.6,100.0,5.63,5.54,5.59,,,,0.19,4.2,-0.02,0.06,0.6,0.0,200.0,0.0,25.0,0.0,0.0,0.0,12994.0,67568.0,20790.0,15593.0,5198.0,15593.0,0.0,41580.0,31185.0,210500.0,2021-04-26,2021-04-26,2021,4
NP,33.6061,-117.9311,NP050321,2021-05-03 16:30:00+00:00,15.8,100.0,6.9,6.95,6.93,,,,0.38,7.92,0.03,0.32,0.41,0.32,200.0,0.1,25.0,0.0,0.0,0.0,5198.0,46778.0,270272.0,171519.0,0.0,25988.0,0.0,57173.0,25988.0,602915.0,2021-05-03,2021-05-03,2021,5
NP,33.6061,-117.9311,NP051021,2021-05-10 16:00:00+00:00,16.8,100.0,3.48,3.41,3.45,,,,0.44,8.23,0.04,1.01,0.71,1.01,200.0,0.73,25.0,0.0,0.0,0.0,0.0,12994.0,1018718.0,142932.0,0.0,0.0,0.0,38982.0,5198.0,1218824.0,2021-05-10,2021-05-10,2021,5
NP,33.6061,-117.9311,NP051721,2021-05-17 16:00:00+00:00,16.0,100.0,10.16,7.93,9.05,,,,0.17,5.26,-0.01,-0.02,0.31,0.0,200.0,0.0,25.0,0.0,0.0,2599.0,33784.0,366427.0,44179.0,2599.0,15593.0,0.0,0.0,12994.0,33784.0,511958.0,2021-05-17,2021-05-17,2021,5
NP,33.6061,-117.9311,NP052421,2021-05-24 17:30:00+00:00,17.2,100.0,2.46,2.35,2.4,,,,0.08,1.35,-0.03,-0.03,0.47,0.0,200.0,0.0,25.0,0.0,0.0,2599.0,2599.0,49377.0,0.0,0.0,2599.0,0.0,0.0,10395.0,15593.0,83161.0,2021-05-24,2021-05-24,2021,5
NP,33.6061,-117.9311,NP053121,2021-05-31 15:30:00+00:00,17.2,100.0,2.11,2.03,2.07,,,,0.2,3.44,-0.05,0.03,0.42,0.0,200.0,0.0,25.0,0.0,0.0,5198.0,15593.0,38982.0,5198.0,0.0,2599.0,0.0,0.0,18191.0,18191.0,103951.0,2021-05-31,2021-05-31,2021,5
NP,33.6061,-117.9311,NP060721,2021-06-07 16:00:00+00:00,18.0,100.0,2.21,2.41,2.31,,,,0.2,4.95,-0.01,-0.01,0.24,0.0,200.0,0.0,25.0,0.0,0.0,5198.0,0.0,7796.0,0.0,7796.0,0.0,0.0,0.0,31185.0,49377.0,101352.0,2021-06-07,2021-06-07,2021,6
NP,33.6061,-117.9311,NP061421,2021-06-14 14:30:00+00:00,17.2,100.0,1.88,2.03,1.96,,,,0.19,2.86,-0.05,0.07,0.4,0.0,200.0,0.0,25.0,0.0,2599.0,0.0,12994.0,7796.0,0.0,5198.0,0.0,0.0,0.0,33784.0,77963.0,140334.0,2021-06-14,2021-06-14,2021,6
NP,33.6061,-117.9311,NP062121,2021-06-21 16:15:00+00:00,18.4,100.0,2.96,3.03,2.99,,,,0.1,1.34,0.0,0.01,0.28,0.0,200.0,0.0,25.0,0.0,0.0,2599.0,20790.0,12994.0,10395.0,2599.0,10395.0,0.0,0.0,54574.0,49377.0,163723.0,2021-06-21,2021-06-21,2021,6
NP,33.6061,-117.9311,NP062821,2021-06-28 16:05:00+00:00,19.4,100.0,0.73,0.7,0.72,,,,0.31,1.01,0.02,0.1,0.64,0.08,200.0,0.0,25.0,0.0,0.0,0.0,2599.0,0.0,0.0,0.0,0.0,0.0,0.0,20790.0,5198.0,28586.0,2021-06-28,2021-06-28,2021,6
NP,33.6061,-117.9311,NP070521,2021-07-05 15:40:00+00:00,19.8,100.0,2.52,2.5,2.51,,,,0.13,0.9,0.04,0.08,0.65,0.04,200.0,0.0,25.0,0.0,0.0,0.0,7796.0,7796.0,0.0,0.0,2599.0,0.0,0.0,10395.0,10395.0,38982.0,2021-07-05,2021-07-05,2021,7
NP,33.6061,-117.9311,NP071221,2021-07-12 16:00:00+00:00,20.4,100.0,1.21,1.15,1.18,,,,0.12,1.19,0.03,0.31,0.2,0.27,200.0,0.0,25.0,0.0,0.0,0.0,2599.0,2599.0,0.0,0.0,2599.0,0.0,0.0,10395.0,5198.0,23389.0,2021-07-12,2021-07-12,2021,7
NP,33.6061,-117.9311,NP071921,2021-07-19 16:00:00+00:00,20.8,100.0,0.7,0.79,0.74,,,,0.15,0.42,0.04,0.61,0.92,0.57,200.0,0.0,25.0,0.0,0.0,0.0,10395.0,2599.0,0.0,0.0,0.0,0.0,0.0,7796.0,7796.0,28586.0,2021-07-19,2021-07-19,2021,7
NP,33.6061,-117.9311,NP072621,2021-07-26 16:15:00+00:00,20.2,100.0,1.16,1.25,1.21,,,,0.07,0.23,0.03,0.42,0.96,0.38,200.0,0.0,25.0,0.0,0.0,0.0,0.0,0.0,31185.0,0.0,0.0,0.0,0.0,44179.0,15593.0,90957.0,2021-07-26,2021-07-26,2021,7
NP,33.6061,-117.9311,NP080221,2021-08-02 17:00:00+00:00,16.6,100.0,5.22,5.24,5.23,,,,0.44,1.52,0.03,0.43,0.99,0.4,200.0,0.0,25.0,0.0,0.0,0.0,41580.0,31185.0,0.0,0.0,2599.0,0.0,0.0,7796.0,18191.0,101352.0,2021-08-02,2021-08-02,2021,8
NP,33.6061,-117.9311,NP080921,2021-08-09 17:00:00+00:00,19.6,100.0,1.15,1.15,1.15,,,,0.26,0.83,0.03,0.31,1.5,0.27,200.0,0.0,25.0,0.0,0.0,0.0,0.0,10395.0,0.0,0.0,2599.0,0.0,0.0,18191.0,12994.0,44179.0,2021-08-09,2021-08-09,2021,8
NP,33.6061,-117.9311,NP081621,2021-08-16 15:30:00+00:00,19.4,100.0,2.67,2.59,2.63,,,,0.24,1.93,0.02,0.03,0.31,0.01,200.0,0.0,25.0,0.0,0.0,0.0,20790.0,7796.0,0.0,0.0,2599.0,0.0,0.0,12994.0,33784.0,77963.0,2021-08-16,2021-08-16,2021,8
NP,33.6061,-117.9311,NP082321,2021-08-23 17:00:00+00:00,18.8,100.0,2.98,3.11,3.05,,,,0.18,1.86,0.03,0.68,0.27,0.66,200.0,0.0,25.0,2599.0,0.0,0.0,36383.0,20790.0,0.0,2599.0,5198.0,0.0,0.0,5198.0,28586.0,101352.0,2021-08-23,2021-08-23,2021,8
NP,33.6061,-117.9311,NP083021,2021-08-30 17:00:00+00:00,17.2,100.0,25.26,19.42,22.34,,,,0.39,3.71,0.02,0.25,0.49,0.23,200.0,0.1,25.0,5198.0,0.0,0.0,493767.0,23389.0,0.0,0.0,0.0,0.0,0.0,2599.0,44179.0,569131.0,2021-08-30,2021-08-30,2021,8
NP,33.6061,-117.9311,NP090621,2021-09-06 17:30:00+00:00,19.0,100.0,1.42,1.51,1.46,,,,0.2,2.93,0.02,0.21,0.08,0.19,200.0,0.0,25.0,0.0,0.0,0.0,5198.0,5198.0,0.0,0.0,0.0,0.0,0.0,2599.0,12994.0,25988.0,2021-09-06,2021-09-06,2021,9
NP,33.6061,-117.9311,NP091321,2021-09-13 17:30:00+00:00,15.0,100.0,6.62,6.65,6.64,,,,0.38,3.46,0.03,0.32,0.54,0.3,200.0,0.0,25.0,0.0,0.0,0.0,44179.0,12994.0,0.0,0.0,2599.0,0.0,0.0,10395.0,31185.0,101352.0,2021-09-13,2021-09-13,2021,9
NP,33.6061,-117.9311,NP092021,2021-09-20 16:00:00+00:00,17.3,100.0,2.27,1.87,2.07,,,,0.28,2.03,0.03,0.22,1.03,0.19,200.0,0.1,25.0,2599.0,0.0,0.0,15593.0,2599.0,0.0,0.0,2599.0,0.0,0.0,7796.0,18191.0,49377.0,2021-09-20,2021-09-20,2021,9
NP,33.6061,-117.9311,NP092721,2021-09-27 15:30:00+00:00,17.0,100.0,2.03,1.96,1.99,,,,0.21,1.29,0.03,0.68,2.17,0.64,200.0,0.0,25.0,0.0,0.0,0.0,0.0,0.0,0.0,0.0,0.0,0.0,0.0,7796.0,7796.0,15593.0,2021-09-27,2021-09-27,2021,9
NP,33.6061,-117.9311,NP100421,2021-10-04 16:30:00+00:00,18.5,100.0,1.65,1.78,1.71,,,,0.27,3.41,0.04,0.19,1.33,0.15,200.0,0.0,25.0,0.0,0.0,0.0,2599.0,0.0,0.0,0.0,0.0,0.0,0.0,2599.0,10395.0,15593.0,2021-10-04,2021-10-04,2021,10
NP,33.6061,-117.9311,NP101121,2021-10-11 16:30:00+00:00,17.0,100.0,2.63,2.62,2.62,,,,0.37,2.44,0.05,0.37,1.47,0.32,200.0,0.0,25.0,0.0,0.0,0.0,18191.0,7796.0,0.0,0.0,5198.0,0.0,0.0,23389.0,10395.0,64969.0,2021-10-11,2021-10-11,2021,10
NP,33.6061,-117.9311,NP101821,2021-10-18 16:00:00+00:00,16.2,100.0,1.71,2.0,1.86,,,,0.33,3.19,-0.02,0.16,0.23,0.18,200.0,0.0,25.0,0.0,0.0,0.0,5198.0,7796.0,5198.0,7796.0,2599.0,0.0,0.0,15593.0,23389.0,67568.0,2021-10-18,2021-10-18,2021,10
NP,33.6061,-117.9311,NP102521,2021-10-25 16:00:00+00:00,16.0,100.0,8.55,9.19,8.87,,,,0.39,5.77,0.06,0.7,2.95,0.64,200.0,0.0,25.0,0.0,0.0,0.0,12994.0,10395.0,0.0,0.0,28586.0,0.0,0.0,2599.0,25988.0,80562.0,2021-10-25,2021-10-25,2021,10
NP,33.6061,-117.9311,NP110121,2021-11-01 16:00:00+00:00,15.5,100.0,4.6,4.61,4.61,,,,0.37,2.54,0.03,0.79,2.94,0.76,200.0,0.0,25.0,0.0,0.0,0.0,44179.0,5198.0,0.0,0.0,25988.0,0.0,5198.0,7796.0,7796.0,96155.0,2021-11-01,2021-11-01,2021,11
NP,33.6061,-117.9311,NP110821,2021-11-08 16:30:00+00:00,17.5,100.0,3.05,2.99,3.02,,,,0.28,4.78,0.06,0.47,2.51,0.41,200.0,0.0,25.0,0.0,0.0,0.0,18191.0,7796.0,0.0,0.0,5198.0,0.0,0.0,10395.0,18191.0,59772.0,2021-11-08,2021-11-08,2021,11
NP,33.6061,-117.9311,NP111521,2021-11-15 17:30:00+00:00,17.5,100.0,2.77,2.55,2.66,,,,0.23,5.09,0.04,0.18,0.27,0.14,200.0,0.0,25.0,0.0,0.0,0.0,5198.0,10395.0,0.0,0.0,0.0,0.0,0.0,7796.0,15593.0,38982.0,2021-11-15,2021-11-15,2021,11
NP,33.6061,-117.9311,NP112221,2021-11-22 18:00:00+00:00,17.0,100.0,2.6,2.4,2.5,,,,0.34,2.35,0.09,0.3,1.89,0.21,200.0,0.0,25.0,0.0,0.0,0.0,12994.0,2599.0,0.0,0.0,2599.0,0.0,2599.0,10395.0,15593.0,46778.0,2021-11-22,2021-11-22,2021,11
NP,33.6061,-117.9311,NP120621,2021-12-06 18:30:00+00:00,16.0,100.0,2.12,2.52,2.32,,,,0.3,2.13,0.05,0.26,0.31,0.2,200.0,0.0,25.0,0.0,0.0,2599.0,10395.0,2599.0,0.0,0.0,10395.0,0.0,2599.0,0.0,12994.0,41580.0,2021-12-06,2021-12-06,2021,12
NP,33.6061,-117.9311,NP121321,2021-12-13 18:30:00+00:00,15.0,100.0,2.99,3.19,3.09,,,,0.36,2.45,0.06,0.4,1.3,0.35,200.0,0.0,25.0,0.0,0.0,0.0,41580.0,7796.0,0.0,0.0,12994.0,0.0,0.0,5198.0,12994.0,80562.0,2021-12-13,2021-12-13,2021,12
NP,33.6061,-117.9311,NP122021,2021-12-20 17:30:00+00:00,15.5,100.0,3.59,3.46,3.52,,,,0.33,2.25,0.03,0.09,0.74,0.06,200.0,0.0,25.0,7796.0,0.0,0.0,2599.0,2599.0,0.0,0.0,0.0,0.0,0.0,5198.0,7796.0,25988.0,2021-12-20,2021-12-20,2021,12
NP,33.6061,-117.9311,NP010322,2022-01-03 17:30:00+00:00,15.1,100.0,4.93,4.97,4.95,,,,0.44,2.53,0.11,1.32,0.73,1.21,200.0,0.0,25.0,18191.0,0.0,0.0,2599.0,2599.0,0.0,0.0,0.0,0.0,0.0,18191.0,2599.0,44179.0,2022-01-03,2022-01-03,2022,1
NP,33.6061,-117.9311,NP011022,2022-01-10 17:30:00+00:00,14.4,100.0,13.37,13.99,13.68,,,,0.31,3.12,0.03,0.14,0.14,0.11,200.0,0.0,25.0,75364.0,0.0,0.0,62371.0,7796.0,0.0,0.0,7796.0,7796.0,0.0,5198.0,31185.0,197507.0,2022-01-10,2022-01-10,2022,1
NP,33.6061,-117.9311,NP011722,2022-01-17 18:00:00+00:00,15.0,100.0,1.77,1.82,1.8,,,,0.37,2.16,0.02,0.43,0.44,0.4,200.0,0.0,25.0,2599.0,0.0,0.0,18191.0,0.0,0.0,0.0,5198.0,0.0,0.0,7796.0,7796.0,41580.0,2022-01-17,2022-01-17,2022,1
NP,33.6061,-117.9311,NP012422,2022-01-24 18:30:00+00:00,15.0,100.0,11.15,11.13,11.14,,,,0.53,3.32,0.06,0.63,0.52,0.57,200.0,0.0,25.0,62371.0,0.0,0.0,7796.0,15593.0,0.0,0.0,2599.0,0.0,2599.0,0.0,18191.0,109148.0,2022-01-24,2022-01-24,2022,1
NP,33.6061,-117.9311,NP013122,2022-01-31 18:00:00+00:00,14.5,100.0,3.91,4.03,3.97,,,,0.4,3.55,0.02,0.02,0.14,-0.01,200.0,0.0,25.0,23389.0,0.0,0.0,5198.0,2599.0,0.0,0.0,5198.0,0.0,0.0,2599.0,2599.0,41580.0,2022-01-31,2022-01-31,2022,1
NP,33.6061,-117.9311,NP020722,2022-02-07 18:30:00+00:00,14.8,100.0,3.58,3.24,3.41,,,,0.24,3.86,0.0,0.0,0.33,0.0,200.0,0.2,25.0,5198.0,0.0,0.0,2599.0,5198.0,46778.0,77963.0,0.0,0.0,0.0,10395.0,2599.0,150729.0,2022-02-07,2022-02-07,2022,2
NP,33.6061,-117.9311,NP021422,2022-02-14 18:30:00+00:00,15.2,100.0,1.84,1.84,1.84,,,,0.16,0.0,0.0,-0.01,0.31,0.0,200.0,0.0,25.0,0.0,0.0,0.0,10395.0,12994.0,38982.0,5198.0,5198.0,0.0,0.0,28586.0,5198.0,101352.0,2022-02-14,2022-02-14,2022,2
NP,33.6061,-117.9311,NP022122,2022-02-21 18:00:00+00:00,14.5,100.0,3.42,3.36,3.39,,,,0.31,3.18,0.0,0.07,0.87,0.0,200.0,0.0,25.0,5198.0,0.0,0.0,5198.0,2599.0,10395.0,0.0,0.0,0.0,0.0,12994.0,7796.0,44179.0,2022-02-21,2022-02-21,2022,2
NP,33.6061,-117.9311,NP022822,2022-02-28 18:00:00+00:00,14.0,100.0,9.35,8.53,8.94,,,,0.45,4.72,0.13,2.32,0.89,2.2,200.0,0.0,25.0,15593.0,0.0,0.0,5198.0,2599.0,20790.0,18191.0,0.0,0.0,0.0,109148.0,7796.0,179315.0,2022-02-28,2022-02-28,2022,2
NP,33.6061,-117.9311,NP030722,2022-03-07 17:15:00+00:00,14.2,100.0,4.67,4.92,4.8,,,,0.31,1.59,0.0,0.9,0.39,0.9,200.0,0.0,25.0,0.0,2599.0,0.0,7796.0,0.0,49377.0,0.0,2599.0,0.0,0.0,67568.0,12994.0,142932.0,2022-03-07,2022-03-07,2022,3
NP,33.6061,-117.9311,NP031422,2022-03-14 17:00:00+00:00,15.3,100.0,3.25,3.2,3.23,,,,0.36,0.0,0.0,0.05,2.39,0.0,200.0,0.0,25.0,0.0,0.0,0.0,5198.0,2599.0,23389.0,7796.0,0.0,0.0,0.0,64969.0,15593.0,119543.0,2022-03-14,2022-03-14,2022,3
NP,33.6061,-117.9311,NP032122,2022-03-21 16:30:00+00:00,14.8,100.0,5.06,5.24,5.15,,,,0.35,2.14,0.0,1.01,2.16,1.0,200.0,0.0,25.0,0.0,0.0,0.0,2599.0,5198.0,7796.0,10395.0,10395.0,0.0,0.0,72766.0,15593.0,124741.0,2022-03-21,2022-03-21,2022,3
NP,33.6061,-117.9311,NP032822,2022-03-28 17:30:00+00:00,15.3,100.0,2.16,1.95,2.06,,,,0.19,1.7,0.0,0.15,0.62,0.0,200.0,0.0,25.0,5198.0,0.0,0.0,2599.0,10395.0,5198.0,10395.0,0.0,0.0,0.0,36383.0,10395.0,80562.0,2022-03-28,2022-03-28,2022,3
NP,33.6061,-117.9311,NP040422,2022-04-04 17:00:00+00:00,14.5,100.0,11.26,12.93,12.1,,,,0.46,6.61,0.0,0.04,0.72,0.0,200.0,0.0,25.0,15593.0,7796.0,0.0,0.0,12994.0,0.0,2599.0,0.0,0.0,0.0,5198.0,12994.0,57173.0,2022-04-04,2022-04-04,2022,4
NP,33.6061,-117.9311,NP041122,2022-04-11 17:00:00+00:00,15.4,100.0,2.83,2.99,2.91,,,,0.21,2.3,0.0,0.03,0.84,0.0,200.0,0.0,25.0,0.0,0.0,0.0,15593.0,31185.0,0.0,0.0,2599.0,0.0,0.0,31185.0,10395.0,90957.0,2022-04-11,2022-04-11,2022,4
NP,33.6061,-117.9311,NP041822,2022-04-18 18:00:00+00:00,14.3,100.0,6.81,7.57,7.19,,,,0.49,10.39,0.0,0.49,0.63,0.5,200.0,0.0,25.0,33784.0,0.0,0.0,15593.0,7796.0,0.0,0.0,5198.0,5198.0,,28586.0,23389.0,119543.0,2022-04-18,2022-04-18,2022,4
NP,33.6061,-117.9311,NP042522,2022-04-25 17:30:00+00:00,14.1,100.0,78.07,78.05,78.06,,,,0.49,10.91,0.0,-0.02,0.62,0.0,200.0,0.0,25.0,444390.0,0.0,0.0,20790.0,10395.0,5198.0,12994.0,7796.0,0.0,0.0,10395.0,31185.0,543143.0,2022-04-25,2022-04-25,2022,4
NP,33.6061,-117.9311,NP050222,2022-05-02 17:00:00+00:00,16.0,100.0,6.08,5.98,6.03,,,,0.21,2.12,0.0,0.07,1.61,0.0,200.0,0.0,25.0,15593.0,0.0,0.0,12994.0,23389.0,18191.0,28586.0,2599.0,0.0,0.0,70167.0,25988.0,197507.0,2022-05-02,2022-05-02,2022,5
NP,33.6061,-117.9311,NP050922,2022-05-09 17:00:00+00:00,17.1,100.0,5.97,6.05,6.01,,,,0.41,4.92,0.0,0.0,2.23,0.0,200.0,0.0,25.0,2599.0,0.0,0.0,7796.0,12994.0,7796.0,0.0,7796.0,0.0,0.0,25988.0,20790.0,85759.0,2022-05-09,2022-05-09,2022,5
NP,33.6061,-117.9311,NP052322,2022-05-23 17:00:00+00:00,16.2,100.0,,,,,,,0.23,2.45,0.0,0.24,0.85,0.24,200.0,0.0,25.0,0.0,0.0,0.0,0.0,15593.0,7796.0,0.0,0.0,0.0,0.0,0.0,2599.0,25988.0,2022-05-23,2022-05-23,2022,5
NP,33.6061,-117.9311,NP053122,2022-05-31 17:00:00+00:00,17.2,100.0,1.33,1.36,1.34,,,,0.16,2.82,0.0,0.0,0.45,0.0,200.0,0.0,25.0,0.0,0.0,0.0,5198.0,2599.0,0.0,0.0,0.0,0.0,0.0,0.0,2599.0,10395.0,2022-05-31,2022-05-30,2022,5
NP,33.6061,-117.9311,NP060622,2022-06-06 17:00:00+00:00,19.0,100.0,1.16,1.17,1.16,,,,0.22,2.36,0.0,0.0,0.83,0.0,200.0,0.0,25.0,0.0,0.0,0.0,10395.0,0.0,0.0,0.0,2599.0,0.0,0.0,0.0,0.0,12994.0,2022-06-06,2022-06-06,2022,6
NP,33.6061,-117.9311,NP061322,2022-06-13 17:30:00+00:00,17.0,100.0,1.38,1.39,1.38,,,,0.29,4.23,0.0,0.21,0.74,0.21,200.0,0.0,25.0,0.0,0.0,0.0,5198.0,7796.0,0.0,0.0,0.0,0.0,0.0,12994.0,7796.0,33784.0,2022-06-13,2022-06-13,2022,6
NP,33.6061,-117.9311,NP062022,2022-06-20 16:00:00+00:00,19.0,100.0,2.57,2.64,2.61,,,,0.16,2.84,0.0,0.34,1.52,0.34,200.0,0.0,25.0,0.0,0.0,0.0,20790.0,2599.0,0.0,0.0,0.0,0.0,0.0,12994.0,25988.0,62371.0,2022-06-20,2022-06-20,2022,6
NP,33.6061,-117.9311,NP062722,2022-06-27 16:30:00+00:00,19.3,100.0,1.13,1.27,1.2,,,,0.19,1.87,0.0,0.4,1.37,0.4,200.0,0.0,25.0,0.0,0.0,0.0,0.0,5198.0,0.0,0.0,5198.0,0.0,0.0,2599.0,18191.0,31185.0,2022-06-27,2022-06-27,2022,6
NP,33.6061,-117.9311,NP070522,2022-07-05 17:30:00+00:00,18.3,100.0,3.64,3.78,3.71,,,,0.23,2.96,0.0,0.55,1.92,0.55,200.0,0.0,25.0,0.0,0.0,5198.0,7796.0,23389.0,0.0,0.0,5198.0,0.0,0.0,7796.0,18191.0,67568.0,2022-07-05,2022-07-04,2022,7
NP,33.6061,-117.9311,NP071122,2022-07-11 17:00:00+00:00,18.2,100.0,5.36,5.18,5.27,,,,0.28,3.52,0.0,0.0,0.8,0.0,200.0,0.0,25.0,0.0,0.0,2599.0,41580.0,15593.0,5198.0,0.0,12994.0,0.0,2599.0,10395.0,25988.0,116945.0,2022-07-11,2022-07-11,2022,7
NP,33.6061,-117.9311,NP071822,2022-07-18 17:30:00+00:00,19.4,100.0,2.2,2.08,2.14,,,,0.31,1.67,0.0,0.0,0.69,0.0,200.0,0.0,25.0,0.0,0.0,0.0,0.0,7796.0,18191.0,7796.0,2599.0,0.0,0.0,25988.0,20790.0,83161.0,2022-07-18,2022-07-18,2022,7
NP,33.6061,-117.9311,NP072522,2022-07-25 17:00:00+00:00,20.5,100.0,1.88,1.86,1.87,,,,0.0,0.0,0.0,0.0,0.79,0.0,200.0,0.0,25.0,0.0,0.0,0.0,0.0,2599.0,10395.0,0.0,0.0,0.0,0.0,44179.0,23389.0,80562.0,2022-07-25,2022-07-25,2022,7
NP,33.6061,-117.9311,NP080122,2022-08-01 17:30:00+00:00,21.0,100.0,5.05,4.82,4.93,,,,0.0,0.0,0.0,0.0,0.49,0.0,200.0,0.0,25.0,0.0,0.0,0.0,46778.0,2599.0,0.0,10395.0,2599.0,0.0,23389.0,25988.0,12994.0,124741.0,2022-08-01,2022-08-01,2022,8
NP,33.6061,-117.9311,NP080822,2022-08-08 17:30:00+00:00,19.0,100.0,1.99,2.02,2.01,,,,0.11,1.86,0.0,0.0,0.9,0.0,200.0,0.0,25.0,0.0,0.0,0.0,5198.0,10395.0,0.0,0.0,2599.0,0.0,0.0,2599.0,5198.0,25988.0,2022-08-08,2022-08-08,2022,8
NP,33.6061,-117.9311,NP081522,2022-08-15 17:30:00+00:00,20.5,100.0,1.15,1.12,1.14,,,,0.13,2.42,0.0,0.0,0.58,0.0,200.0,0.0,25.0,0.0,0.0,0.0,2599.0,20790.0,0.0,0.0,0.0,0.0,5198.0,5198.0,18191.0,51975.0,2022-08-15,2022-08-15,2022,8
NP,33.6061,-117.9311,NP082222,2022-08-22 17:30:00+00:00,20.8,100.0,3.06,2.96,3.01,,,,0.26,2.89,0.0,0.0,1.17,0.0,200.0,0.0,25.0,0.0,0.0,0.0,2599.0,10395.0,18191.0,0.0,2599.0,0.0,0.0,7796.0,2599.0,44179.0,2022-08-22,2022-08-22,2022,8
NP,33.6061,-117.9311,NP082922,2022-08-29 17:30:00+00:00,19.5,100.0,11.14,10.32,10.73,,,,4.67,2.49,0.0,0.0,6.65,0.0,200.0,0.0,25.0,0.0,0.0,0.0,145531.0,15593.0,0.0,0.0,5198.0,0.0,0.0,0.0,18191.0,184513.0,2022-08-29,2022-08-29,2022,8
NP,33.6061,-117.9311,NP090622,2022-09-06 17:30:00+00:00,21.2,100.0,2.21,2.31,2.26,,,,0.2,2.34,0.0,0.0,0.47,0.0,200.0,0.0,25.0,0.0,0.0,0.0,10395.0,2599.0,5198.0,0.0,2599.0,0.0,2599.0,2599.0,5198.0,31185.0,2022-09-06,2022-09-05,2022,9
NP,33.6061,-117.9311,NP091222,2022-09-12 17:30:00+00:00,23.0,100.0,2.85,2.59,2.72,,,,0.19,0.0,0.0,0.36,0.65,0.36,200.0,0.0,25.0,0.0,0.0,0.0,7796.0,2599.0,0.0,0.0,0.0,0.0,0.0,15593.0,18191.0,44179.0,2022-09-12,2022-09-12,2022,9
NP,33.6061,-117.9311,NP091922,2022-09-19 17:30:00+00:00,,100.0,1.53,1.65,1.59,,,,0.19,1.49,0.0,0.0,0.72,0.0,200.0,0.0,25.0,0.0,0.0,0.0,10395.0,7796.0,0.0,0.0,0.0,0.0,2599.0,15593.0,15593.0,51975.0,2022-09-19,2022-09-19,2022,9
NP,33.6061,-117.9311,NP100322,2022-10-03 17:30:00+00:00,18.8,100.0,1.67,1.54,1.61,,,,0.37,3.66,0.0,0.41,1.65,0.41,200.0,0.0,25.0,0.0,0.0,0.0,18191.0,18191.0,0.0,0.0,0.0,0.0,0.0,12994.0,41580.0,90957.0,2022-10-03,2022-10-03,2022,10
NP,33.6061,-117.9311,NP101122,2022-10-11 17:30:00+00:00,19.5,100.0,10.23,10.55,10.39,,,,0.2,1.79,0.0,0.0,0.48,0.0,200.0,0.0,25.0,0.0,0.0,0.0,101352.0,38982.0,0.0,0.0,18191.0,0.0,20790.0,10395.0,38982.0,228692.0,2022-10-11,2022-10-10,2022,10
NP,33.6061,-117.9311,NP101722,2022-10-17 17:30:00+00:00,18.6,100.0,4.37,4.37,4.37,,,,0.27,2.12,0.0,0.64,1.43,0.64,200.0,0.054,25.0,0.0,0.0,0.0,10395.0,18191.0,10395.0,0.0,2599.0,0.0,2599.0,10395.0,20790.0,75364.0,2022-10-17,2022-10-17,2022,10
NP,33.6061,-117.9311,NP102422,2022-10-24 17:30:00+00:00,19.2,100.0,1.7,1.55,1.63,,,,0.27,1.63,0.0,1.1,1.74,1.1,200.0,0.0,25.0,0.0,0.0,0.0,2599.0,2599.0,0.0,0.0,0.0,0.0,0.0,0.0,7796.0,12994.0,2022-10-24,2022-10-24,2022,10
NP,33.6061,-117.9311,NP110122,2022-11-01 17:30:00+00:00,18.8,100.0,2.58,2.42,2.5,,,,0.48,3.02,0.0,0.45,1.71,0.45,200.0,0.0,25.0,0.0,0.0,0.0,7796.0,15593.0,0.0,0.0,2599.0,0.0,0.0,0.0,10395.0,36383.0,2022-11-01,2022-10-31,2022,11
NP,33.6061,-117.9311,NP110722,2022-11-07 18:30:00+00:00,17.0,100.0,3.16,3.09,3.12,,,,0.3,2.75,0.0,0.68,0.77,0.68,200.0,0.0,25.0,0.0,0.0,0.0,5198.0,0.0,0.0,0.0,18191.0,0.0,0.0,2599.0,2599.0,28586.0,2022-11-07,2022-11-07,2022,11
NP,33.6061,-117.9311,NP111422,2022-11-14 18:30:00+00:00,16.5,100.0,3.88,3.37,3.62,,,,0.32,2.32,0.0,0.37,0.88,0.37,200.0,0.0,25.0,0.0,0.0,0.0,7796.0,0.0,0.0,0.0,5198.0,0.0,2599.0,2599.0,7796.0,25988.0,2022-11-14,2022-11-14,2022,11
NP,33.6061,-117.9311,NP112122,2022-11-21 18:30:00+00:00,16.0,100.0,1.03,1.12,1.07,,,,0.61,2.15,0.0,0.33,0.82,0.33,200.0,0.0,25.0,0.0,0.0,0.0,0.0,0.0,0.0,0.0,2599.0,0.0,0.0,0.0,10395.0,12994.0,2022-11-21,2022-11-21,2022,11
NP,33.6061,-117.9311,NP120522,2022-12-05 18:30:00+00:00,16.0,100.0,2.25,2.38,2.32,,,,0.41,2.06,0.0,0.69,0.67,0.69,200.0,0.0,25.0,0.0,0.0,0.0,15593.0,2599.0,0.0,0.0,2599.0,0.0,2599.0,7796.0,18191.0,49377.0,2022-12-05,2022-12-05,2022,12
NP,33.6061,-117.9311,NP121322,2022-12-13 18:30:00+00:00,15.0,100.0,2.87,2.95,2.91,,,,0.52,2.68,0.0,1.02,1.56,1.02,200.0,0.0,25.0,0.0,0.0,0.0,18191.0,0.0,0.0,0.0,0.0,0.0,0.0,0.0,10395.0,28586.0,2022-12-13,2022-12-12,2022,12
NP,33.6061,-117.9311,NP121922,2022-12-19 18:30:00+00:00,14.5,100.0,6.34,6.24,6.29,,,,0.42,2.88,0.0,0.0,0.67,0.0,200.0,0.0,25.0,0.0,5198.0,0.0,41580.0,12994.0,0.0,0.0,0.0,0.0,0.0,0.0,20790.0,80562.0,2022-12-19,2022-12-19,2022,12
NP,33.6061,-117.9311,NP010323,2023-01-03 18:30:00+00:00,14.5,100.0,2.74,2.6,2.67,,,,0.48,3.46,0.0,1.83,0.85,1.83,200.0,0.0,25.0,0.0,0.0,0.0,0.0,2599.0,0.0,0.0,5198.0,0.0,0.0,10395.0,5198.0,23389.0,2023-01-03,2023-01-02,2023,1
NP,33.6061,-117.9311,NP011023,2023-01-10 18:30:00+00:00,14.5,100.0,2.66,2.84,2.75,,,,0.44,3.4,0.0,2.11,1.42,2.11,200.0,0.0,25.0,0.0,0.0,0.0,2599.0,2599.0,0.0,0.0,15593.0,0.0,0.0,0.0,0.0,20790.0,2023-01-10,2023-01-09,2023,1
NP,33.6061,-117.9311,NP011823,2023-01-18 18:30:00+00:00,14.0,100.0,1.02,1.12,1.07,,,,0.85,8.86,0.18,4.67,2.06,4.49,200.0,0.0,25.0,0.0,0.0,0.0,2599.0,10395.0,0.0,0.0,7796.0,0.0,0.0,20790.0,2599.0,44179.0,2023-01-18,2023-01-16,2023,1
NP,33.6061,-117.9311,NP012323,2023-01-23 18:30:00+00:00,13.0,100.0,3.13,3.21,3.17,,,,0.57,4.35,0.12,2.95,1.7,2.83,200.0,0.0,25.0,0.0,0.0,0.0,0.0,0.0,10395.0,5198.0,0.0,5198.0,0.0,25988.0,0.0,46778.0,2023-01-23,2023-01-23,2023,1
NP,33.6061,-117.9311,NP013023,2023-01-30 18:30:00+00:00,14.0,100.0,1.91,1.96,1.94,,,,0.58,1.9,0.0,1.35,1.53,1.35,200.0,0.0,25.0,0.0,0.0,0.0,0.0,0.0,5198.0,0.0,0.0,0.0,0.0,5198.0,2599.0,12994.0,2023-01-30,2023-01-30,2023,1
NP,33.6061,-117.9311,NP020623,2023-02-06 18:30:00+00:00,14.0,100.0,4.82,4.65,4.73,,,,0.54,2.91,0.0,1.55,2.28,1.55,200.0,0.0,25.0,0.0,0.0,0.0,0.0,5198.0,15593.0,7796.0,0.0,0.0,0.0,28586.0,5198.0,62371.0,2023-02-06,2023-02-06,2023,2
NP,33.6061,-117.9311,NP021323,2023-02-13 18:30:00+00:00,13.8,100.0,6.63,6.48,6.55,,,,0.47,2.21,0.0,1.17,0.73,1.17,200.0,0.0,25.0,0.0,0.0,2599.0,0.0,12994.0,0.0,5198.0,0.0,0.0,0.0,119543.0,12994.0,153328.0,2023-02-13,2023-02-13,2023,2
NP,33.6061,-117.9311,NP022123,2023-02-21 18:30:00+00:00,13.8,100.0,9.33,9.32,9.32,,,,0.23,0.0,0.0,0.95,1.53,0.95,200.0,0.097,25.0,0.0,0.0,0.0,0.0,12994.0,23389.0,38982.0,0.0,0.0,0.0,304056.0,28586.0,408007.0,2023-02-21,2023-02-20,2023,2
NP,33.6061,-117.9311,NP022823,2023-02-28 18:30:00+00:00,13.5,100.0,3.45,3.74,3.59,,,,1.93,19.88,0.28,14.75,2.0,14.47,200.0,0.043,25.0,0.0,0.0,0.0,0.0,0.0,18191.0,64969.0,0.0,0.0,0.0,57173.0,7796.0,148130.0,2023-02-28,2023-02-27,2023,2
NP,33.6061,-117.9311,NP030623,2023-03-06 18:30:00+00:00,13.3,100.0,5.31,5.18,5.25,,,,0.68,3.61,0.12,5.42,1.64,5.29,200.0,0.169,25.0,0.0,0.0,2599.0,0.0,5198.0,15593.0,15593.0,2599.0,0.0,0.0,101352.0,5198.0,148130.0,2023-03-06,2023-03-06,2023,3
NP,33.6061,-117.9311,NP031323,2023-03-13 17:30:00+00:00,13.5,100.0,7.4,7.14,7.27,,,,1.16,8.09,0.0,7.11,2.62,7.11,200.0,0.141,25.0,0.0,0.0,0.0,0.0,0.0,12994.0,57173.0,0.0,0.0,0.0,145531.0,7796.0,223494.0,2023-03-13,2023-03-13,2023,3
NP,33.6061,-117.9311,NP032023,2023-03-20 17:30:00+00:00,15.0,100.0,3.68,3.61,3.64,,,,0.54,2.64,0.0,1.17,2.66,1.17,200.0,2.4,25.0,0.0,0.0,10395.0,0.0,0.0,77963.0,111747.0,2599.0,0.0,0.0,25988.0,5198.0,233889.0,2023-03-20,2023-03-20,2023,3
NP,33.6061,-117.9311,NP032723,2023-03-27 17:30:00+00:00,14.0,100.0,3.69,3.54,3.62,,,,0.53,4.9,0.0,2.93,1.93,2.93,200.0,0.04,25.0,0.0,0.0,7796.0,0.0,7796.0,20790.0,44179.0,2599.0,0.0,0.0,7796.0,5198.0,96155.0,2023-03-27,2023-03-27,2023,3
NP,33.6061,-117.9311,NP040323,2023-04-03 15:30:00+00:00,13.3,100.0,11.8,11.4,11.6,,,,2.32,7.41,0.0,2.72,3.75,2.72,200.0,0.042,25.0,0.0,0.0,5198.0,0.0,46778.0,12994.0,44179.0,36383.0,5198.0,0.0,15593.0,20790.0,187112.0,2023-04-03,2023-04-03,2023,4
NP,33.6061,-117.9311,NP041023,2023-04-10 17:30:00+00:00,14.0,100.0,15.69,18.48,17.08,,,,1.56,11.36,0.25,7.0,2.7,6.75,200.0,0.051,25.0,0.0,0.0,2599.0,0.0,0.0,5198.0,51975.0,15593.0,0.0,0.0,257278.0,18191.0,350834.0,2023-04-10,2023-04-10,2023,4
NP,33.6061,-117.9311,NP041723,2023-04-17 17:30:00+00:00,14.0,100.0,3.82,3.92,3.87,,,,0.88,0.0,0.0,0.0,0.87,0.0,200.0,0.039,25.0,0.0,0.0,0.0,0.0,28586.0,51975.0,85759.0,2599.0,0.0,0.0,36383.0,12994.0,218297.0,2023-04-17,2023-04-17,2023,4
NP,33.6061,-117.9311,NP042423,2023-04-24 17:30:00+00:00,15.5,100.0,6.83,6.57,6.7,,,,1.06,3.8,0.0,0.0,2.28,0.0,200.0,0.0,25.0,0.0,0.0,5198.0,0.0,90957.0,2599.0,28586.0,15593.0,0.0,0.0,5198.0,5198.0,153328.0,2023-04-24,2023-04-24,2023,4
NP,33.6061,-117.9311,NP050123,2023-05-01 17:30:00+00:00,15.7,100.0,3.84,3.94,3.89,,,,1.02,3.22,0.0,0.0,1.56,0.0,200.0,0.0,25.0,0.0,0.0,2599.0,0.0,36383.0,0.0,0.0,15593.0,5198.0,0.0,0.0,12994.0,72766.0,2023-05-01,2023-05-01,2023,5
NP,33.6061,-117.9311,NP050823,2023-05-08 17:30:00+00:00,16.3,100.0,2.74,2.63,2.69,,,,1.15,5.4,0.0,0.0,0.84,0.0,200.0,0.0,25.0,0.0,0.0,0.0,0.0,106550.0,0.0,0.0,7796.0,0.0,0.0,5198.0,67568.0,187112.0,2023-05-08,2023-05-08,2023,5
NP,33.6061,-117.9311,NP051523,2023-05-15 17:30:00+00:00,17.3,100.0,7.26,6.77,7.01,,,,1.1,7.36,0.0,0.3,1.79,0.3,200.0,0.0,25.0,0.0,0.0,2599.0,0.0,38982.0,0.0,0.0,5198.0,0.0,0.0,41580.0,41580.0,129939.0,2023-05-15,2023-05-15,2023,5
NP,33.6061,-117.9311,NP052223,2023-05-22 17:30:00+00:00,17.4,100.0,4.03,4.87,4.45,,,,0.87,3.27,0.0,0.0,0.51,0.0,200.0,0.0,25.0,0.0,0.0,0.0,0.0,57173.0,25988.0,0.0,0.0,0.0,0.0,25988.0,2599.0,111747.0,2023-05-22,2023-05-22,2023,5
NP,33.6061,-117.9311,NP053023,2023-05-30 17:30:00+00:00,17.4,100.0,6.58,7.08,6.83,,,,0.98,7.49,0.0,0.0,1.99,0.0,200.0,0.0,25.0,0.0,0.0,7796.0,0.0,93556.0,0.0,0.0,0.0,0.0,0.0,7796.0,31185.0,140334.0,2023-05-30,2023-05-29,2023,5
NP,33.6061,-117.9311,NP061223,2023-06-12 17:30:00+00:00,17.7,100.0,3.65,3.56,3.61,,,,1.05,2.81,0.0,0.27,2.22,0.27,200.0,0.0,25.0,0.0,0.0,0.0,2599.0,46778.0,7796.0,5198.0,0.0,0.0,0.0,10395.0,23389.0,96155.0,2023-06-12,2023-06-12,2023,6
NP,33.6061,-117.9311,NP062023,2023-06-20 17:30:00+00:00,17.3,100.0,4.81,4.18,4.5,,,,1.06,4.74,0.0,0.23,0.56,0.23,200.0,0.0,25.0,0.0,0.0,0.0,28586.0,0.0,0.0,0.0,0.0,0.0,0.0,7796.0,46778.0,83161.0,2023-06-20,2023-06-19,2023,6
NP,33.6061,-117.9311,NP062623,2023-06-26 17:30:00+00:00,16.3,100.0,3.81,3.95,3.88,,,,1.23,2.53,0.0,0.69,1.68,0.69,200.0,0.0,25.0,0.0,0.0,2599.0,0.0,12994.0,2599.0,0.0,0.0,0.0,0.0,90957.0,10395.0,119543.0,2023-06-26,2023-06-26,2023,6
NP,33.6061,-117.9311,NP070523,2023-07-05 17:30:00+00:00,18.0,100.0,2.61,2.54,2.57,,,,0.85,0.0,0.0,1.26,1.49,1.26,200.0,0.0,25.0,0.0,0.0,0.0,0.0,12994.0,12994.0,0.0,0.0,0.0,0.0,72766.0,10395.0,109148.0,2023-07-05,2023-07-03,2023,7
NP,33.6061,-117.9311,NP071023,2023-07-10 17:30:00+00:00,18.5,100.0,47.78,32.16,39.97,,,,1.01,2.61,0.0,0.0,0.51,0.0,200.0,0.0,25.0,0.0,0.0,0.0,116945.0,28586.0,0.0,0.0,57173.0,0.0,5198.0,7796.0,67568.0,283266.0,2023-07-10,2023-07-10,2023,7
NP,33.6061,-117.9311,NP071923,2023-07-19 17:30:00+00:00,19.5,100.0,1.09,1.08,1.09,,,,0.97,1.96,0.0,0.25,0.64,0.25,200.0,0.0,25.0,0.0,0.0,0.0,5198.0,0.0,0.0,0.0,0.0,0.0,0.0,5198.0,5198.0,15593.0,2023-07-19,2023-07-17,2023,7
NP,33.6061,-117.9311,NP080123,2023-08-01 17:30:00+00:00,22.5,100.0,1.44,1.39,1.42,,,,1.0,1.86,0.0,0.26,0.8,0.26,200.0,0.0,25.0,0.0,0.0,0.0,2599.0,0.0,0.0,0.0,0.0,0.0,0.0,7796.0,5198.0,15593.0,2023-08-01,2023-07-31,2023,8
NP,33.6061,-117.9311,NP080723,2023-08-07 17:30:00+00:00,22.7,100.0,0.91,0.91,0.91,,,,0.0,1.8,0.0,0.0,0.41,0.0,200.0,0.0,25.0,0.0,0.0,0.0,2599.0,2599.0,0.0,0.0,0.0,0.0,0.0,5198.0,12994.0,23389.0,2023-08-07,2023-08-07,2023,8
NP,33.6061,-117.9311,NP081423,2023-08-14 17:30:00+00:00,21.1,100.0,7.3,7.43,7.36,,,,0.27,4.52,0.0,0.83,1.16,0.83,200.0,0.0,25.0,0.0,0.0,0.0,80562.0,7796.0,0.0,0.0,0.0,0.0,0.0,7796.0,5198.0,101352.0,2023-08-14,2023-08-14,2023,8
NP,33.6061,-117.9311,NP082823,2023-08-28 17:30:00+00:00,17.5,100.0,6.65,6.75,6.7,,,,0.18,3.4,0.0,0.0,0.62,0.0,200.0,0.0,25.0,0.0,0.0,0.0,70167.0,7796.0,0.0,0.0,5198.0,0.0,0.0,0.0,18191.0,101352.0,2023-08-28,2023-08-28,2023,8
NP,33.6061,-117.9311,NP090523,2023-09-05 17:30:00+00:00,18.6,100.0,11.25,11.37,11.31,,,,0.0,2.31,0.0,0.0,0.27,0.0,200.0,0.0,25.0,0.0,0.0,0.0,88358.0,10395.0,0.0,0.0,5198.0,0.0,0.0,5198.0,15593.0,124741.0,2023-09-05,2023-09-04,2023,9
NP,33.6061,-117.9311,NP091123,2023-09-11 17:30:00+00:00,19.3,100.0,15.01,14.07,14.54,,,,0.0,2.59,0.0,0.0,0.38,0.0,200.0,0.0,25.0,0.0,0.0,2599.0,194908.0,2599.0,0.0,0.0,10395.0,0.0,0.0,2599.0,28586.0,241686.0,2023-09-11,2023-09-11,2023,9
NP,33.6061,-117.9311,NP091823,2023-09-18 17:30:00+00:00,19.7,100.0,4.66,4.46,4.56,,,,0.55,2.25,0.0,0.0,0.69,0.0,200.0,0.0,25.0,0.0,2599.0,0.0,0.0,7796.0,0.0,0.0,10395.0,0.0,0.0,10395.0,67568.0,163723.0,2023-09-18,2023-09-18,2023,9
NP,33.6061,-117.9311,NP092523,2023-09-25 17:30:00+00:00,17.7,100.0,2.66,2.62,2.64,,,,0.21,2.56,0.0,0.0,0.34,0.0,200.0,0.0,25.0,0.0,0.0,0.0,7796.0,12994.0,0.0,0.0,5198.0,0.0,0.0,5198.0,15593.0,49377.0,2023-09-25,2023-09-25,2023,9
NP,33.6061,-117.9311,NP100223,2023-10-02 17:30:00+00:00,19.0,100.0,2.28,2.32,2.29,,,,0.0,1.15,0.0,0.0,0.52,0.0,200.0,0.0,25.0,0.0,0.0,0.0,0.0,12994.0,0.0,0.0,2599.0,0.0,0.0,0.0,10395.0,25988.0,2023-10-02,2023-10-02,2023,10
NP,33.6061,-117.9311,NP100923,2023-10-09 17:30:00+00:00,18.8,100.0,6.24,6.3,6.27,,,,0.4,3.12,0.0,0.53,1.17,0.53,200.0,0.0,25.0,0.0,0.0,0.0,12994.0,18191.0,0.0,0.0,38982.0,0.0,0.0,0.0,77963.0,150729.0,2023-10-09,2023-10-09,2023,10
NP,33.6061,-117.9311,NP101623,2023-10-16 17:30:00+00:00,19.3,100.0,1.16,1.16,1.16,,,,0.33,2.27,0.0,0.61,1.69,0.61,200.0,0.0,25.0,0.0,0.0,0.0,0.0,0.0,0.0,0.0,7796.0,0.0,0.0,2599.0,5198.0,20790.0,2023-10-16,2023-10-16,2023,10
NP,33.6061,-117.9311,NP103123,2023-10-31 17:30:00+00:00,18.0,100.0,3.36,3.16,3.26,,,,0.18,2.6,0.0,0.0,1.91,0.0,200.0,0.0,25.0,0.0,0.0,0.0,5198.0,5198.0,36383.0,0.0,0.0,0.0,0.0,25988.0,15593.0,88358.0,2023-10-31,2023-10-30,2023,10
NP,33.6061,-117.9311,NP110723,2023-11-07 18:30:00+00:00,18.5,100.0,2.56,2.5,2.53,,,,0.25,1.38,0.0,0.0,1.23,0.0,200.0,0.0,25.0,0.0,0.0,0.0,5198.0,2599.0,5198.0,0.0,0.0,0.0,0.0,18191.0,5198.0,36383.0,2023-11-07,2023-11-06,2023,11
NP,33.6061,-117.9311,NP111323,2023-11-13 18:30:00+00:00,17.1,100.0,0.96,1.0,0.98,,,,0.31,2.4,0.0,0.24,1.03,0.24,200.0,0.0,25.0,0.0,0.0,0.0,2599.0,5198.0,0.0,0.0,0.0,0.0,0.0,5198.0,15593.0,28586.0,2023-11-13,2023-11-13,2023,11
NP,33.6061,-117.9311,NP112023,2023-11-20 18:30:00+00:00,18.0,100.0,1.14,1.01,1.07,,,,0.15,2.27,0.0,0.0,0.83,0.0,200.0,0.0,25.0,0.0,0.0,0.0,10395.0,0.0,0.0,0.0,7796.0,0.0,0.0,10395.0,7796.0,36383.0,2023-11-20,2023-11-20,2023,11
NP,33.6061,-117.9311,NP112923,2023-11-29 18:30:00+00:00,17.0,100.0,2.16,2.08,2.12,,,,0.19,2.08,0.0,0.0,1.35,0.0,200.0,0.0,25.0,0.0,0.0,0.0,20790.0,2599.0,0.0,0.0,2599.0,0.0,0.0,2599.0,7796.0,36383.0,2023-11-29,2023-11-27,2023,11
NP,33.6061,-117.9311,NP120523,2023-12-05 18:30:00+00:00,17.0,100.0,2.84,2.92,2.88,,,,0.21,2.04,0.0,0.25,2.03,0.25,200.0,0.0,25.0,0.0,0.0,0.0,0.0,7796.0,0.0,0.0,0.0,0.0,0.0,12994.0,20790.0,46778.0,2023-12-05,2023-12-04,2023,12
NP,33.6061,-117.9311,NP121223,2023-12-12 18:30:00+00:00,16.5,100.0,1.06,1.08,1.07,,,,0.15,1.81,0.0,0.0,0.7,0.0,200.0,0.0,25.0,0.0,0.0,0.0,10395.0,0.0,0.0,0.0,0.0,0.0,0.0,0.0,7796.0,18191.0,2023-12-12,2023-12-11,2023,12
NP,33.6061,-117.9311,NP010224,2024-01-02 18:30:00+00:00,16.0,100.0,7.4,7.69,7.54,,,,0.32,4.03,0.0,0.0,0.95,0.0,200.0,0.0,25.0,0.0,0.0,2599.0,44179.0,0.0,0.0,0.0,0.0,0.0,0.0,2599.0,10395.0,62371.0,2024-01-02,2024-01-01,2024,1
NP,33.6061,-117.9311,NP010824,2024-01-08 18:30:00+00:00,14.3,100.0,8.24,8.07,8.16,,,,0.26,6.69,0.24,1.37,0.91,1.13,200.0,0.0,25.0,0.0,0.0,0.0,5198.0,0.0,5198.0,5198.0,0.0,0.0,0.0,10395.0,12994.0,44179.0,2024-01-08,2024-01-08,2024,1
NP,33.6061,-117.9311,NP011524,2024-01-15 18:30:00+00:00,14.1,100.0,7.07,7.07,7.07,,,,0.22,2.33,0.0,0.77,0.83,0.77,200.0,0.0,25.0,0.0,10395.0,0.0,2599.0,5198.0,41580.0,33784.0,0.0,0.0,0.0,101352.0,7796.0,207902.0,2024-01-15,2024-01-15,2024,1
NP,33.6061,-117.9311,NP012424,2024-01-24 18:30:00+00:00,15.2,100.0,1.31,1.36,1.33,,,,0.63,2.1,0.0,0.46,1.37,0.46,200.0,0.0,25.0,0.0,0.0,0.0,2599.0,0.0,2599.0,5198.0,0.0,0.0,0.0,33784.0,0.0,49377.0,2024-01-24,2024-01-22,2024,1
NP,33.6061,-117.9311,NP012924,2024-01-29 18:30:00+00:00,15.0,100.0,1.18,1.24,1.21,,,,0.2,0.0,0.0,0.0,0.42,0.0,200.0,0.0,25.0,0.0,0.0,0.0,0.0,0.0,7796.0,10395.0,0.0,0.0,0.0,33784.0,10395.0,62371.0,2024-01-29,2024-01-29,2024,1
NP,33.6061,-117.9311,NP020724,2024-02-07 18:30:00+00:00,14.8,100.0,1.07,1.01,1.04,,,,1.52,17.26,0.2,12.2,1.79,12.0,200.0,0.0,25.0,0.0,0.0,0.0,0.0,0.0,0.0,0.0,0.0,0.0,0.0,2599.0,0.0,2599.0,2024-02-07,2024-02-05,2024,2
NP,33.6061,-117.9311,NP021224,2024-02-12 18:30:00+00:00,15.0,100.0,5.38,5.67,5.53,,,,0.38,3.72,0.0,0.41,0.53,0.41,200.0,0.0,25.0,2599.0,0.0,0.0,5198.0,12994.0,0.0,0.0,0.0,0.0,0.0,0.0,33784.0,59772.0,2024-02-12,2024-02-12,2024,2
NP,33.6061,-117.9311,NP022124,2024-02-21 18:30:00+00:00,15.0,100.0,1.51,1.58,1.54,,,,1.4,23.07,0.24,12.6,1.97,12.36,200.0,0.0,25.0,0.0,2599.0,0.0,0.0,0.0,2599.0,2599.0,0.0,0.0,0.0,2599.0,0.0,10395.0,2024-02-21,2024-02-19,2024,2
NP,33.6061,-117.9311,NP022724,2024-02-27 18:30:00+00:00,15.0,100.0,3.25,3.26,3.25,,,,0.43,7.57,0.0,0.85,0.6,0.85,200.0,0.0,25.0,0.0,5198.0,0.0,2599.0,2599.0,0.0,0.0,2599.0,0.0,0.0,2599.0,23389.0,41580.0,2024-02-27,2024-02-26,2024,2
NP,33.6061,-117.9311,NP030424,2024-03-04 18:30:00+00:00,15.0,100.0,3.48,3.71,3.6,,,,1.18,15.33,0.18,6.21,0.99,6.03,200.0,0.0,25.0,0.0,0.0,0.0,20790.0,2599.0,0.0,2599.0,2599.0,0.0,0.0,2599.0,7796.0,38982.0,2024-03-04,2024-03-04,2024,3
NP,33.6061,-117.9311,NP031924,2024-03-19 17:30:00+00:00,15.0,100.0,2.55,2.55,2.55,,,,0.022,-0.199,-0.164,0.0,0.53,0.0,200.0,0.0,25.0,0.0,0.0,2599.0,7796.0,5198.0,5198.0,0.0,5198.0,0.0,0.0,233889.0,5198.0,265075.0,2024-03-19,2024-03-18,2024,3
NP,33.6061,-117.9311,NP032624,2024-03-26 17:30:00+00:00,13.0,100.0,2.76,2.79,2.78,,,,0.977,12.739,0.303,15.02,2.77,14.72,200.0,0.0,25.0,0.0,0.0,2599.0,2599.0,7796.0,0.0,0.0,18191.0,0.0,0.0,57173.0,7796.0,98753.0,2024-03-26,2024-03-25,2024,3
NP,33.6061,-117.9311,NP040124,2024-04-01 17:30:00+00:00,14.0,100.0,4.88,4.9,4.89,,,,0.186,2.009,-0.127,0.0,0.59,0.0,200.0,0.0,25.0,0.0,0.0,0.0,12994.0,10395.0,12994.0,23389.0,0.0,0.0,0.0,101352.0,18191.0,179315.0,2024-04-01,2024-04-01,2024,4
NP,33.6061,-117.9311,NP040824,2024-04-08 17:30:00+00:00,14.0,100.0,5.75,5.65,5.7,,,,0.55,4.36,0.138,1.71,1.49,1.57,200.0,0.0,25.0,0.0,0.0,7796.0,10395.0,54574.0,0.0,7796.0,2599.0,0.0,2599.0,33784.0,20790.0,140334.0,2024-04-08,2024-04-08,2024,4
NP,33.6061,-117.9311,NP041524,2024-04-15 17:30:00+00:00,14.5,100.0,3.65,3.48,3.56,,,,0.347,3.464,-0.093,0.0,1.37,0.0,200.0,0.0,25.0,0.0,0.0,2599.0,2599.0,7796.0,5198.0,2599.0,0.0,0.0,0.0,111747.0,10395.0,142932.0,2024-04-15,2024-04-15,2024,4
NP,33.6061,-117.9311,NP042224,2024-04-22 17:30:00+00:00,16.0,100.0,6.69,6.93,6.81,,,,0.256,4.828,-0.133,0.0,0.49,0.0,200.0,0.0,25.0,0.0,0.0,12994.0,20790.0,83161.0,2599.0,0.0,7796.0,5198.0,0.0,10395.0,38982.0,181914.0,2024-04-22,2024-04-22,2024,4
NP,33.6061,-117.9311,NP042924,2024-04-29 17:30:00+00:00,16.0,100.0,10.54,10.48,10.51,,,,0.404,5.489,-0.127,0.0,0.47,0.0,200.0,0.0,25.0,20790.0,0.0,2599.0,5198.0,67568.0,25988.0,23389.0,10395.0,20790.0,28586.0,41580.0,122142.0,376822.0,2024-04-29,2024-04-29,2024,4
NP,33.6061,-117.9311,NP050624,2024-05-06 18:00:00+00:00,14.0,100.0,4.65,4.68,4.66,,,,1.137,10.543,0.55,7.24,2.08,6.69,200.0,0.0,25.0,7796.0,0.0,0.0,2599.0,41580.0,7796.0,5198.0,2599.0,5198.0,5198.0,12994.0,54574.0,148130.0,2024-05-06,2024-05-06,2024,5
NP,33.6061,-117.9311,NP052024,2024-05-20 17:00:00+00:00,15.5,100.0,10.69,11.0,10.85,,,,0.782,12.119,0.314,4.93,1.75,4.62,200.0,0.0,25.0,7796.0,12994.0,2599.0,0.0,5198.0,0.0,0.0,18191.0,64969.0,15593.0,51975.0,64969.0,254680.0,2024-05-20,2024-05-20,2024,5
NP,33.6061,-117.9311,NP052824,2024-05-28 17:00:00+00:00,16.0,100.0,29.74,32.49,31.12,,,,0.527,12.678,-0.058,0.0,1.2,0.0,200.0,0.0,25.0,132537.0,15593.0,2599.0,0.0,18191.0,18191.0,0.0,5198.0,122142.0,18191.0,5198.0,70167.0,408007.0,2024-05-28,2024-05-27,2024,5
NP,33.6061,-117.9311,NP060324,2024-06-03 17:00:00+00:00,17.0,100.0,33.18,32.51,32.85,,,,0.418,8.957,-0.15,0.0,0.76,0.0,200.0,0.0,25.0,194908.0,0.0,7796.0,5198.0,33784.0,0.0,0.0,18191.0,23389.0,0.0,2599.0,46778.0,332643.0,2024-06-03,2024-06-03,2024,6
NP,33.6061,-117.9311,NP061024,2024-06-10 17:00:00+00:00,17.3,100.0,2.27,1.79,2.03,,,,0.214,1.907,0.064,0.3,0.46,0.3,200.0,0.0,25.0,0.0,0.0,0.0,0.0,7796.0,0.0,0.0,0.0,0.0,0.0,5198.0,12994.0,25988.0,2024-06-10,2024-06-10,2024,6
NP,33.6061,-117.9311,NP061724,2024-06-17 17:30:00+00:00,18.6,100.0,3.15,3.13,3.14,,,,0.091,4.794,0.062,0.0,0.19,0.0,200.0,0.0,25.0,0.0,0.0,0.0,15593.0,2599.0,0.0,0.0,2599.0,0.0,0.0,20790.0,0.0,41580.0,2024-06-17,2024-06-17,2024,6
NP,33.6061,-117.9311,NP062624,2024-06-26 17:30:00+00:00,19.0,100.0,3.55,3.46,3.51,,,,0.29,4.093,0.095,0.15,0.27,0.15,200.0,0.0,25.0,7796.0,0.0,0.0,2599.0,7796.0,10395.0,0.0,0.0,0.0,0.0,2599.0,15593.0,46778.0,2024-06-26,2024-06-24,2024,6
NP,33.6061,-117.9311,NP070824,2024-07-08 19:00:00+00:00,21.5,100.0,1.38,1.33,1.35,,,,0.168,1.743,0.064,0.0,0.37,0.0,200.0,0.0,25.0,0.0,0.0,0.0,0.0,7796.0,0.0,0.0,0.0,0.0,0.0,18191.0,0.0,25988.0,2024-07-08,2024-07-08,2024,7
NP,33.6061,-117.9311,NP071524,2024-07-15 17:30:00+00:00,18.5,100.0,3.41,3.35,3.38,,,,0.322,4.266,0.047,0.37,0.92,0.37,200.0,0.0,25.0,2599.0,2599.0,0.0,12994.0,7796.0,0.0,0.0,2599.0,0.0,0.0,15593.0,15593.0,64969.0,2024-07-15,2024-07-15,2024,7
NP,33.6061,-117.9311,NP072324,2024-07-23 17:30:00+00:00,19.5,100.0,5.11,5.38,5.25,,,,0.188,4.266,0.067,0.0,0.06,0.0,200.0,0.0,25.0,18191.0,0.0,0.0,46778.0,10395.0,10395.0,7796.0,2599.0,0.0,0.0,18191.0,80562.0,197507.0,2024-07-23,2024-07-22,2024,7
NP,33.6061,-117.9311,NP073024,2024-07-30 17:30:00+00:00,17.5,100.0,4.15,4.17,4.16,,,,0.379,3.273,0.025,0.27,1.14,0.27,200.0,0.0,25.0,5198.0,0.0,0.0,41580.0,0.0,25988.0,0.0,2599.0,0.0,0.0,36383.0,62371.0,179315.0,2024-07-30,2024-07-29,2024,7
NP,33.6061,-117.9311,NP080524,2024-08-05 17:30:00+00:00,17.0,100.0,3.95,3.85,3.9,,,,0.426,4.603,0.02,0.11,0.5,0.11,200.0,0.0,25.0,0.0,0.0,0.0,15593.0,5198.0,0.0,0.0,5198.0,2599.0,0.0,59772.0,33784.0,124741.0,2024-08-05,2024-08-05,2024,8
NP,33.6061,-117.9311,NP081224,2024-08-12 17:30:00+00:00,22.0,100.0,3.13,2.96,3.04,,,,0.08,-0.088,0.007,0.0,0.3,0.0,200.0,0.0,25.0,0.0,0.0,0.0,0.0,7796.0,28586.0,7796.0,0.0,0.0,0.0,111747.0,31185.0,194908.0,2024-08-12,2024-08-12,2024,8
NP,33.6061,-117.9311,NP082024,2024-08-20 17:30:00+00:00,22.2,100.0,1.18,1.12,1.15,,,,0.153,-0.233,0.057,0.58,0.79,0.58,200.0,0.0,25.0,0.0,0.0,0.0,2599.0,0.0,0.0,0.0,0.0,0.0,0.0,23389.0,31185.0,57173.0,2024-08-20,2024-08-19,2024,8
NP,33.6061,-117.9311,NP082724,2024-08-27 17:30:00+00:00,22.0,100.0,2.42,2.47,2.45,,,,0.231,0.468,0.044,0.11,0.24,0.11,200.0,0.0,25.0,0.0,0.0,0.0,0.0,0.0,0.0,0.0,5198.0,0.0,0.0,25988.0,57173.0,88358.0,2024-08-27,2024-08-26,2024,8
NP,33.6061,-117.9311,NP090324,2024-09-03 17:30:00+00:00,21.5,100.0,2.09,2.13,2.11,,,,0.177,0.504,0.024,0.15,0.15,0.15,200.0,0.0,25.0,0.0,0.0,0.0,0.0,0.0,0.0,0.0,0.0,0.0,0.0,57173.0,20790.0,80562.0,2024-09-03,2024-09-02,2024,9
NP,33.6061,-117.9311,NP090924,2024-09-09 17:30:00+00:00,20.0,100.0,0.53,0.53,0.53,,,,0.187,0.896,0.025,0.0,0.48,0.0,200.0,0.0,25.0,0.0,0.0,0.0,2599.0,0.0,0.0,0.0,0.0,0.0,0.0,28586.0,12994.0,44179.0,2024-09-09,2024-09-09,2024,9
NP,33.6061,-117.9311,NP091624,2024-09-16 17:30:00+00:00,19.6,100.0,2.08,2.08,2.08,,,,0.206,1.957,0.054,0.38,0.73,0.38,200.0,0.0,25.0,0.0,0.0,0.0,7796.0,0.0,0.0,0.0,2599.0,0.0,0.0,10395.0,18191.0,44179.0,2024-09-16,2024-09-16,2024,9
NP,33.6061,-117.9311,NP092424,2024-09-24 17:30:00+00:00,17.5,100.0,5.31,5.16,5.23,,,,0.382,4.466,0.043,0.35,0.35,0.35,200.0,0.0,25.0,0.0,0.0,0.0,5198.0,25988.0,23389.0,0.0,0.0,5198.0,0.0,85759.0,20790.0,236488.0,2024-09-24,2024-09-23,2024,9
NP,33.6061,-117.9311,NP101524,2024-10-15 17:30:00+00:00,17.5,100.0,5.17,5.12,5.14,,,,0.338,4.259,0.027,0.6,1.61,0.6,200.0,0.0,25.0,0.0,0.0,2599.0,49377.0,18191.0,10395.0,0.0,2599.0,5198.0,0.0,18191.0,31185.0,140334.0,2024-10-15,2024-10-14,2024,10
NP,33.6061,-117.9311,NP102124,2024-10-21 17:30:00+00:00,17.8,100.0,3.55,3.59,3.57,,,,0.417,2.466,0.027,19.54,0.83,19.54,200.0,0.0,25.0,0.0,0.0,0.0,38982.0,2599.0,10395.0,7796.0,2599.0,0.0,0.0,5198.0,10395.0,103951.0,2024-10-21,2024-10-21,2024,10
NP,33.6061,-117.9311,NP102824,2024-10-28 17:30:00+00:00,17.8,100.0,2.99,3.04,3.01,,,,0.246,2.441,0.098,0.39,1.66,0.39,200.0,0.0,25.0,0.0,0.0,0.0,28586.0,2599.0,0.0,0.0,2599.0,0.0,0.0,25988.0,10395.0,75364.0,2024-10-28,2024-10-28,2024,10
NP,33.6061,-117.9311,NP110524,2024-11-05 18:30:00+00:00,16.5,100.0,1.26,1.19,1.23,,,,0.321,3.951,0.045,0.7,1.42,0.7,200.0,0.0,25.0,0.0,0.0,0.0,2599.0,5198.0,10395.0,0.0,0.0,0.0,0.0,5198.0,10395.0,33784.0,2024-11-05,2024-11-04,2024,11
NP,33.6061,-117.9311,NP111224,2024-11-12 18:30:00+00:00,14.0,100.0,9.06,8.45,8.75,,,,0.47,3.08,0.069,0.6,1.47,0.6,200.0,0.0,25.0,0.0,0.0,2599.0,15593.0,7796.0,0.0,0.0,0.0,2599.0,0.0,0.0,28586.0,59772.0,2024-11-12,2024-11-11,2024,11
NP,33.6061,-117.9311,NP119224,2024-11-19 18:30:00+00:00,16.0,100.0,2.16,2.19,2.18,,,,0.447,6.921,0.049,0.44,0.21,0.44,200.0,0.0,25.0,0.0,0.0,0.0,109148.0,2599.0,0.0,0.0,2599.0,0.0,0.0,2599.0,20790.0,142932.0,2024-11-19,2024-11-18,2024,11
NP,33.6061,-117.9311,NP112624,2024-11-26 18:30:00+00:00,14.1,100.0,6.61,6.73,6.67,,,,0.699,5.402,0.131,1.76,1.36,1.63,200.0,0.0,25.0,0.0,0.0,0.0,15593.0,2599.0,0.0,0.0,0.0,0.0,2599.0,41580.0,5198.0,67568.0,2024-11-26,2024-11-25,2024,11
NP,33.6061,-117.9311,NP120624,2024-12-09 18:30:00+00:00,14.5,100.0,4.36,4.27,4.31,,,,0.292,3.043,0.026,1.14,1.45,1.14,200.0,0.0,25.0,0.0,0.0,0.0,15593.0,12994.0,0.0,0.0,20790.0,0.0,0.0,2599.0,5198.0,57173.0,2024-12-09,2024-12-09,2024,12
NP,33.6061,-117.9311,NP121724,2024-12-17 18:30:00+00:00,14.7,100.0,6.62,6.53,6.58,,,,0.323,3.006,0.0013,0.32,0.92,0.32,200.0,0.0,25.0,0.0,2599.0,2599.0,0.0,93556.0,0.0,0.0,0.0,0.0,2599.0,10395.0,7796.0,122142.0,2024-12-17,2024-12-16,2024,12
NP,33.6061,-117.9311,NP010625,2025-01-06 18:30:00+00:00,13.8,100.0,2.34,2.51,2.42,,,,0.393,1.696,0.038,0.86,1.51,0.86,200.0,0.031,25.0,0.0,0.0,0.0,2599.0,5198.0,0.0,0.0,5198.0,0.0,0.0,103951.0,12994.0,129939.0,2025-01-06,2025-01-06,2025,1
NP,33.6061,-117.9311,NP011525,2025-01-15 18:30:00+00:00,14.0,100.0,3.17,3.11,3.14,,,,0.373,1.78,0.028,1.29,0.87,1.29,200.0,0.0,25.0,0.0,0.0,0.0,0.0,23389.0,41580.0,10395.0,0.0,0.0,0.0,231291.0,5198.0,311853.0,2025-01-15,2025-01-13,2025,1
NP,33.6061,-117.9311,NP012125,2025-01-21 18:30:00+00:00,14.0,100.0,2.77,3.08,2.93,,,,0.445,0.797,0.016,2.2,2.87,2.2,200.0,0.644,25.0,2599.0,0.0,0.0,0.0,5198.0,7796.0,10395.0,2599.0,0.0,0.0,205303.0,10395.0,246883.0,2025-01-21,2025-01-20,2025,1
NP,33.6061,-117.9311,NP012725,2025-01-27 18:30:00+00:00,13.8,100.0,2.63,2.59,2.61,,,,0.303,0.451,0.04,0.23,1.26,0.23,200.0,0.027,25.0,0.0,0.0,0.0,0.0,2599.0,10395.0,12994.0,5198.0,0.0,0.0,44179.0,7796.0,88358.0,2025-01-27,2025-01-27,2025,1
NP,33.6061,-117.9311,NP020425,2025-02-04 18:30:00+00:00,14.0,100.0,5.18,5.12,5.15,,,,0.261,0.133,0.014,1.35,1.5,1.35,200.0,0.094,25.0,0.0,0.0,0.0,0.0,2599.0,51975.0,46778.0,0.0,0.0,0.0,124741.0,10395.0,244285.0,2025-02-04,2025-02-03,2025,2
NP,33.6061,-117.9311,NP021025,2025-02-10 18:30:00+00:00,14.2,100.0,4.35,4.59,4.47,,,,0.575,1.686,0.056,1.85,1.83,1.85,200.0,0.052,25.0,0.0,0.0,2599.0,0.0,12994.0,18191.0,25988.0,0.0,0.0,0.0,54574.0,18191.0,132537.0,2025-02-10,2025-02-10,2025,2
NP,33.6061,-117.9311,NP021825,2025-02-18 18:30:00+00:00,14.5,100.0,5.1,5.17,5.15,,,,0.215,1.2,0.001,1.74,0.67,1.74,200.0,0.0,25.0,0.0,0.0,0.0,0.0,23389.0,7796.0,0.0,7796.0,5198.0,2599.0,18191.0,44179.0,111747.0,2025-02-18,2025-02-17,2025,2
NP,33.6061,-117.9311,NP022525,2025-02-25 18:30:00+00:00,15.0,100.0,2.28,2.31,2.29,,,,0.466,2.014,0.0013,0.17,2.42,0.17,200.0,0.0,25.0,0.0,0.0,0.0,0.0,12994.0,0.0,0.0,0.0,0.0,0.0,7796.0,20790.0,41580.0,2025-02-25,2025-02-24,2025,2
NP,33.6061,-117.9311,NP030425,2025-03-04 18:30:00+00:00,13.2,100.0,3.39,3.48,3.44,,,,0.833,7.712,0.244,7.47,2.16,7.22,200.0,0.0,25.0,0.0,0.0,0.0,0.0,20790.0,0.0,7796.0,0.0,2599.0,0.0,12994.0,33784.0,80562.0,2025-03-04,2025-03-03,2025,3
NP,33.6061,-117.9311,NP031025,2025-03-10 17:30:00+00:00,13.0,100.0,12.32,12.45,12.39,,,,0.605,12.027,0.162,5.93,29.6,5.77,200.0,1.118,25.0,5198.0,7796.0,2599.0,0.0,155926.0,0.0,28586.0,0.0,0.0,0.0,10395.0,46778.0,267673.0,2025-03-10,2025-03-10,2025,3
NP,33.6061,-117.9311,NP031725,2025-03-17 17:30:00+00:00,14.0,100.0,3.44,3.57,3.5,,,,,,,,,,200.0,0.2,25.0,15593.0,0.0,2599.0,0.0,59772.0,0.0,38982.0,5198.0,0.0,2599.0,31185.0,10395.0,171519.0,2025-03-17,2025-03-17,2025,3
NP,33.6061,-117.9311,NP032425,2025-03-24 17:30:00+00:00,14.0,100.0,4.69,4.59,4.64,,,,0.38,2.673,0.079,1.75,14.78,1.75,200.0,0.229,25.0,18191.0,7796.0,0.0,0.0,18191.0,18191.0,72766.0,2599.0,5198.0,0.0,46778.0,12994.0,205303.0,2025-03-24,2025-03-24,2025,3
NP,33.6061,-117.9311,NP040125,2025-04-01 17:30:00+00:00,13.5,100.0,12.39,13.09,12.74,,,,0.211,1.227,0.005,0.39,31.54,0.39,200.0,1.491,25.0,36383.0,5198.0,0.0,0.0,59772.0,5198.0,83161.0,5198.0,15593.0,0.0,135136.0,28586.0,374223.0,2025-04-01,2025-03-31,2025,4
NP,33.6061,-117.9311,NP040725,2025-04-07 17:30:00+00:00,12.0,100.0,18.9,19.1,19.0,,,,1.087,13.635,0.264,9.33,122.02,9.07,200.0,0.439,25.0,28586.0,5198.0,0.0,0.0,23389.0,5198.0,10395.0,12994.0,0.0,18191.0,657489.0,75364.0,836804.0,2025-04-07,2025-04-07,2025,4
NP,33.6061,-117.9311,NP041425,2025-04-14 17:30:00+00:00,15.0,100.0,8.58,7.99,8.28,,,,0.11,0.966,0.017,1.27,25.33,1.27,200.0,3.109,25.0,57173.0,0.0,0.0,0.0,70167.0,0.0,116945.0,12994.0,0.0,7796.0,20790.0,25988.0,311853.0,2025-04-14,2025-04-14,2025,4
NP,33.6061,-117.9311,NP042325,2025-04-23 17:30:00+00:00,14.8,100.0,11.62,11.77,11.69,,,,0.363,2.375,0.002,0.91,30.51,0.91,200.0,0.045,25.0,67568.0,7796.0,0.0,0.0,135136.0,5198.0,12994.0,23389.0,5198.0,10395.0,28586.0,33784.0,330044.0,2025-04-23,2025-04-21,2025,4
NP,33.6061,-117.9311,NP042925,2025-04-29 17:30:00+00:00,15.9,100.0,4.33,3.99,4.16,,,,0.136,1.003,0.002,0.46,32.82,0.46,200.0,0.025,25.0,7796.0,0.0,0.0,0.0,38982.0,0.0,7796.0,2599.0,0.0,2599.0,18191.0,18191.0,96155.0,2025-04-29,2025-04-28,2025,4
NP,33.6061,-117.9311,NP051225,2025-05-12 17:30:00+00:00,17.0,100.0,2.7,2.78,2.74,,,,0.25,4.083,0.003,1.19,20.52,1.19,200.0,0.0,25.0,18191.0,0.0,0.0,0.0,33784.0,0.0,7796.0,2599.0,0.0,0.0,10395.0,0.0,72766.0,2025-05-12,2025-05-12,2025,5
NP,33.6061,-117.9311,NP052125,2025-05-21 17:30:00+00:00,19.0,100.0,1.38,1.33,1.36,,,,0.272,4.634,0.003,0.31,15.3,0.31,200.0,0.0,25.0,7796.0,0.0,0.0,0.0,5198.0,0.0,0.0,0.0,2599.0,0.0,0.0,7796.0,23389.0,2025-05-21,2025-05-19,2025,5
NP,33.6061,-117.9311,NP052725,2025-05-27 17:30:00+00:00,18.0,100.0,0.43,0.41,0.42,,,,0.395,3.056,0.002,0.49,99.07,0.49,200.0,0.0,25.0,2599.0,0.0,0.0,0.0,2599.0,0.0,0.0,0.0,0.0,0.0,2599.0,2599.0,10395.0,2025-05-27,2025-05-26,2025,5
NP,33.6061,-117.9311,NP060425,2025-06-04 17:30:00+00:00,16.0,100.0,3.08,3.03,3.06,,,,0.211,5.904,0.02,0.35,12.25,0.35,200.0,0.0,25.0,15593.0,0.0,0.0,0.0,0.0,12994.0,0.0,0.0,0.0,0.0,15593.0,5198.0,49377.0,2025-06-04,2025-06-02,2025,6
NP,33.6061,-117.9311,NP061625,2025-06-16 18:30:00+00:00,18.5,100.0,1.8,1.78,1.79,,,,0.09,2.347,0.044,0.36,0.43,0.36,200.0,0.044,25.0,7796.0,0.0,0.0,0.0,2599.0,93556.0,0.0,0.0,0.0,0.0,161124.0,10395.0,280667.0,2025-06-16,2025-06-16,2025,6
NP,33.6061,-117.9311,NP062325,2025-06-23 17:30:00+00:00,19.0,100.0,2.1,2.24,2.17,,,,0.068,2.18,0.023,0.2,0.3,0.2,200.0,0.0,25.0,0.0,0.0,0.0,0.0,5198.0,38982.0,2599.0,0.0,0.0,0.0,15593.0,10395.0,72766.0,2025-06-23,2025-06-23,2025,6
NP,33.6061,-117.9311,NP070725,2025-07-07 17:30:00+00:00,18.0,100.0,3.31,3.93,3.62,,,,0.059,0.045,0.053,0.5,0.27,0.5,200.0,0.0,25.0,0.0,0.0,0.0,0.0,15593.0,80562.0,5198.0,0.0,0.0,0.0,140334.0,12994.0,257278.0,2025-07-07,2025-07-07,2025,7
NP,33.6061,-117.9311,NP071425,2025-07-14 17:30:00+00:00,17.0,100.0,4.25,4.04,4.14,,,,0.102,0.37,0.027,0.56,0.47,0.56,200.0,0.0,25.0,0.0,0.0,0.0,0.0,31185.0,28586.0,0.0,5198.0,0.0,0.0,153328.0,25988.0,244285.0,2025-07-14,2025-07-14,2025,7
NP,33.6061,-117.9311,NP072125,2025-07-21 17:30:00+00:00,20.0,100.0,1.83,1.86,1.85,,,,0.026,0.184,0.022,0.59,0.29,0.59,200.0,0.0,25.0,0.0,0.0,5198.0,0.0,0.0,0.0,0.0,0.0,0.0,2599.0,306655.0,15593.0,330044.0,2025-07-21,2025-07-21,2025,7
NP,33.6061,-117.9311,NP072825,2025-07-28 17:30:00+00:00,17.0,100.0,7.09,7.36,7.23,,,,0.322,5.001,0.086,0.43,0.56,0.43,200.0,0.0,25.0,0.0,0.0,0.0,2599.0,23389.0,7796.0,5198.0,7796.0,0.0,10395.0,106550.0,38982.0,226093.0,2025-07-28,2025-07-28,2025,7
NP,33.6061,-117.9311,NP080525,2025-08-05 17:30:00+00:00,19.0,100.0,1.0,0.95,0.98,,,,0.229,0.927,0.056,0.19,1.33,0.19,200.0,0.0,25.0,0.0,0.0,0.0,0.0,2599.0,5198.0,0.0,0.0,0.0,0.0,75364.0,10395.0,93556.0,2025-08-05,2025-08-04,2025,8
NP,33.6061,-117.9311,NP081225,2025-08-12 17:30:00+00:00,20.0,100.0,0.83,0.8,0.82,,,,0.172,0.973,0.045,1.06,0.8,1.06,200.0,0.0,25.0,0.0,0.0,0.0,0.0,0.0,5198.0,0.0,0.0,0.0,0.0,49377.0,2599.0,59772.0,2025-08-12,2025-08-11,2025,8
NP,33.6061,-117.9311,NP082525,2025-08-25 17:30:00+00:00,23.0,100.0,0.83,0.83,0.83,,,,0.069,0.75,0.06,0.57,0.46,0.57,200.0,0.0,25.0,0.0,0.0,0.0,0.0,0.0,0.0,0.0,0.0,0.0,0.0,70167.0,15593.0,90957.0,2025-08-25,2025-08-25,2025,8
NP,33.6061,-117.9311,NP090925,2025-09-09 16:00:00+00:00,19.0,100.0,1.36,1.37,1.37,,,,0.448,1.716,0.056,1.24,1.14,1.24,200.0,0.0,25.0,0.0,0.0,0.0,0.0,0.0,0.0,0.0,0.0,0.0,2599.0,10395.0,7796.0,25988.0,2025-09-09,2025-09-08,2025,9
NP,33.6061,-117.9311,NP091525,2025-09-15 17:00:00+00:00,21.0,100.0,2.08,2.16,2.12,,,,0.194,2.217,0.031,0.32,0.29,0.32,200.0,0.0,25.0,0.0,0.0,0.0,0.0,0.0,0.0,0.0,0.0,0.0,0.0,15593.0,15593.0,33784.0,2025-09-15,2025-09-15,2025,9
NP,33.6061,-117.9311,NP092225,2025-09-22 17:00:00+00:00,19.0,100.0,3.46,3.48,3.47,,,,0.457,2.662,0.007,0.56,0.54,0.56,200.0,0.0,25.0,0.0,0.0,0.0,0.0,2599.0,5198.0,0.0,0.0,0.0,0.0,38982.0,5198.0,57173.0,2025-09-22,2025-09-22,2025,9
NP,33.6061,-117.9311,NP092925,2025-09-29 17:00:00+00:00,19.0,100.0,1.57,1.54,1.55,,,,0.273,1.781,0.031,0.24,0.54,0.24,200.0,0.0,25.0,0.0,0.0,0.0,2599.0,0.0,0.0,5198.0,0.0,0.0,0.0,15593.0,7796.0,31185.0,2025-09-29,2025-09-29,2025,9
NP,33.6061,-117.9311,NP100625,2025-10-06 17:00:00+00:00,18.8,100.0,0.58,0.56,0.57,,,,0.383,1.929,0.073,0.54,1.2,0.54,200.0,0.0,25.0,0.0,0.0,0.0,0.0,2599.0,0.0,0.0,0.0,0.0,0.0,5198.0,2599.0,12994.0,2025-10-06,2025-10-06,2025,10
NP,33.6061,-117.9311,NP101325,2025-10-13 17:00:00+00:00,17.5,100.0,1.62,1.67,1.64,,,,,,,,,,200.0,0.0,25.0,0.0,0.0,0.0,0.0,2599.0,0.0,0.0,2599.0,0.0,0.0,25988.0,0.0,31185.0,2025-10-13,2025-10-13,2025,10
NP,33.6061,-117.9311,NP102725,2025-10-27 17:00:00+00:00,17.3,100.0,2.31,2.35,2.33,,,,,,,,,,200.0,0.0,25.0,0.0,0.0,0.0,0.0,0.0,0.0,20790.0,2599.0,0.0,0.0,111747.0,2599.0,137735.0,2025-10-27,2025-10-27,2025,10
NP,33.6061,-117.9311,NP110325,2025-11-03 18:00:00+00:00,17.5,100.0,0.98,1.07,1.02,,,,,,,,,,200.0,0.0,25.0,0.0,0.0,0.0,0.0,0.0,0.0,0.0,2599.0,0.0,0.0,25988.0,10395.0,41580.0,2025-11-03,2025-11-03,2025,11
NP,33.6061,-117.9311,NP111025,2025-11-10 18:00:00+00:00,17.0,100.0,1.46,1.6,1.53,,,,,,,,,,200.0,0.0,25.0,0.0,0.0,0.0,0.0,2599.0,0.0,2599.0,2599.0,0.0,0.0,12994.0,5198.0,25988.0,2025-11-10,2025-11-10,2025,11
NP,33.6061,-117.9311,NP111725,2025-11-17 18:00:00+00:00,17.5,100.0,0.87,0.9,0.88,,,,,,,,,,200.0,0.0,25.0,0.0,0.0,0.0,0.0,0.0,0.0,0.0,0.0,0.0,0.0,7796.0,7796.0,23389.0,2025-11-17,2025-11-17,2025,11
NP,33.6061,-117.9311,NP112425,2025-11-24 18:00:00+00:00,16.5,100.0,1.6,1.6,1.6,,,,,,,,,,200.0,0.0,25.0,0.0,0.0,0.0,0.0,2599.0,0.0,0.0,5198.0,0.0,0.0,5198.0,5198.0,18191.0,2025-11-24,2025-11-24,2025,11
NP,33.6061,-117.9311,NP120125,2025-12-01 18:00:00+00:00,17.0,100.0,2.46,2.48,2.47,,,,,,,,,,200.0,0.0,25.0,0.0,0.0,0.0,0.0,2599.0,0.0,0.0,0.0,0.0,0.0,23389.0,2599.0,28586.0,2025-12-01,2025-12-01,2025,12
NP,33.6061,-117.9311,NP120825,2025-12-08 18:00:00+00:00,16.5,100.0,0.68,0.67,0.67,,,,,,,,,,200.0,0.0,25.0,0.0,0.0,0.0,0.0,2599.0,0.0,0.0,0.0,0.0,0.0,2599.0,7796.0,12994.0,2025-12-08,2025-12-08,2025,12
NP,33.6061,-117.9311,NP121525,2025-12-15 18:00:00+00:00,16.0,100.0,1.03,1.35,1.19,,,,,,,,,,200.0,0.0,25.0,0.0,0.0,2599.0,0.0,0.0,0.0,0.0,2599.0,0.0,0.0,2599.0,2599.0,12994.0,2025-12-15,2025-12-15,2025,12
NP,33.6061,-117.9311,NP010526,2026-01-05 18:00:00+00:00,16.0,100.0,0.78,0.81,0.8,,,,,,,,,,200.0,0.0,25.0,0.0,0.0,0.0,0.0,0.0,0.0,5198.0,0.0,0.0,0.0,12994.0,0.0,18191.0,2026-01-05,2026-01-05,2026,1
NP,33.6061,-117.9311,NP011226,2026-01-12 18:00:00+00:00,16.0,100.0,1.41,1.39,1.4,,,,,,,,,,200.0,0.0,25.0,0.0,0.0,0.0,0.0,2599.0,0.0,0.0,0.0,0.0,0.0,20790.0,2599.0,38982.0,2026-01-12,2026-01-12,2026,1
NP,33.6061,-117.9311,NP012026,2026-01-20 18:00:00+00:00,15.5,100.0,1.66,1.55,1.6,,,,,,,,,,200.0,0.0,25.0,0.0,0.0,0.0,0.0,0.0,5198.0,10395.0,0.0,5198.0,0.0,70167.0,7796.0,98753.0,2026-01-20,2026-01-19,2026,1
NP,33.6061,-117.9311,NP012726,2026-01-27 18:00:00+00:00,15.0,100.0,4.78,4.48,4.63,,,,,,,,,,200.0,0.0,25.0,0.0,0.0,0.0,0.0,12994.0,5198.0,0.0,0.0,0.0,0.0,7796.0,12994.0,41580.0,2026-01-27,2026-01-26,2026,1
NP,33.6061,-117.9311,NP020326,2026-02-03 18:00:00+00:00,16.0,100.0,2.86,2.88,2.87,,,,,,,,,,200.0,0.0,25.0,0.0,0.0,0.0,0.0,2599.0,5198.0,0.0,0.0,0.0,0.0,12994.0,5198.0,28586.0,2026-02-03,2026-02-02,2026,2
NP,33.6061,-117.9311,NP020926,2026-02-09 18:00:00+00:00,16.0,100.0,3.28,3.3,3.29,,,,,,,,,,200.0,0.0,25.0,0.0,0.0,0.0,0.0,7796.0,5198.0,0.0,0.0,5198.0,0.0,23389.0,2599.0,44179.0,2026-02-09,2026-02-09,2026,2
NP,33.6061,-117.9311,NP022326,2026-02-23 18:30:00+00:00,15.0,100.0,3.92,4.0,3.96,,,,,,,,,,200.0,0.0,25.0,0.0,2599.0,0.0,0.0,7796.0,51975.0,12994.0,0.0,0.0,0.0,93556.0,10395.0,189710.0,2026-02-23,2026-02-23,2026,2
NP,33.6061,-117.9311,NP030326,2026-03-03 18:30:00+00:00,15.0,100.0,6.23,6.31,6.27,,,,,,,,,,200.0,0.17,25.0,0.0,0.0,2599.0,0.0,10395.0,161124.0,98753.0,0.0,0.0,0.0,311853.0,15593.0,605514.0,2026-03-03,2026-03-02,2026,3
NP,33.6061,-117.9311,NP031026,2026-03-10 17:30:00+00:00,15.0,100.0,2.11,2.17,2.14,,,,,,,,,,200.0,0.0,25.0,0.0,0.0,0.0,0.0,0.0,25988.0,12994.0,0.0,0.0,0.0,59772.0,5198.0,103951.0,2026-03-10,2026-03-09,2026,3
NP,33.6061,-117.9311,NP031726,2026-03-17 17:30:00+00:00,17.5,100.0,0.21,0.22,0.21,,,,,,,,,,200.0,0.0,25.0,0.0,0.0,0.0,0.0,5198.0,0.0,0.0,0.0,0.0,0.0,18191.0,12994.0,38982.0,2026-03-17,2026-03-16,2026,3
NP,33.6061,-117.9311,NP032426,2026-03-24 17:30:00+00:00,18.0,100.0,1.89,1.89,1.89,,,,,,,,,,200.0,0.0,25.0,0.0,0.0,0.0,2599.0,5198.0,0.0,0.0,0.0,0.0,2599.0,23389.0,25988.0,59772.0,2026-03-24,2026-03-23,2026,3
NP,33.6061,-117.9311,NP033126,2026-03-31 17:30:00+00:00,17.6,100.0,1.92,1.83,1.88,,,,,,,,,,200.0,,25.0,5198.0,0.0,2599.0,0.0,0.0,0.0,0.0,0.0,2599.0,0.0,15593.0,25988.0,51975.0,2026-03-31,2026-03-30,2026,3
