location_code,latitude,longitude,sampleid,time,temp,chl_volume_filtered,chl1,chl2,avg_chloro,phaeo1,phaeo2,avg_phaeo,phosphate,silicate,nitrite,ammonium,nitrate,da_volume_filtered,pda,pseudo_nitzschia_delicatissima_group,pseudo_nitzschia_seriata_group,cochlodinium_spp,other_diatoms,other_dinoflagellates,sample_date,week_start,year,month
SIO,32.867,-117.257,20170102.0,2017-01-02 18:00:00+00:00,15.2,100.0,0.88,0.9,0.89,0.37,0.4,0.38,0.13,2.1,0.0,0.99,0.54,200.0,0.0,1767.0,0.0,0.0,11418.0,9243.0,2017-01-02,2017-01-02,2017,1
SIO,32.867,-117.257,20170109.0,2017-01-09 19:50:00+00:00,15.5,100.0,1.18,1.15,1.16,0.54,0.45,0.5,0.32,2.9,0.0,0.82,0.3,200.0,0.0,3282.0,821.0,0.0,20922.0,20513.0,2017-01-09,2017-01-09,2017,1
SIO,32.867,-117.257,20170116.0,2017-01-16 18:09:00+00:00,15.0,100.0,1.23,1.28,1.26,0.51,0.56,0.54,0.4,3.7,0.0,1.17,0.57,200.0,0.0,544.0,680.0,0.0,9379.0,8699.0,2017-01-16,2017-01-16,2017,1
SIO,32.867,-117.257,20170123.0,2017-01-23 17:05:00+00:00,14.6,100.0,0.85,0.8,0.82,0.69,0.67,0.68,0.43,4.9,0.0,2.15,1.83,200.0,0.0,410.0,0.0,0.0,13949.0,5744.0,2017-01-23,2017-01-23,2017,1
SIO,32.867,-117.257,20170130.0,2017-01-30 18:05:00+00:00,14.7,100.0,1.77,1.74,1.76,0.58,0.6,0.59,0.43,4.6,0.0,0.85,2.42,200.0,0.0,1641.0,0.0,0.0,46358.0,13539.0,2017-01-30,2017-01-30,2017,1
SIO,32.867,-117.257,20170206.0,2017-02-06 18:19:00+00:00,14.7,100.0,1.26,1.08,1.17,0.48,0.48,0.48,0.33,3.1,0.0,1.19,1.26,200.0,0.0,1877.0,2503.0,0.0,76974.0,33793.0,2017-02-06,2017-02-06,2017,2
SIO,32.867,-117.257,20170213.0,2017-02-13 17:15:00+00:00,14.3,100.0,2.34,2.34,2.34,1.08,1.1,1.09,0.5,5.8,0.0,1.61,4.65,200.0,0.0,1069.0,0.0,178.0,24952.0,12655.0,2017-02-13,2017-02-13,2017,2
SIO,32.867,-117.257,20170220.0,2017-02-20 18:25:00+00:00,15.2,100.0,1.11,1.09,1.1,0.64,0.58,0.61,0.22,3.4,0.0,1.25,0.33,200.0,0.0,1224.0,272.0,0.0,14408.0,11690.0,2017-02-20,2017-02-20,2017,2
SIO,32.867,-117.257,20170227.0,2017-02-27 18:40:00+00:00,14.5,100.0,1.47,1.59,1.53,0.78,0.7,0.74,0.54,5.2,0.0,1.0,3.12,200.0,0.0,0.0,0.0,0.0,6564.0,9026.0,2017-02-27,2017-02-27,2017,2
SIO,32.867,-117.257,20170306.0,2017-03-06 18:16:00+00:00,14.9,100.0,2.51,2.52,2.52,0.9,0.97,0.93,0.4,6.6,0.0,1.19,1.06,200.0,0.0,1641.0,821.0,0.0,52512.0,27486.0,2017-03-06,2017-03-06,2017,3
SIO,32.867,-117.257,20170313.0,2017-03-13 17:00:00+00:00,16.1,100.0,2.56,2.66,2.61,1.0,0.92,0.96,0.27,6.0,0.0,0.67,0.0,200.0,0.0,1231.0,1642.0,0.0,22152.0,27487.0,2017-03-13,2017-03-13,2017,3
SIO,32.867,-117.257,20170320.0,2017-03-20 15:52:00+00:00,16.1,100.0,2.61,2.63,2.62,1.26,1.25,1.25,0.31,5.1,0.0,0.98,0.69,200.0,0.0,2462.0,0.0,0.0,37332.0,16410.0,2017-03-20,2017-03-20,2017,3
SIO,32.867,-117.257,20170327.0,2017-03-27 16:40:00+00:00,15.0,100.0,5.46,6.31,5.88,0.94,1.16,1.05,0.42,6.5,0.0,1.32,2.12,200.0,0.0,0.0,0.0,0.0,17522.0,27534.0,2017-03-27,2017-03-27,2017,3
SIO,32.867,-117.257,20170403.0,2017-04-03 16:03:00+00:00,17.2,100.0,6.98,5.41,6.2,0.9,0.93,0.92,0.22,4.3,0.0,0.53,0.0,200.0,0.0,3129.0,0.0,4381.0,30664.0,159580.0,2017-04-03,2017-04-03,2017,4
SIO,32.867,-117.257,20170410.0,2017-04-10 15:58:00+00:00,15.5,100.0,9.58,7.7,8.64,0.98,1.37,1.18,0.34,6.8,0.0,0.65,0.74,200.0,0.0,1252.0,1877.0,0.0,23155.0,185862.0,2017-04-10,2017-04-10,2017,4
SIO,32.867,-117.257,20170417.0,2017-04-17 16:21:00+00:00,15.9,100.0,11.19,10.87,11.03,2.27,2.11,2.19,0.29,9.0,0.0,0.7,0.47,200.0,0.12,4381.0,11265.0,28787.0,48186.0,474358.0,2017-04-17,2017-04-17,2017,4
SIO,32.867,-117.257,20170424.0,2017-04-24 16:06:00+00:00,16.7,100.0,3.53,3.81,3.67,1.03,1.05,1.04,0.27,2.7,0.0,1.19,0.38,200.0,0.05,10013.0,1252.0,1252.0,125160.0,86360.0,2017-04-24,2017-04-24,2017,4
SIO,32.867,-117.257,20170501.0,2017-05-01 16:13:00+00:00,17.0,100.0,3.3,3.55,3.43,1.05,0.95,1.0,0.23,1.5,0.0,1.34,0.44,200.0,2.07,9436.0,96819.0,4923.0,88204.0,54155.0,2017-05-01,2017-05-01,2017,5
SIO,32.867,-117.257,20170508.0,2017-05-08 16:26:00+00:00,16.4,100.0,4.98,5.22,5.1,0.99,0.81,0.9,0.57,2.0,0.0,1.05,0.72,200.0,0.0,2503.0,5006.0,18774.0,16897.0,106386.0,2017-05-08,2017-05-08,2017,5
SIO,32.867,-117.257,20170515.0,2017-05-15 16:11:00+00:00,17.2,100.0,4.57,4.41,4.49,0.84,0.95,0.9,0.21,3.4,0.0,0.49,0.3,200.0,0.0,821.0,0.0,24615.0,49230.0,107897.0,2017-05-15,2017-05-15,2017,5
SIO,32.867,-117.257,20170522.0,2017-05-22 15:56:00+00:00,19.1,100.0,3.12,3.28,3.2,1.04,1.17,1.1,0.15,3.2,0.0,0.59,0.21,200.0,0.05,0.0,1252.0,0.0,161456.0,80102.0,2017-05-22,2017-05-22,2017,5
SIO,32.867,-117.257,20170529.0,2017-05-29 16:19:00+00:00,14.7,100.0,8.93,8.5,8.71,3.74,3.09,3.42,0.51,3.2,0.0,0.54,1.7,200.0,0.83,102144.0,198367.0,0.0,987398.0,53293.0,2017-05-29,2017-05-29,2017,5
SIO,32.867,-117.257,20170605.0,2017-06-05 16:23:00+00:00,18.0,100.0,1.76,1.77,1.77,0.89,0.89,0.89,0.16,1.1,0.0,1.14,0.21,200.0,0.0,4103.0,7385.0,0.0,78767.0,27077.0,2017-06-05,2017-06-05,2017,6
SIO,32.867,-117.257,20170612.0,2017-06-12 16:11:00+00:00,18.5,100.0,2.24,2.4,2.32,0.9,0.87,0.88,0.29,3.0,0.0,0.71,0.49,200.0,0.0,3693.0,1231.0,18872.0,42665.0,59485.0,2017-06-12,2017-06-12,2017,6
SIO,32.867,-117.257,20170619.0,2017-06-19 16:19:00+00:00,21.1,100.0,2.69,2.8,2.75,0.88,0.82,0.85,0.15,2.5,0.0,0.84,0.0,200.0,0.0,2039.0,1087.0,544.0,16992.0,45673.0,2017-06-19,2017-06-19,2017,6
SIO,32.867,-117.257,20170626.0,2017-06-26 16:19:00+00:00,16.9,100.0,3.14,3.13,3.14,0.8,0.83,0.82,0.32,6.3,0.0,0.86,0.44,200.0,0.0,5437.0,4486.0,816.0,26507.0,31944.0,2017-06-26,2017-06-26,2017,6
SIO,32.867,-117.257,20170703.0,2017-07-03 16:47:00+00:00,20.0,100.0,2.82,3.02,2.92,0.41,0.44,0.42,0.17,7.5,0.0,0.47,0.0,200.0,0.0,6258.0,0.0,1252.0,130793.0,88862.0,2017-07-03,2017-07-03,2017,7
SIO,32.867,-117.257,20170710.0,2017-07-10 16:15:00+00:00,22.4,100.0,1.59,1.57,1.58,0.4,0.44,0.42,0.0,4.5,0.0,0.63,0.0,200.0,0.0,14393.0,0.0,4381.0,129541.0,132669.0,2017-07-10,2017-07-10,2017,7
SIO,32.867,-117.257,20170717.0,2017-07-17 16:30:00+00:00,23.2,100.0,1.31,1.3,1.3,0.29,0.42,0.35,0.0,2.3,0.0,0.57,0.0,200.0,0.0,10331.0,4078.0,0.0,203353.0,33438.0,2017-07-17,2017-07-17,2017,7
SIO,32.867,-117.257,20170724.0,2017-07-24 16:19:00+00:00,23.8,100.0,2.03,2.05,2.04,0.57,0.61,0.59,0.0,1.9,0.0,0.55,0.0,200.0,0.0,816.0,408.0,0.0,45808.0,19438.0,2017-07-24,2017-07-24,2017,7
SIO,32.867,-117.257,20170731.0,2017-07-31 16:25:00+00:00,23.7,100.0,2.76,3.08,2.92,1.13,1.51,1.32,0.0,1.3,0.0,0.68,0.0,200.0,0.0,3129.0,0.0,0.0,1028818.0,69463.0,2017-07-31,2017-07-31,2017,7
SIO,32.867,-117.257,20170807.0,2017-08-07 16:13:00+00:00,21.8,100.0,2.42,2.43,2.43,0.86,0.8,0.83,0.11,2.1,0.0,0.49,0.22,200.0,0.0,680.0,544.0,0.0,258405.0,25690.0,2017-08-07,2017-08-07,2017,8
SIO,32.867,-117.257,20170814.0,2017-08-14 16:15:00+00:00,19.9,100.0,2.49,2.54,2.52,0.54,0.54,0.54,0.21,3.3,0.0,0.9,0.0,200.0,0.0,1224.0,272.0,0.0,74626.0,28682.0,2017-08-14,2017-08-14,2017,8
SIO,32.867,-117.257,20170821.0,2017-08-21 16:15:00+00:00,21.9,100.0,2.8,2.69,2.75,0.43,0.45,0.44,0.0,0.0,0.0,0.37,0.0,200.0,0.0,3755.0,1252.0,0.0,992521.0,37548.0,2017-08-21,2017-08-21,2017,8
SIO,32.867,-117.257,20170828.0,2017-08-28 16:05:00+00:00,21.0,100.0,2.35,2.38,2.37,0.64,0.86,0.75,0.11,0.0,0.0,0.31,0.0,200.0,0.0,4501.0,3215.0,0.0,843428.0,46945.0,2017-08-28,2017-08-28,2017,8
SIO,32.867,-117.257,20170905.0,2017-09-05 16:19:00+00:00,22.5,100.0,1.71,1.75,1.73,0.39,0.34,0.36,0.0,1.2,0.0,0.42,0.0,200.0,0.0,1088.0,0.0,0.0,344314.0,32350.0,2017-09-05,2017-09-04,2017,9
SIO,32.867,-117.257,20170911.0,2017-09-11 16:13:00+00:00,21.8,100.0,1.16,1.25,1.2,0.49,0.48,0.49,0.14,1.4,0.0,0.57,0.0,200.0,0.0,816.0,0.0,0.0,21069.0,21613.0,2017-09-11,2017-09-11,2017,9
SIO,32.867,-117.257,20170918.0,2017-09-18 16:25:00+00:00,21.1,100.0,1.3,1.35,1.32,0.5,0.5,0.5,0.15,1.6,0.0,1.2,0.0,200.0,0.0,544.0,408.0,0.0,23788.0,23516.0,2017-09-18,2017-09-18,2017,9
SIO,32.867,-117.257,20170925.0,2017-09-25 16:19:00+00:00,19.8,100.0,1.26,1.19,1.22,0.55,0.51,0.53,0.14,2.1,0.0,0.62,0.0,200.0,0.0,952.0,0.0,0.0,30312.0,23380.0,2017-09-25,2017-09-25,2017,9
SIO,32.867,-117.257,20171002.0,2017-10-02 16:16:00+00:00,20.2,100.0,0.76,0.8,0.78,0.31,0.33,0.32,0.14,2.1,0.0,1.09,0.0,200.0,0.0,3127.0,544.0,0.0,30856.0,17399.0,2017-10-02,2017-10-02,2017,10
SIO,32.867,-117.257,20171009.0,2017-10-09 16:30:00+00:00,19.7,100.0,0.9,0.97,0.94,0.35,0.4,0.37,0.2,2.7,0.0,1.18,0.0,200.0,0.0,12913.0,3262.0,0.0,42140.0,15224.0,2017-10-09,2017-10-09,2017,10
SIO,32.867,-117.257,20171016.0,2017-10-16 16:18:00+00:00,20.3,100.0,1.37,1.41,1.39,0.52,0.55,0.54,0.2,2.9,0.0,1.09,0.0,200.0,0.0,3670.0,272.0,0.0,24740.0,14544.0,2017-10-16,2017-10-16,2017,10
SIO,32.867,-117.257,20171023.0,2017-10-23 16:19:00+00:00,18.9,100.0,1.97,2.03,2.0,0.94,0.88,0.91,0.26,3.7,0.0,0.56,0.0,200.0,0.0,10257.0,821.0,0.0,62767.0,41436.0,2017-10-23,2017-10-23,2017,10
SIO,32.867,-117.257,20171030.0,2017-10-30 16:09:00+00:00,19.4,100.0,1.44,1.54,1.49,0.53,0.48,0.5,0.14,2.5,0.0,1.27,0.0,200.0,0.0,6524.0,544.0,0.0,22429.0,18214.0,2017-10-30,2017-10-30,2017,10
SIO,32.867,-117.257,20171106.0,2017-11-06 18:13:00+00:00,18.1,100.0,1.98,1.96,1.97,0.52,0.65,0.59,0.31,3.4,0.0,0.54,0.0,200.0,0.0,23795.0,1641.0,0.0,118152.0,43897.0,2017-11-06,2017-11-06,2017,11
SIO,32.867,-117.257,20171113.0,2017-11-13 18:34:00+00:00,17.3,100.0,1.5,1.6,1.55,0.9,0.79,0.85,0.32,3.4,0.0,0.75,0.22,200.0,0.0,4381.0,0.0,0.0,107012.0,42555.0,2017-11-13,2017-11-13,2017,11
SIO,32.867,-117.257,20171120.0,2017-11-20 18:15:00+00:00,15.7,100.0,2.45,2.35,2.4,0.81,0.88,0.85,0.42,4.8,0.0,0.32,0.75,200.0,0.0,10639.0,1252.0,0.0,147688.0,63204.0,2017-11-20,2017-11-20,2017,11
SIO,32.867,-117.257,20171127.0,2017-11-27 18:16:00+00:00,17.1,100.0,1.84,1.79,1.82,0.65,0.73,0.69,0.33,2.8,0.0,0.56,0.23,200.0,0.0,18774.0,7510.0,0.0,133295.0,53193.0,2017-11-27,2017-11-27,2017,11
SIO,32.867,-117.257,20171204.0,2017-12-04 17:16:00+00:00,16.5,100.0,0.88,0.82,0.85,0.44,0.45,0.45,0.26,2.5,0.0,0.38,0.28,200.0,0.0,1903.0,0.0,0.0,39012.0,13457.0,2017-12-04,2017-12-04,2017,12
SIO,32.867,-117.257,20171211.0,2017-12-11 18:18:00+00:00,16.4,100.0,0.8,0.83,0.81,0.5,0.46,0.48,0.28,2.3,0.0,0.61,0.0,200.0,0.0,178.0,0.0,0.0,9090.0,7665.0,2017-12-11,2017-12-11,2017,12
SIO,32.867,-117.257,20171218.0,2017-12-18 18:16:00+00:00,16.4,100.0,0.65,0.69,0.67,0.36,0.35,0.36,0.42,2.3,0.0,0.63,0.0,200.0,0.0,1336.0,0.0,0.0,10872.0,9269.0,2017-12-18,2017-12-18,2017,12
SIO,32.867,-117.257,20171223.0,2017-12-23 18:09:00+00:00,15.6,100.0,1.24,1.22,1.23,0.48,0.54,0.51,0.25,2.5,0.0,0.44,0.23,200.0,0.0,1495.0,0.0,0.0,23380.0,36564.0,2017-12-23,2017-12-18,2017,12
SIO,32.867,-117.257,20180102.0,2018-01-02 18:19:00+00:00,16.3,100.0,0.68,0.65,0.67,0.37,0.39,0.38,0.3,2.5,0.0,0.54,0.23,200.0,0.0,1903.0,0.0,0.0,23108.0,17262.0,2018-01-02,2018-01-01,2018,1
SIO,32.867,-117.257,20180108.0,2018-01-08 18:50:00+00:00,16.3,100.0,0.94,0.96,0.95,0.6,0.66,0.63,0.35,2.7,0.0,1.25,0.34,200.0,0.0,1767.0,2583.0,0.0,49887.0,14544.0,2018-01-08,2018-01-08,2018,1
SIO,32.867,-117.257,20180116.0,2018-01-16 18:35:00+00:00,16.3,100.0,0.89,0.86,0.88,0.59,0.58,0.58,0.32,3.1,0.0,0.92,0.49,200.0,0.0,4103.0,0.0,0.0,88614.0,27897.0,2018-01-16,2018-01-15,2018,1
SIO,32.867,-117.257,20180122.0,2018-01-22 18:44:00+00:00,15.5,100.0,1.22,1.23,1.22,0.61,0.56,0.59,0.37,3.4,0.0,0.43,0.75,200.0,0.0,680.0,0.0,0.0,31128.0,12640.0,2018-01-22,2018-01-22,2018,1
SIO,32.867,-117.257,20180129.0,2018-01-29 18:46:00+00:00,15.5,100.0,2.46,2.63,2.54,0.61,0.54,0.57,0.27,3.5,0.0,0.53,0.0,200.0,0.0,5006.0,3755.0,0.0,192747.0,54444.0,2018-01-29,2018-01-29,2018,1
SIO,32.867,-117.257,20180205.0,2018-02-05 18:50:00+00:00,15.7,100.0,1.29,1.23,1.26,0.27,0.3,0.29,0.26,2.3,0.0,0.64,0.0,200.0,0.0,816.0,1767.0,0.0,165020.0,14001.0,2018-02-05,2018-02-05,2018,2
SIO,32.867,-117.257,20180212.0,2018-02-12 18:55:00+00:00,16.2,100.0,1.03,1.03,1.03,0.32,0.27,0.3,0.27,2.3,0.0,0.33,0.0,200.0,0.0,4758.0,1495.0,0.0,29769.0,43769.0,2018-02-12,2018-02-12,2018,2
SIO,32.867,-117.257,20180219.0,2018-02-19 18:05:00+00:00,15.9,100.0,1.31,1.44,1.37,0.54,0.6,0.57,0.36,1.8,0.0,1.05,0.31,200.0,0.0,5744.0,821.0,0.0,105434.0,31588.0,2018-02-19,2018-02-19,2018,2
SIO,32.867,-117.257,20180226.0,2018-02-26 18:44:00+00:00,14.4,100.0,1.83,1.77,1.8,0.73,0.72,0.73,0.4,3.7,0.0,0.48,0.94,200.0,0.0,1767.0,816.0,0.0,62392.0,15496.0,2018-02-26,2018-02-26,2018,2
SIO,32.867,-117.257,20180305.0,2018-03-05 18:47:00+00:00,14.5,100.0,1.43,1.49,1.46,0.52,0.49,0.51,0.3,4.7,0.0,0.0,0.43,200.0,0.0,8564.0,1359.0,0.0,44450.0,18622.0,2018-03-05,2018-03-05,2018,3
SIO,32.867,-117.257,20180312.0,2018-03-12 17:48:00+00:00,15.4,100.0,2.03,2.05,2.04,0.62,0.63,0.62,0.22,2.1,0.0,0.0,0.0,200.0,0.0,28307.0,4513.0,0.0,182972.0,75485.0,2018-03-12,2018-03-12,2018,3
SIO,32.867,-117.257,20180319.0,2018-03-19 17:07:00+00:00,14.8,100.0,1.69,1.65,1.67,0.7,0.77,0.73,0.33,4.2,0.0,0.39,1.33,200.0,0.0,9846.0,0.0,0.0,92307.0,47589.0,2018-03-19,2018-03-19,2018,3
SIO,32.867,-117.257,20180326.0,2018-03-26 17:25:00+00:00,13.1,100.0,3.14,3.34,3.24,1.68,1.87,1.78,0.81,11.4,0.0,0.25,7.22,200.0,0.0,3755.0,0.0,0.0,51316.0,48187.0,2018-03-26,2018-03-26,2018,3
SIO,32.867,-117.257,20180402.0,2018-04-02 17:32:00+00:00,13.6,100.0,5.21,5.21,5.21,1.39,1.5,1.45,0.41,8.6,0.0,0.33,2.19,200.0,0.0,64458.0,0.0,2503.0,147689.0,155199.0,2018-04-02,2018-04-02,2018,4
SIO,32.867,-117.257,20180410.0,2018-04-10 17:25:00+00:00,17.5,100.0,2.07,2.24,2.15,0.6,0.5,0.55,0.16,4.6,0.0,0.31,0.0,200.0,0.0,18774.0,0.0,2503.0,34419.0,52567.0,2018-04-10,2018-04-09,2018,4
SIO,32.867,-117.257,20180416.0,2018-04-16 17:51:00+00:00,15.9,100.0,2.41,2.41,2.41,0.94,1.13,1.03,0.32,7.0,0.0,0.47,1.12,200.0,0.0,0.0,0.0,1641.0,27897.0,37742.0,2018-04-16,2018-04-16,2018,4
SIO,32.867,-117.257,20180423.0,2018-04-23 17:36:00+00:00,16.8,100.0,4.79,5.13,4.96,1.81,1.75,1.78,0.12,8.0,0.0,0.0,0.0,200.0,0.0,6258.0,3129.0,0.0,56948.0,172721.0,2018-04-23,2018-04-23,2018,4
SIO,32.867,-117.257,20180430.0,2018-04-30 17:48:00+00:00,14.2,100.0,3.49,3.45,3.47,1.5,1.56,1.53,0.74,13.4,0.0,1.18,5.51,200.0,0.0,0.0,3129.0,0.0,81354.0,129540.0,2018-04-30,2018-04-30,2018,4
SIO,32.867,-117.257,20180507.0,2018-05-07 17:56:00+00:00,16.0,100.0,5.74,6.08,5.91,3.02,3.4,3.21,0.5,12.3,0.0,0.35,1.46,200.0,0.0,2503.0,0.0,0.0,80103.0,138302.0,2018-05-07,2018-05-07,2018,5
SIO,32.867,-117.257,20180514.0,2018-05-14 18:00:00+00:00,18.2,100.0,2.26,2.38,2.32,1.3,1.35,1.32,0.18,5.3,0.0,0.0,0.0,200.0,0.0,5007.0,8135.0,0.0,70090.0,74470.0,2018-05-14,2018-05-14,2018,5
SIO,32.867,-117.257,20180521.0,2018-05-21 17:35:00+00:00,17.0,100.0,5.41,6.27,5.84,4.23,5.92,5.07,0.29,5.9,0.0,0.6,0.27,200.0,0.0,10639.0,2504.0,0.0,100127.0,76973.0,2018-05-21,2018-05-21,2018,5
SIO,32.867,-117.257,20180529.0,2018-05-29 17:09:00+00:00,18.1,100.0,3.26,3.48,3.37,2.44,2.41,2.43,0.2,4.7,0.0,0.0,0.0,200.0,0.0,36297.0,10639.0,0.0,191494.0,51941.0,2018-05-29,2018-05-28,2018,5
SIO,32.867,-117.257,20180604.0,2018-06-04 17:41:00+00:00,19.1,100.0,3.39,3.51,3.45,2.51,2.48,2.49,0.19,5.7,0.0,0.41,0.14,200.0,0.0,30038.0,12516.0,0.0,167090.0,113269.0,2018-06-04,2018-06-04,2018,6
SIO,32.867,-117.257,20180611.0,2018-06-11 17:15:00+00:00,20.0,100.0,3.64,3.59,3.61,1.99,1.9,1.95,0.15,3.8,0.0,0.32,0.0,200.0,0.0,11890.0,2503.0,1252.0,70090.0,114520.0,2018-06-11,2018-06-11,2018,6
SIO,32.867,-117.257,20180618.0,2018-06-18 17:19:00+00:00,19.7,100.0,2.95,2.86,2.91,1.66,2.05,1.86,0.0,3.1,0.0,0.22,0.0,200.0,0.0,38800.0,0.0,2503.0,153947.0,85734.0,2018-06-18,2018-06-18,2018,6
SIO,32.867,-117.257,20180625.0,2018-06-25 17:44:00+00:00,20.0,100.0,0.8,0.88,0.84,0.29,0.31,0.3,0.14,1.4,0.0,0.0,0.0,200.0,0.0,3755.0,0.0,0.0,47561.0,46935.0,2018-06-25,2018-06-25,2018,6
SIO,32.867,-117.257,20180702.0,2018-07-02 17:06:00+00:00,21.4,100.0,2.01,2.02,2.01,0.39,0.36,0.38,0.0,1.4,0.0,0.0,0.0,200.0,0.0,1631.0,272.0,0.0,33847.0,18894.0,2018-07-02,2018-07-02,2018,7
SIO,32.867,-117.257,20180709.0,2018-07-09 17:23:00+00:00,23.0,100.0,1.15,1.16,1.15,0.15,0.2,0.18,0.0,1.7,0.0,0.35,0.0,200.0,0.0,1224.0,408.0,0.0,38196.0,19573.0,2018-07-09,2018-07-09,2018,7
SIO,32.867,-117.257,20180716.0,2018-07-16 17:39:00+00:00,21.2,100.0,2.26,2.26,2.26,0.42,0.48,0.45,0.13,3.3,0.0,0.58,0.0,200.0,0.0,18148.0,0.0,2503.0,132670.0,68212.0,2018-07-16,2018-07-16,2018,7
SIO,32.867,-117.257,20180723.0,2018-07-23 17:19:00+00:00,23.1,100.0,1.19,1.2,1.19,0.17,0.27,0.22,0.11,1.6,0.0,0.33,0.0,200.0,0.0,10013.0,0.0,0.0,220908.0,46309.0,2018-07-23,2018-07-23,2018,7
SIO,32.867,-117.257,20180730.0,2018-07-30 17:19:00+00:00,25.3,100.0,1.77,1.76,1.77,0.21,0.29,0.25,0.0,0.0,0.0,0.3,0.22,200.0,0.0,816.0,0.0,0.0,174807.0,18757.0,2018-07-30,2018-07-30,2018,7
SIO,32.867,-117.257,20180806.0,2018-08-06 18:16:00+00:00,25.5,100.0,2.54,2.59,2.56,0.69,0.68,0.68,0.0,1.1,0.0,0.0,0.0,200.0,0.0,680.0,0.0,0.0,79791.0,54643.0,2018-08-06,2018-08-06,2018,8
SIO,32.867,-117.257,20180813.0,2018-08-13 17:27:00+00:00,25.1,100.0,1.1,1.07,1.08,0.12,0.19,0.15,0.0,1.4,0.0,0.0,0.0,200.0,0.0,2051.0,0.0,0.0,59487.0,45537.0,2018-08-13,2018-08-13,2018,8
SIO,32.867,-117.257,20180820.0,2018-08-20 17:11:00+00:00,23.1,100.0,1.48,1.46,1.47,0.35,0.33,0.34,0.35,2.2,0.0,0.0,0.21,200.0,0.0,1641.0,0.0,0.0,29948.0,29127.0,2018-08-20,2018-08-20,2018,8
SIO,32.867,-117.257,20180827.0,2018-08-27 17:40:00+00:00,23.7,100.0,2.77,2.8,2.78,0.35,0.38,0.36,0.13,1.3,0.0,0.0,0.0,200.0,0.0,3755.0,0.0,0.0,138302.0,66334.0,2018-08-27,2018-08-27,2018,8
SIO,32.867,-117.257,20180904.0,2018-09-04 17:17:00+00:00,23.1,100.0,6.55,6.85,6.7,0.77,1.16,0.96,0.0,0.0,0.0,0.41,0.0,200.0,0.0,6258.0,0.0,0.0,376107.0,57573.0,2018-09-04,2018-09-03,2018,9
SIO,32.867,-117.257,20180910.0,2018-09-10 17:42:00+00:00,21.3,100.0,1.65,1.61,1.63,0.35,0.36,0.35,0.23,1.6,0.0,0.46,0.0,200.0,0.0,3535.0,0.0,0.0,58178.0,32487.0,2018-09-10,2018-09-10,2018,9
SIO,32.867,-117.257,20180917.0,2018-09-17 17:13:00+00:00,21.9,100.0,1.61,1.64,1.62,0.41,0.35,0.38,0.14,1.9,0.0,0.0,0.0,200.0,0.0,1426.0,0.0,0.0,9891.0,20407.0,2018-09-17,2018-09-17,2018,9
SIO,32.867,-117.257,20180924.0,2018-09-24 17:07:00+00:00,21.3,100.0,1.7,1.64,1.67,0.26,0.26,0.26,0.11,2.1,0.0,0.0,0.0,200.0,0.0,0.0,0.0,0.0,19982.0,76528.0,2018-09-24,2018-09-24,2018,9
SIO,32.867,-117.257,20181001.0,2018-10-01 17:13:00+00:00,20.3,100.0,1.2,1.17,1.19,0.2,0.2,0.2,0.0,2.5,0.0,0.0,0.0,200.0,0.0,2990.0,0.0,272.0,43906.0,24467.0,2018-10-01,2018-10-01,2018,10
SIO,32.867,-117.257,20181008.0,2018-10-08 17:10:00+00:00,18.7,100.0,0.17,0.97,0.57,0.0,0.06,0.0,0.18,2.8,0.0,0.27,0.0,200.0,0.0,63589.0,5744.0,0.0,221535.0,21333.0,2018-10-08,2018-10-08,2018,10
SIO,32.867,-117.257,20181015.0,2018-10-15 17:09:00+00:00,18.1,100.0,1.43,1.44,1.44,0.18,0.19,0.18,0.23,2.8,0.0,0.53,0.0,200.0,0.0,10738.0,0.0,0.0,28818.0,29633.0,2018-10-15,2018-10-15,2018,10
SIO,32.867,-117.257,20181022.0,2018-10-22 17:00:00+00:00,18.8,100.0,0.79,0.8,0.8,0.0,0.0,0.0,0.17,2.6,0.0,0.0,0.0,200.0,0.0,6389.0,544.0,0.0,13457.0,22564.0,2018-10-22,2018-10-22,2018,10
SIO,32.867,-117.257,20181029.0,2018-10-29 17:25:00+00:00,19.0,100.0,1.02,1.05,1.04,0.05,0.05,0.05,0.12,2.4,0.0,0.0,0.0,200.0,0.0,4485.0,544.0,0.0,33032.0,11690.0,2018-10-29,2018-10-29,2018,10
SIO,32.867,-117.257,20181105.0,2018-11-05 18:22:00+00:00,19.0,100.0,0.46,0.44,0.45,0.17,0.18,0.17,0.12,2.1,0.0,0.25,0.0,200.0,0.0,3806.0,0.0,272.0,19302.0,17943.0,2018-11-05,2018-11-05,2018,11
SIO,32.867,-117.257,20181113.0,2018-11-13 18:18:00+00:00,17.5,100.0,0.73,0.71,0.72,0.37,0.43,0.4,0.24,2.7,0.0,0.21,0.24,200.0,0.0,1337.0,0.0,0.0,11584.0,9535.0,2018-11-13,2018-11-12,2018,11
SIO,32.867,-117.257,20181119.0,2018-11-19 18:13:00+00:00,18.2,100.0,0.6,0.59,0.6,0.0,0.0,0.0,0.2,2.2,0.0,0.34,0.0,200.0,0.0,1903.0,544.0,0.0,10059.0,15088.0,2018-11-19,2018-11-19,2018,11
SIO,32.867,-117.257,20181126.0,2018-11-26 17:51:00+00:00,17.9,100.0,0.92,1.08,1.0,0.2,0.28,0.24,0.19,2.4,0.0,0.0,0.0,200.0,0.0,10875.0,1495.0,0.0,28138.0,19437.0,2018-11-26,2018-11-26,2018,11
SIO,32.867,-117.257,20181203.0,2018-12-03 18:24:00+00:00,17.1,100.0,1.02,0.99,1.0,0.22,0.17,0.19,0.25,2.9,0.0,0.4,0.0,200.0,0.0,13538.0,1641.0,0.0,70153.0,30358.0,2018-12-03,2018-12-03,2018,12
SIO,32.867,-117.257,20181210.0,2018-12-10 18:13:00+00:00,16.9,100.0,0.64,0.62,0.63,0.09,0.07,0.08,0.4,1.7,0.0,0.65,0.0,200.0,0.0,2851.0,0.0,0.0,11050.0,6238.0,2018-12-10,2018-12-10,2018,12
SIO,32.867,-117.257,20181217.0,2018-12-17 18:26:00+00:00,16.8,100.0,1.13,1.1,1.11,0.51,0.48,0.49,0.4,1.8,0.0,0.59,0.0,200.0,0.0,3806.0,272.0,0.0,23652.0,13593.0,2018-12-17,2018-12-17,2018,12
SIO,32.867,-117.257,20181223.0,2018-12-23 18:21:00+00:00,16.7,100.0,0.96,0.95,0.95,0.31,0.38,0.34,0.44,2.1,0.0,0.78,0.29,200.0,0.0,3806.0,0.0,0.0,20390.0,11961.0,2018-12-23,2018-12-17,2018,12
SIO,32.867,-117.257,20181231.0,2018-12-31 18:16:00+00:00,15.7,100.0,2.03,2.09,2.06,0.63,0.57,0.6,0.45,3.5,0.0,0.45,0.2,200.0,0.0,8615.0,0.0,0.0,63179.0,42665.0,2018-12-31,2018-12-31,2018,12
SIO,32.867,-117.257,20190107.0,2019-01-07 18:08:00+00:00,15.3,100.0,0.71,0.69,0.7,0.46,0.48,0.47,0.48,2.5,0.0,0.42,0.21,200.0,0.0,980.0,0.0,0.0,8733.0,8822.0,2019-01-07,2019-01-07,2019,1
SIO,32.867,-117.257,20190114.0,2019-01-14 18:09:00+00:00,15.6,100.0,0.65,0.68,0.67,0.19,0.2,0.19,0.5,1.9,0.0,0.34,0.0,200.0,0.0,0.0,0.0,0.0,10515.0,11318.0,2019-01-14,2019-01-14,2019,1
SIO,32.867,-117.257,20190122.0,2019-01-22 18:05:00+00:00,15.5,100.0,1.42,1.41,1.41,0.67,0.65,0.66,0.47,2.9,0.0,0.37,0.37,200.0,0.0,3399.0,1087.0,0.0,16447.0,14408.0,2019-01-22,2019-01-21,2019,1
SIO,32.867,-117.257,20190128.0,2019-01-28 18:03:00+00:00,15.3,100.0,1.47,1.49,1.48,0.6,0.6,0.6,0.44,3.1,0.0,0.63,0.0,200.0,0.0,3398.0,5029.0,0.0,24197.0,21750.0,2019-01-28,2019-01-28,2019,1
SIO,32.867,-117.257,20190204.0,2019-02-04 18:08:00+00:00,15.6,100.0,0.95,0.99,0.97,0.2,0.24,0.22,0.48,2.3,0.0,0.41,0.0,200.0,0.0,4381.0,0.0,2503.0,53193.0,42554.0,2019-02-04,2019-02-04,2019,2
SIO,32.867,-117.257,20190211.0,2019-02-11 17:51:00+00:00,14.8,100.0,1.57,1.54,1.56,0.47,0.57,0.52,0.49,2.2,0.0,0.0,0.0,200.0,0.0,8762.0,0.0,0.0,108263.0,143933.0,2019-02-11,2019-02-11,2019,2
SIO,32.867,-117.257,20190219.0,2019-02-19 18:30:00+00:00,14.5,100.0,0.74,0.74,0.74,0.39,0.42,0.4,0.58,5.4,0.0,1.31,1.59,200.0,0.0,1223.0,0.0,0.0,17536.0,22020.0,2019-02-19,2019-02-18,2019,2
SIO,32.867,-117.257,20190225.0,2019-02-25 17:57:00+00:00,14.0,100.0,2.03,1.91,1.97,0.52,0.63,0.57,0.54,3.2,0.0,0.74,1.19,200.0,0.0,8761.0,5006.0,0.0,389249.0,20025.0,2019-02-25,2019-02-25,2019,2
SIO,32.867,-117.257,20190304.0,2019-03-04 17:56:00+00:00,14.6,100.0,1.5,1.49,1.49,0.7,0.82,0.76,0.54,0.0,0.0,0.88,0.24,200.0,0.0,31290.0,10638.0,0.0,299760.0,48812.0,2019-03-04,2019-03-04,2019,3
SIO,32.867,-117.257,20190311.0,2019-03-11 17:01:00+00:00,14.6,100.0,2.23,2.28,2.26,0.84,0.82,0.83,0.48,1.2,0.0,2.21,0.49,200.0,0.0,2582.0,0.0,3262.0,8972.0,37923.0,2019-03-11,2019-03-11,2019,3
SIO,32.867,-117.257,20190318.0,2019-03-18 17:09:00+00:00,15.7,100.0,1.32,1.46,1.39,0.6,0.49,0.55,0.47,2.3,0.0,0.8,0.41,200.0,0.0,0.0,0.0,544.0,19030.0,27185.0,2019-03-18,2019-03-18,2019,3
SIO,32.867,-117.257,20190325.0,2019-03-25 17:05:00+00:00,15.8,100.0,1.56,1.52,1.54,1.01,0.91,0.96,0.44,2.1,0.0,0.93,0.59,200.0,0.06,15020.0,28787.0,1877.0,138927.0,71967.0,2019-03-25,2019-03-25,2019,3
SIO,32.867,-117.257,20190401.0,2019-04-01 17:35:00+00:00,16.0,100.0,2.41,2.2,2.3,1.24,1.24,1.24,0.34,3.8,0.0,0.39,0.44,200.0,0.0,1088.0,2855.0,3534.0,63479.0,29360.0,2019-04-01,2019-04-01,2019,4
SIO,32.867,-117.257,20190408.0,2019-04-08 17:44:00+00:00,16.1,100.0,2.09,1.93,2.01,0.79,0.91,0.85,0.48,3.5,0.0,1.02,0.88,200.0,0.13,63206.0,33793.0,8761.0,72593.0,55695.0,2019-04-08,2019-04-08,2019,4
SIO,32.867,-117.257,20190415.0,2019-04-15 18:03:00+00:00,16.0,100.0,2.74,2.65,2.7,0.64,0.66,0.65,0.38,5.1,0.0,0.62,0.39,200.0,0.0,3262.0,816.0,5981.0,23108.0,27863.0,2019-04-15,2019-04-15,2019,4
SIO,32.867,-117.257,20190422.0,2019-04-22 18:19:00+00:00,17.0,100.0,0.46,0.44,0.45,0.07,0.07,0.07,0.28,3.7,0.0,0.41,0.0,200.0,0.0,3262.0,816.0,0.0,29769.0,19302.0,2019-04-22,2019-04-22,2019,4
SIO,32.867,-117.257,20190429.0,2019-04-29 18:02:00+00:00,17.8,100.0,1.48,1.38,1.43,0.52,0.5,0.51,0.29,3.4,0.0,0.43,0.0,200.0,0.0,4214.0,544.0,0.0,16991.0,45944.0,2019-04-29,2019-04-29,2019,4
SIO,32.867,-117.257,20190506.0,2019-05-06 17:52:00+00:00,18.4,100.0,0.9,0.92,0.91,0.27,0.35,0.31,0.24,3.7,0.0,1.14,0.0,200.0,0.0,10330.0,1223.0,0.0,5574.0,27050.0,2019-05-06,2019-05-06,2019,5
SIO,32.867,-117.257,20190513.0,2019-05-13 17:57:00+00:00,18.3,100.0,2.12,2.31,2.21,0.51,0.39,0.45,0.28,4.9,0.0,0.97,0.12,200.0,0.0,11890.0,0.0,3755.0,46310.0,53819.0,2019-05-13,2019-05-13,2019,5
SIO,32.867,-117.257,20190520.0,2019-05-20 18:00:00+00:00,17.6,100.0,8.8,8.28,8.54,1.15,1.61,1.38,0.3,6.2,0.0,0.5,0.23,200.0,0.0,19400.0,0.0,1252.0,56948.0,93869.0,2019-05-20,2019-05-20,2019,5
SIO,32.867,-117.257,20190528.0,2019-05-28 17:27:00+00:00,17.2,100.0,5.82,5.83,5.82,0.56,0.64,0.6,0.27,6.6,0.0,0.42,0.0,200.0,0.0,88863.0,24407.0,3755.0,143309.0,76973.0,2019-05-28,2019-05-27,2019,5
SIO,32.867,-117.257,20190603.0,2019-06-03 17:44:00+00:00,18.0,100.0,54.68,56.69,55.68,0.0,0.0,0.0,0.17,6.3,0.0,0.0,0.0,200.0,0.0,56948.0,38174.0,13768.0,66335.0,241558.0,2019-06-03,2019-06-03,2019,6
SIO,32.867,-117.257,20190610.0,2019-06-10 17:42:00+00:00,19.2,100.0,6.27,6.28,6.28,1.11,0.8,0.95,0.21,4.0,0.0,0.6,0.0,200.0,0.0,27535.0,0.0,1252.0,86361.0,78225.0,2019-06-10,2019-06-10,2019,6
SIO,32.867,-117.257,20190617.0,2019-06-17 17:15:00+00:00,19.4,100.0,17.31,16.05,16.68,2.2,4.56,3.38,0.16,4.2,0.0,0.69,0.0,200.0,0.0,14393.0,0.0,2503.0,87613.0,184612.0,2019-06-17,2019-06-17,2019,6
SIO,32.867,-117.257,20190624.0,2019-06-24 17:19:00+00:00,19.8,100.0,4.34,4.24,4.29,1.18,1.31,1.25,0.3,3.5,0.0,1.45,0.0,200.0,0.0,5006.0,0.0,1252.0,80729.0,130794.0,2019-06-24,2019-06-24,2019,6
SIO,32.867,-117.257,20190701.0,2019-07-01 17:19:00+00:00,17.8,100.0,1.89,1.84,1.86,0.45,0.54,0.5,0.28,4.1,0.0,1.02,0.46,200.0,0.0,31290.0,10012.0,1252.0,153322.0,54444.0,2019-07-01,2019-07-01,2019,7
SIO,32.867,-117.257,20190708.0,2019-07-08 17:25:00+00:00,19.3,100.0,0.94,0.94,0.94,0.41,0.44,0.43,0.21,3.7,0.0,1.85,0.0,200.0,0.0,46309.0,8762.0,0.0,146437.0,55695.0,2019-07-08,2019-07-08,2019,7
SIO,32.867,-117.257,20190715.0,2019-07-15 17:17:00+00:00,21.3,100.0,3.21,3.3,3.26,1.03,1.1,1.07,0.0,1.8,0.0,0.23,0.0,200.0,0.0,46935.0,1252.0,0.0,103883.0,105760.0,2019-07-15,2019-07-15,2019,7
SIO,32.867,-117.257,20190722.0,2019-07-22 17:19:00+00:00,22.2,100.0,1.73,1.74,1.74,0.65,0.75,0.7,0.14,1.1,0.0,1.3,0.0,200.0,0.0,31590.0,1641.0,0.0,79178.0,57845.0,2019-07-22,2019-07-22,2019,7
SIO,32.867,-117.257,20190729.0,2019-07-29 17:15:00+00:00,22.8,100.0,1.87,1.97,1.92,0.68,0.74,0.71,0.14,2.0,0.0,0.73,0.22,200.0,0.0,20512.0,1641.0,0.0,66461.0,52102.0,2019-07-29,2019-07-29,2019,7
SIO,32.867,-117.257,20190805.0,2019-08-05 17:14:00+00:00,21.5,100.0,1.82,1.86,1.84,0.92,1.02,0.97,0.11,2.3,0.0,0.58,0.0,200.0,0.0,14273.0,272.0,0.0,87540.0,32352.0,2019-08-05,2019-08-05,2019,8
SIO,32.867,-117.257,20190812.0,2019-08-12 17:11:00+00:00,21.4,100.0,5.99,6.52,6.26,1.6,1.79,1.69,0.0,2.1,0.0,0.21,0.0,200.0,0.0,50064.0,1252.0,0.0,165837.0,71340.0,2019-08-12,2019-08-12,2019,8
SIO,32.867,-117.257,20190819.0,2019-08-19 17:15:00+00:00,21.5,100.0,2.67,2.71,2.69,0.71,0.7,0.71,0.0,1.6,0.0,0.45,0.0,200.0,0.0,66335.0,5006.0,0.0,445571.0,51941.0,2019-08-19,2019-08-19,2019,8
SIO,32.867,-117.257,20190826.0,2019-08-26 17:52:00+00:00,19.9,100.0,6.7,6.9,6.8,1.63,1.35,1.49,0.19,2.2,0.0,0.54,0.0,200.0,0.0,36922.0,3755.0,6258.0,456835.0,249694.0,2019-08-26,2019-08-26,2019,8
SIO,32.867,-117.257,20190903.0,2019-09-03 17:08:00+00:00,25.2,100.0,4.21,4.62,4.42,1.53,1.55,1.54,0.0,0.0,0.0,0.0,0.0,200.0,0.0,1088.0,1088.0,0.0,145446.0,48254.0,2019-09-03,2019-09-02,2019,9
SIO,32.867,-117.257,20190909.0,2019-09-09 17:15:00+00:00,24.2,100.0,2.15,2.01,2.08,0.54,0.82,0.68,0.0,1.0,0.0,0.21,0.0,200.0,0.0,2719.0,0.0,0.0,70140.0,35342.0,2019-09-09,2019-09-09,2019,9
SIO,32.867,-117.257,20190916.0,2019-09-16 17:22:00+00:00,23.6,100.0,1.77,1.79,1.78,0.63,0.7,0.67,0.0,1.4,0.0,0.0,0.0,200.0,0.0,11554.0,272.0,0.0,61713.0,26098.0,2019-09-16,2019-09-16,2019,9
SIO,32.867,-117.257,20190923.0,2019-09-23 17:22:00+00:00,20.9,100.0,2.2,2.14,2.17,0.74,0.72,0.73,0.0,2.3,0.0,0.78,0.0,200.0,0.0,6524.0,544.0,272.0,89851.0,44177.0,2019-09-23,2019-09-23,2019,9
SIO,32.867,-117.257,20190930.0,2019-09-30 17:34:00+00:00,21.0,100.0,2.4,2.31,2.36,1.01,0.99,1.0,0.0,1.8,0.0,0.21,0.0,200.0,0.0,25032.0,1252.0,0.0,128915.0,73842.0,2019-09-30,2019-09-30,2019,9
SIO,32.867,-117.257,20191007.0,2019-10-07 18:30:00+00:00,19.3,100.0,2.2,2.14,2.17,0.93,0.87,0.9,0.17,2.8,0.0,0.34,0.0,200.0,0.0,85109.0,4381.0,1252.0,164586.0,75096.0,2019-10-07,2019-10-07,2019,10
SIO,32.867,-117.257,20191014.0,2019-10-14 18:16:00+00:00,18.9,100.0,1.29,1.42,1.36,0.43,0.47,0.45,0.0,3.1,0.0,0.57,0.0,200.0,0.0,63832.0,3755.0,0.0,162082.0,52567.0,2019-10-14,2019-10-14,2019,10
SIO,32.867,-117.257,20191021.0,2019-10-21 18:26:00+00:00,17.9,100.0,0.19,0.12,0.16,3.11,3.17,3.14,0.17,4.2,0.0,0.75,0.59,200.0,0.0,58825.0,3755.0,5006.0,257205.0,70090.0,2019-10-21,2019-10-21,2019,10
SIO,32.867,-117.257,20191028.0,2019-10-28 18:35:00+00:00,19.7,100.0,0.97,1.0,0.98,0.38,0.43,0.41,0.0,1.9,0.0,0.0,0.0,200.0,0.0,25658.0,0.0,0.0,193373.0,33167.0,2019-10-28,2019-10-28,2019,10
SIO,32.867,-117.257,20191104.0,2019-11-04 19:26:00+00:00,18.7,100.0,0.84,0.84,0.84,0.34,0.33,0.33,0.12,2.4,0.0,0.98,0.0,200.0,0.0,6525.0,680.0,272.0,29904.0,16174.0,2019-11-04,2019-11-04,2019,11
SIO,32.867,-117.257,20191112.0,2019-11-12 18:40:00+00:00,18.4,100.0,0.95,0.94,0.94,0.49,0.5,0.49,0.13,2.1,0.0,1.13,0.38,200.0,0.0,2855.0,272.0,0.0,19981.0,13050.0,2019-11-12,2019-11-11,2019,11
SIO,32.867,-117.257,20191118.0,2019-11-18 19:13:00+00:00,16.9,100.0,1.26,1.3,1.28,0.58,0.66,0.62,0.2,3.9,0.0,0.87,0.45,200.0,0.0,7476.0,1903.0,2311.0,32080.0,16991.0,2019-11-18,2019-11-18,2019,11
SIO,32.867,-117.257,20191125.0,2019-11-25 18:15:00+00:00,16.9,100.0,1.4,1.46,1.43,0.73,0.74,0.74,0.21,3.0,0.0,0.78,0.77,200.0,0.0,45683.0,4381.0,1252.0,143935.0,49437.0,2019-11-25,2019-11-25,2019,11
SIO,32.867,-117.257,20191202.0,2019-12-02 19:30:00+00:00,16.5,100.0,2.41,2.42,2.42,0.81,0.81,0.81,0.16,3.2,0.0,0.37,0.21,200.0,0.0,37548.0,5632.0,5006.0,182109.0,86986.0,2019-12-02,2019-12-02,2019,12
SIO,32.867,-117.257,20191209.0,2019-12-09 18:35:00+00:00,16.8,100.0,1.28,1.28,1.28,0.62,0.67,0.64,0.15,2.6,0.0,0.42,0.0,200.0,0.0,9026.0,0.0,0.0,72614.0,30768.0,2019-12-09,2019-12-09,2019,12
SIO,32.867,-117.257,20191216.0,2019-12-16 18:17:00+00:00,16.1,100.0,2.66,2.11,2.39,0.94,0.86,0.9,0.15,3.8,0.0,0.35,0.49,200.0,0.0,15645.0,1252.0,0.0,76973.0,45683.0,2019-12-16,2019-12-16,2019,12
SIO,32.867,-117.257,20191223.0,2019-12-23 17:40:00+00:00,15.5,100.0,1.55,1.43,1.49,0.51,0.6,0.55,0.16,2.5,0.0,0.8,0.53,200.0,0.0,8135.0,1252.0,0.0,84483.0,34419.0,2019-12-23,2019-12-23,2019,12
SIO,32.867,-117.257,20191230.0,2019-12-30 18:13:00+00:00,15.1,100.0,1.59,1.67,1.63,0.65,0.65,0.65,0.24,3.3,0.0,1.25,0.69,200.0,0.0,4622.0,1631.0,0.0,40915.0,23244.0,2019-12-30,2019-12-30,2019,12
SIO,32.867,-117.257,20200106.0,2020-01-06 17:55:00+00:00,15.5,100.0,1.06,1.17,1.11,0.62,0.71,0.67,0.18,3.0,0.0,0.57,0.25,200.0,0.0,5744.0,821.0,0.0,68101.0,27485.0,2020-01-06,2020-01-06,2020,1
SIO,32.867,-117.257,20200113.0,2020-01-13 19:10:00+00:00,15.3,100.0,1.14,1.09,1.12,0.55,0.61,0.58,0.32,3.6,0.0,0.83,0.98,200.0,0.0,11488.0,3282.0,0.0,80819.0,21742.0,2020-01-13,2020-01-13,2020,1
SIO,32.867,-117.257,20200121.0,2020-01-21 19:00:00+00:00,15.4,100.0,1.47,1.36,1.42,0.61,0.74,0.68,0.27,2.8,0.0,0.47,0.26,200.0,0.0,7884.0,1767.0,0.0,49071.0,21205.0,2020-01-21,2020-01-20,2020,1
SIO,32.867,-117.257,20200127.0,2020-01-27 18:47:00+00:00,15.6,100.0,0.58,0.56,0.57,0.25,0.24,0.24,0.24,2.5,0.0,0.6,0.22,200.0,0.0,3942.0,544.0,0.0,21749.0,14543.0,2020-01-27,2020-01-27,2020,1
SIO,32.867,-117.257,20200203.0,2020-02-03 18:40:00+00:00,15.5,100.0,0.79,0.82,0.8,0.55,0.56,0.56,0.29,2.7,0.0,0.75,0.0,200.0,0.0,9515.0,680.0,0.0,38061.0,14273.0,2020-02-03,2020-02-03,2020,2
SIO,32.867,-117.257,20200210.0,2020-02-10 18:34:00+00:00,14.8,100.0,0.99,1.0,0.99,0.37,0.35,0.36,0.26,2.9,0.0,0.52,0.0,200.0,0.0,35886.0,4758.0,272.0,44449.0,10873.0,2020-02-10,2020-02-10,2020,2
SIO,32.867,-117.257,20200218.0,2020-02-18 17:58:00+00:00,15.6,100.0,0.94,0.85,0.9,0.42,0.48,0.45,0.33,2.5,0.0,0.84,0.39,200.0,0.0,65640.0,8615.0,0.0,131691.0,16000.0,2020-02-18,2020-02-17,2020,2
SIO,32.867,-117.257,20200224.0,2020-02-24 18:27:00+00:00,15.7,100.0,0.83,0.84,0.84,0.29,0.28,0.28,0.28,2.4,0.0,0.29,0.0,200.0,0.0,18078.0,3126.0,0.0,69734.0,8156.0,2020-02-24,2020-02-24,2020,2
SIO,32.867,-117.257,20200302.0,2020-03-02 18:30:00+00:00,15.8,100.0,0.82,0.84,0.83,0.31,0.28,0.3,0.23,2.1,0.0,0.37,0.0,200.0,0.0,11890.0,5632.0,0.0,155199.0,23153.0,2020-03-02,2020-03-02,2020,3
SIO,32.867,-117.257,20200309.0,2020-03-09 17:40:00+00:00,16.1,100.0,0.72,0.72,0.72,0.27,0.24,0.25,0.25,2.0,0.0,0.79,0.55,200.0,0.0,7795.0,821.0,0.0,47588.0,11487.0,2020-03-09,2020-03-09,2020,3
SIO,32.867,-117.257,20200316.0,2020-03-16 17:44:00+00:00,16.4,100.0,1.93,1.54,1.73,0.37,0.78,0.58,0.16,2.3,0.0,0.44,0.0,200.0,0.0,11555.0,1224.0,0.0,72178.0,11553.0,2020-03-16,2020-03-16,2020,3
SIO,32.867,-117.257,20200323.0,2020-03-23 17:09:00+00:00,16.5,100.0,0.87,0.86,0.86,0.37,0.3,0.33,0.21,2.4,0.0,0.55,0.0,200.0,0.0,8428.0,272.0,0.0,74898.0,11283.0,2020-03-23,2020-03-23,2020,3
SIO,32.867,-117.257,20200330.0,2020-03-30 18:40:00+00:00,16.3,100.0,3.18,2.59,2.89,0.77,0.74,0.76,0.28,3.8,0.0,0.66,0.26,200.0,0.0,13142.0,1252.0,0.0,143934.0,40676.0,2020-03-30,2020-03-30,2020,3
SIO,32.867,-117.257,20200407.0,2020-04-07 20:30:00+00:00,16.0,100.0,1.24,1.4,1.32,0.4,0.44,0.42,0.28,3.8,0.0,0.27,0.0,200.0,0.0,13539.0,18461.0,0.0,128819.0,32000.0,2020-04-07,2020-04-06,2020,4
SIO,32.867,-117.257,20200413.0,2020-04-13 18:40:00+00:00,16.3,100.0,1.57,1.99,1.78,0.49,0.51,0.5,0.31,7.0,0.0,0.24,0.0,200.0,0.0,6884.0,4381.0,0.0,95121.0,15645.0,2020-04-13,2020-04-13,2020,4
SIO,32.867,-117.257,20200420.0,2020-04-20 19:26:00+00:00,16.7,100.0,45.25,36.45,40.85,5.81,5.21,5.51,0.12,8.2,0.0,0.0,0.0,200.0,0.0,13323.0,0.0,0.0,65136.0,35529.0,2020-04-20,2020-04-20,2020,4
SIO,32.867,-117.257,20200427.0,2020-04-27 18:17:00+00:00,19.9,100.0,561.94,373.38,467.66,60.53,48.87,54.7,0.13,8.3,0.0,0.0,0.0,200.0,0.04,26084.0,0.0,0.0,104337.0,143463.0,2020-04-27,2020-04-27,2020,4
SIO,32.867,-117.257,20200504.0,2020-05-04 19:35:00+00:00,19.5,100.0,398.18,383.07,390.63,45.62,54.97,50.3,0.32,11.0,0.0,0.32,0.0,200.0,0.0,0.0,0.0,0.0,44411.0,230937.0,2020-05-04,2020-05-04,2020,5
SIO,32.867,-117.257,20200511.0,2020-05-11 19:50:00+00:00,20.5,100.0,84.5,68.05,73.61,7.72,6.39,7.18,0.15,6.6,0.0,0.0,0.0,200.0,0.0,4381.0,0.0,1252.0,91992.0,125785.0,2020-05-11,2020-05-11,2020,5
SIO,32.867,-117.257,20200518.0,2020-05-18 19:35:00+00:00,20.5,100.0,7.17,7.09,7.13,2.91,3.02,2.85,0.57,5.5,0.0,11.44,0.0,200.0,0.0,48813.0,7509.0,95122.0,1757877.0,717794.0,2020-05-18,2020-05-18,2020,5
SIO,32.867,-117.257,20200526.0,2020-05-26 19:30:00+00:00,19.3,100.0,11.84,11.86,11.85,2.51,2.56,2.53,0.0,1.3,0.0,0.0,0.48,200.0,0.0,226577.0,40668.0,11619.0,9153093.0,287577.0,2020-05-26,2020-05-25,2020,5
SIO,32.867,-117.257,20200601.0,2020-06-01 20:30:00+00:00,16.4,100.0,4.6,4.52,4.56,1.3,1.51,1.4,0.4,7.0,0.0,0.29,0.34,200.0,0.0,140180.0,19400.0,0.0,2016333.0,115773.0,2020-06-01,2020-06-01,2020,6
SIO,32.867,-117.257,20200608.0,2020-06-08 18:25:00+00:00,19.0,100.0,1.64,1.56,1.6,0.61,0.75,0.68,0.26,3.2,0.0,0.34,0.0,200.0,0.0,125161.0,16271.0,0.0,344816.0,56322.0,2020-06-08,2020-06-08,2020,6
SIO,32.867,-117.257,20200615.0,2020-06-15 17:34:00+00:00,20.6,100.0,2.45,2.25,2.35,0.97,1.14,1.05,0.19,3.0,0.0,0.0,0.0,200.0,0.0,8564.0,1767.0,0.0,47712.0,36157.0,2020-06-15,2020-06-15,2020,6
SIO,32.867,-117.257,20200622.0,2020-06-22 18:09:00+00:00,20.4,100.0,2.61,2.46,2.54,1.1,1.12,1.11,0.14,2.5,0.0,0.0,0.0,200.0,0.0,6252.0,0.0,0.0,123291.0,36565.0,2020-06-22,2020-06-22,2020,6
SIO,32.867,-117.257,20200629.0,2020-06-29 17:19:00+00:00,20.0,100.0,2.14,2.01,2.08,0.8,0.91,0.86,0.17,3.8,0.0,0.26,0.0,200.0,0.0,4513.0,0.0,0.0,105845.0,28716.0,2020-06-29,2020-06-29,2020,6
SIO,32.867,-117.257,20200706.0,2020-07-06 19:19:00+00:00,22.2,100.0,2.49,2.38,2.44,0.62,0.67,0.65,0.1,3.9,0.0,0.0,0.0,200.0,0.0,1641.0,0.0,0.0,98050.0,49640.0,2020-07-06,2020-07-06,2020,7
SIO,32.867,-117.257,20200713.0,2020-07-13 18:00:00+00:00,23.3,100.0,3.39,3.19,3.29,0.94,1.14,1.04,0.11,2.7,0.0,0.0,0.0,200.0,0.0,7795.0,0.0,0.0,108716.0,38564.0,2020-07-13,2020-07-13,2020,7
SIO,32.867,-117.257,20200720.0,2020-07-20 18:19:00+00:00,15.3,100.0,2.71,2.87,2.79,1.77,1.23,1.5,0.66,8.7,0.0,1.04,2.05,200.0,0.0,25032.0,4381.0,0.0,185237.0,73219.0,2020-07-20,2020-07-20,2020,7
SIO,32.867,-117.257,20200727.0,2020-07-27 18:30:00+00:00,20.3,100.0,4.04,3.67,3.86,1.12,1.55,1.33,0.19,4.2,0.0,0.0,0.0,200.0,0.0,28787.0,0.0,0.0,250321.0,38172.0,2020-07-27,2020-07-27,2020,7
SIO,32.867,-117.257,20200803.0,2020-08-03 17:25:00+00:00,19.0,100.0,1.6,1.59,1.59,0.54,0.57,0.55,0.3,3.0,0.0,0.0,0.0,200.0,0.0,58199.0,9387.0,0.0,448700.0,13141.0,2020-08-03,2020-08-03,2020,8
SIO,32.867,-117.257,20200810.0,2020-08-10 18:15:00+00:00,19.9,100.0,3.74,3.58,3.66,0.76,0.84,0.8,0.17,2.6,0.0,0.0,0.0,200.0,0.05,44432.0,11890.0,0.0,668356.0,53193.0,2020-08-10,2020-08-10,2020,8
SIO,32.867,-117.257,20200817.0,2020-08-17 17:40:00+00:00,22.0,100.0,0.93,0.93,0.93,0.27,0.31,0.29,0.14,1.9,0.0,0.22,0.0,200.0,0.0,15225.0,1223.0,0.0,90802.0,10738.0,2020-08-17,2020-08-17,2020,8
SIO,32.867,-117.257,20200824.0,2020-08-24 18:09:00+00:00,24.7,100.0,2.18,2.06,2.12,0.56,0.57,0.57,0.14,1.5,0.0,0.0,0.0,200.0,0.0,2039.0,952.0,0.0,49343.0,16583.0,2020-08-24,2020-08-24,2020,8
SIO,32.867,-117.257,20200831.0,2020-08-31 17:34:00+00:00,17.3,100.0,1.62,1.7,1.66,0.41,0.46,0.44,0.37,3.3,0.0,0.0,0.0,200.0,0.0,77600.0,17522.0,0.0,237179.0,31289.0,2020-08-31,2020-08-31,2020,8
SIO,32.867,-117.257,20200908.0,2020-09-08 18:50:00+00:00,22.0,100.0,1.64,1.57,1.6,0.59,0.58,0.59,0.21,1.9,0.0,1.16,0.0,200.0,0.0,10739.0,544.0,0.0,47168.0,16991.0,2020-09-08,2020-09-07,2020,9
SIO,32.867,-117.257,20200914.0,2020-09-14 18:09:00+00:00,21.9,100.0,1.58,1.58,1.58,0.37,0.42,0.39,0.1,1.7,0.0,0.0,0.0,200.0,0.0,1359.0,0.0,0.0,66743.0,15768.0,2020-09-14,2020-09-14,2020,9
SIO,32.867,-117.257,20200921.0,2020-09-21 17:30:00+00:00,21.3,100.0,1.72,1.8,1.76,0.82,0.72,0.77,0.0,2.6,0.0,0.31,0.0,200.0,0.0,2583.0,272.0,0.0,36973.0,19030.0,2020-09-21,2020-09-21,2020,9
SIO,32.867,-117.257,20200928.0,2020-09-28 17:50:00+00:00,21.0,100.0,1.85,1.8,1.83,0.4,0.45,0.42,0.0,2.4,0.0,0.41,0.0,200.0,0.0,1903.0,0.0,0.0,34255.0,16719.0,2020-09-28,2020-09-28,2020,9
SIO,32.867,-117.257,20201005.0,2020-10-05 17:25:00+00:00,20.4,100.0,1.61,1.55,1.58,0.42,0.42,0.42,0.11,2.5,0.0,0.43,0.0,200.0,0.0,6796.0,0.0,0.0,49344.0,23379.0,2020-10-05,2020-10-05,2020,10
SIO,32.867,-117.257,20201012.0,2020-10-12 17:15:00+00:00,21.2,100.0,1.78,1.77,1.78,0.44,0.49,0.46,0.0,2.2,0.0,0.0,0.0,200.0,0.0,2990.0,408.0,272.0,51518.0,17126.0,2020-10-12,2020-10-12,2020,10
SIO,32.867,-117.257,20201019.0,2020-10-19 16:57:00+00:00,21.1,100.0,1.64,1.59,1.61,0.36,0.47,0.42,0.0,2.1,0.0,0.0,0.0,200.0,0.0,7884.0,544.0,0.0,66334.0,17126.0,2020-10-19,2020-10-19,2020,10
SIO,32.867,-117.257,20201026.0,2020-10-26 16:40:00+00:00,20.0,100.0,1.68,1.54,1.61,0.47,0.73,0.6,0.0,2.2,0.0,0.61,0.0,200.0,0.0,8428.0,272.0,0.0,64975.0,13864.0,2020-10-26,2020-10-26,2020,10
SIO,32.867,-117.257,20201102.0,2020-11-02 18:15:00+00:00,17.8,100.0,1.46,1.44,1.45,0.45,0.39,0.42,0.18,3.6,0.0,0.34,0.0,200.0,0.0,6525.0,1087.0,0.0,32352.0,15768.0,2020-11-02,2020-11-02,2020,11
SIO,32.867,-117.257,20201109.0,2020-11-09 18:09:00+00:00,17.4,100.0,2.03,2.02,2.02,1.03,1.01,1.02,0.25,3.1,0.0,0.61,0.26,200.0,0.0,22564.0,0.0,0.0,167382.0,34872.0,2020-11-09,2020-11-09,2020,11
SIO,32.867,-117.257,20201116.0,2020-11-16 18:40:00+00:00,15.6,100.0,4.88,4.64,4.76,1.02,1.16,1.09,0.26,4.1,0.0,0.0,0.0,200.0,0.0,66961.0,5632.0,0.0,344191.0,66961.0,2020-11-16,2020-11-16,2020,11
SIO,32.867,-117.257,20201123.0,2020-11-23 19:25:00+00:00,16.3,100.0,3.01,2.85,2.93,0.92,0.82,0.87,0.22,3.9,0.0,0.2,0.0,200.0,0.0,17522.0,1877.0,0.0,77600.0,78850.0,2020-11-23,2020-11-23,2020,11
SIO,32.867,-117.257,20201130.0,2020-11-30 18:15:00+00:00,16.3,100.0,1.56,1.51,1.54,0.45,0.39,0.42,0.16,3.3,0.0,0.67,0.0,200.0,0.0,12516.0,0.0,0.0,64458.0,20651.0,2020-11-30,2020-11-30,2020,11
SIO,32.867,-117.257,20201207.0,2020-12-07 18:25:00+00:00,15.7,100.0,1.57,1.42,1.5,0.35,0.4,0.37,0.2,2.8,0.0,0.42,0.0,200.0,0.0,5709.0,272.0,272.0,36430.0,20525.0,2020-12-07,2020-12-07,2020,12
SIO,32.867,-117.257,20201214.0,2020-12-14 18:19:00+00:00,15.7,100.0,1.91,1.93,1.92,0.47,0.46,0.46,0.22,2.9,0.0,0.41,0.0,200.0,0.0,12308.0,821.0,0.0,54973.0,16411.0,2020-12-14,2020-12-14,2020,12
SIO,32.867,-117.257,20201221.0,2020-12-21 18:15:00+00:00,15.2,100.0,2.87,2.9,2.88,0.92,0.85,0.89,0.21,3.4,0.0,0.31,0.0,200.0,0.0,6117.0,272.0,0.0,44721.0,24740.0,2020-12-21,2020-12-21,2020,12
SIO,32.867,-117.257,20201228.0,2020-12-28 17:25:00+00:00,14.8,100.0,2.98,2.82,2.9,0.66,0.75,0.7,0.24,3.6,0.0,0.39,0.0,200.0,0.0,25032.0,5006.0,1252.0,107013.0,29412.0,2020-12-28,2020-12-28,2020,12
SIO,32.867,-117.257,20210104.0,2021-01-04 18:19:00+00:00,14.6,100.0,3.32,3.65,3.48,0.92,0.66,0.79,0.27,4.3,0.0,0.4,0.8,200.0,0.0,20026.0,0.0,0.0,166463.0,27536.0,2021-01-04,2021-01-04,2021,1
SIO,32.867,-117.257,20210111.0,2021-01-11 18:57:00+00:00,13.9,100.0,4.25,4.19,4.22,0.8,0.63,0.71,0.46,5.7,0.0,0.23,3.26,200.0,0.0,25032.0,4381.0,2503.0,78225.0,16270.0,2021-01-11,2021-01-11,2021,1
SIO,32.867,-117.257,20210118.0,2021-01-18 20:50:00+00:00,15.0,100.0,5.4,5.48,5.44,0.93,0.54,0.73,0.17,3.5,0.0,3.94,0.0,200.0,0.0,18774.0,0.0,0.0,178979.0,38173.0,2021-01-18,2021-01-18,2021,1
SIO,32.867,-117.257,20210126.0,2021-01-26 20:00:00+00:00,14.7,100.0,2.74,2.19,2.47,1.26,1.82,1.54,0.32,2.9,0.0,2.03,0.0,200.0,0.0,10013.0,1252.0,1252.0,55696.0,25656.0,2021-01-26,2021-01-25,2021,1
SIO,32.867,-117.257,20210201.0,2021-02-01 18:50:00+00:00,14.5,100.0,4.2,4.02,4.11,0.81,0.63,0.72,0.27,3.9,0.0,0.0,0.0,200.0,0.0,11891.0,0.0,0.0,76347.0,51941.0,2021-02-01,2021-02-01,2021,2
SIO,32.867,-117.257,20210208.0,2021-02-08 18:30:00+00:00,14.3,100.0,7.95,7.98,7.96,1.06,0.95,1.0,0.26,4.1,0.0,0.42,0.0,200.0,0.0,28787.0,2503.0,0.0,120780.0,51940.0,2021-02-08,2021-02-08,2021,2
SIO,32.867,-117.257,20210216.0,2021-02-16 18:50:00+00:00,14.7,100.0,3.23,3.24,3.23,0.64,0.75,0.7,0.2,2.6,0.0,0.3,0.0,200.0,0.0,24406.0,1252.0,0.0,140179.0,17522.0,2021-02-16,2021-02-15,2021,2
SIO,32.867,-117.257,20210222.0,2021-02-22 18:44:00+00:00,14.4,100.0,2.46,2.45,2.46,0.66,0.62,0.64,0.33,6.1,0.0,0.0,0.0,200.0,0.0,13142.0,2503.0,0.0,85735.0,39425.0,2021-02-22,2021-02-22,2021,2
SIO,32.867,-117.257,20210301.0,2021-03-01 19:21:00+00:00,14.6,100.0,1.74,1.94,1.84,0.34,0.49,0.42,0.26,5.5,0.0,0.52,0.37,200.0,0.0,25658.0,3755.0,0.0,110141.0,31917.0,2021-03-01,2021-03-01,2021,3
SIO,32.867,-117.257,20210308.0,2021-03-08 19:31:00+00:00,14.6,100.0,4.37,4.37,4.37,0.81,1.01,0.91,0.29,9.5,0.0,2.57,0.6,200.0,0.0,10013.0,5633.0,2503.0,240307.0,36922.0,2021-03-08,2021-03-08,2021,3
SIO,32.867,-117.257,20210315.0,2021-03-15 17:40:00+00:00,14.9,100.0,5.95,5.75,5.85,1.1,1.08,1.09,0.16,5.1,0.0,0.31,0.0,200.0,0.0,11890.0,0.0,0.0,181483.0,20651.0,2021-03-15,2021-03-15,2021,3
SIO,32.867,-117.257,20210322.0,2021-03-22 17:46:00+00:00,13.3,100.0,8.02,9.18,8.6,1.31,1.35,1.33,0.63,13.5,0.0,0.49,5.93,200.0,0.0,14393.0,3755.0,11264.0,197128.0,66336.0,2021-03-22,2021-03-22,2021,3
SIO,32.867,-117.257,20210329.0,2021-03-29 18:11:00+00:00,14.8,100.0,8.29,8.38,8.34,0.51,0.03,0.27,0.28,8.2,0.0,0.31,0.61,200.0,0.0,46309.0,23780.0,10013.0,183361.0,95748.0,2021-03-29,2021-03-29,2021,3
SIO,32.867,-117.257,20210405.0,2021-04-05 18:16:00+00:00,16.3,100.0,4.33,4.24,4.29,0.69,0.51,0.6,0.2,3.5,0.0,0.0,0.0,200.0,0.0,60077.0,5006.0,0.0,110142.0,51317.0,2021-04-05,2021-04-05,2021,4
SIO,32.867,-117.257,20210412.0,2021-04-12 18:09:00+00:00,17.7,100.0,3.66,3.66,3.66,0.74,0.67,0.71,0.0,4.0,0.0,0.0,0.0,200.0,0.0,22529.0,0.0,2503.0,70715.0,58198.0,2021-04-12,2021-04-12,2021,4
SIO,32.867,-117.257,20210419.0,2021-04-19 18:06:00+00:00,17.1,100.0,6.43,6.46,6.45,0.7,0.63,0.66,0.21,7.3,0.0,0.0,0.37,200.0,0.0,8135.0,1252.0,2503.0,110767.0,81354.0,2021-04-19,2021-04-19,2021,4
SIO,32.867,-117.257,20210426.0,2021-04-26 18:25:00+00:00,16.4,100.0,1.92,1.94,1.93,0.32,0.33,0.33,0.22,8.8,0.0,0.27,2.16,200.0,0.0,122657.0,9387.0,0.0,173973.0,21278.0,2021-04-26,2021-04-26,2021,4
SIO,32.867,-117.257,20210503.0,2021-05-03 17:58:00+00:00,17.2,100.0,3.71,3.88,3.8,1.12,1.14,1.13,0.21,7.8,0.0,0.21,0.76,200.0,0.0,83857.0,5632.0,0.0,232173.0,33794.0,2021-05-03,2021-05-03,2021,5
SIO,32.867,-117.257,20210510.0,2021-05-10 17:55:00+00:00,18.0,100.0,4.62,4.55,4.59,0.68,0.84,0.76,0.0,5.2,0.0,0.24,0.0,200.0,0.0,47561.0,6258.0,0.0,155825.0,55071.0,2021-05-10,2021-05-10,2021,5
SIO,32.867,-117.257,20210517.0,2021-05-17 18:02:00+00:00,18.1,100.0,4.03,3.8,3.91,0.59,0.72,0.65,0.14,5.8,0.0,1.23,0.0,200.0,0.0,8835.0,136.0,3671.0,45809.0,57089.0,2021-05-17,2021-05-17,2021,5
SIO,32.867,-117.257,20210524.0,2021-05-24 18:00:00+00:00,19.4,100.0,1.51,1.62,1.56,0.3,0.3,0.3,0.0,3.7,0.0,0.29,0.0,200.0,0.0,,,,,,2021-05-24,2021-05-24,2021,5
SIO,32.867,-117.257,20210601.0,2021-06-01 18:32:00+00:00,19.6,100.0,2.37,2.43,2.4,0.75,0.74,0.75,0.0,3.1,0.0,0.37,0.0,200.0,0.0,,,,,,2021-06-01,2021-05-31,2021,6
SIO,32.867,-117.257,20210607.0,2021-06-07 18:41:00+00:00,19.4,100.0,4.37,4.26,4.31,1.07,0.92,0.99,0.1,2.4,0.0,0.0,0.0,200.0,0.0,,,,,,2021-06-07,2021-06-07,2021,6
SIO,32.867,-117.257,20210614.0,2021-06-14 18:10:00+00:00,19.9,100.0,1.39,1.42,1.4,0.43,0.45,0.44,0.0,2.5,0.0,0.23,0.0,200.0,0.0,,,,,,2021-06-14,2021-06-14,2021,6
SIO,32.867,-117.257,20210621.0,2021-06-21 17:44:00+00:00,19.7,100.0,1.34,1.3,1.32,0.43,0.45,0.44,0.15,2.4,0.0,0.6,0.0,200.0,0.0,,,,,,2021-06-21,2021-06-21,2021,6
SIO,32.867,-117.257,20210628.0,2021-06-28 16:27:00+00:00,19.1,100.0,1.47,1.87,1.67,0.48,0.66,0.57,0.19,2.5,0.0,0.96,0.0,200.0,0.0,,,,,,2021-06-28,2021-06-28,2021,6
SIO,32.867,-117.257,20210706.0,2021-07-06 17:30:00+00:00,21.0,100.0,2.13,2.18,2.15,0.65,0.68,0.66,0.0,1.0,0.0,0.37,0.0,200.0,0.0,,,,,,2021-07-06,2021-07-05,2021,7
SIO,32.867,-117.257,20210712.0,2021-07-12 18:00:00+00:00,22.1,100.0,0.61,1.18,0.89,1.53,0.4,0.97,0.15,1.3,0.0,0.76,0.0,200.0,0.0,,,,,,2021-07-12,2021-07-12,2021,7
SIO,32.867,-117.257,20210719.0,2021-07-19 17:16:00+00:00,23.4,100.0,1.4,1.34,1.37,0.31,0.33,0.32,0.13,1.5,0.0,0.43,0.0,200.0,0.0,,,,,,2021-07-19,2021-07-19,2021,7
SIO,32.867,-117.257,20210726.0,2021-07-26 19:01:00+00:00,22.6,100.0,1.62,1.4,1.51,0.0,0.35,0.16,0.0,0.0,0.0,0.0,0.0,200.0,0.0,,,,,,2021-07-26,2021-07-26,2021,7
SIO,32.867,-117.257,20210802.0,2021-08-02 18:48:00+00:00,16.0,100.0,1.1,2.4,1.75,1.88,0.67,1.27,0.34,2.8,0.0,0.46,0.65,200.0,0.0,,,,,,2021-08-02,2021-08-02,2021,8
SIO,32.867,-117.257,20210809.0,2021-08-09 19:17:00+00:00,21.2,100.0,1.83,1.84,1.84,0.31,0.33,0.32,0.0,0.0,0.0,0.38,0.22,200.0,0.0,,,,,,2021-08-09,2021-08-09,2021,8
SIO,32.867,-117.257,20210816.0,2021-08-16 19:17:00+00:00,20.2,100.0,2.05,2.01,2.03,0.49,0.54,0.51,0.11,2.6,0.0,0.25,0.0,200.0,0.0,,,,,,2021-08-16,2021-08-16,2021,8
SIO,32.867,-117.257,20210823.0,2021-08-23 18:50:00+00:00,21.7,100.0,2.71,2.93,2.82,0.83,0.91,0.87,0.0,1.6,0.0,0.0,0.0,200.0,0.0,,,,,,2021-08-23,2021-08-23,2021,8
SIO,32.867,-117.257,20210830.0,2021-08-30 19:38:00+00:00,20.3,100.0,2.37,2.33,2.35,0.88,0.91,0.9,0.0,2.8,0.0,0.61,0.0,200.0,0.0,,,,,,2021-08-30,2021-08-30,2021,8
SIO,32.867,-117.257,20210907.0,2021-09-07 19:00:00+00:00,20.3,100.0,2.1,2.04,2.07,0.46,0.46,0.46,0.12,3.0,0.0,0.26,0.0,200.0,0.0,,,,,,2021-09-07,2021-09-06,2021,9
SIO,32.867,-117.257,20210913.0,2021-09-13 18:50:00+00:00,17.1,100.0,4.82,4.86,4.84,1.14,1.11,1.12,0.36,5.6,0.0,0.22,0.0,200.0,0.0,,,,,,2021-09-13,2021-09-13,2021,9
SIO,32.867,-117.257,20210920.0,2021-09-20 18:58:00+00:00,18.8,100.0,2.11,2.19,2.15,0.55,0.55,0.55,0.27,4.9,0.0,0.76,0.49,200.0,0.0,4486.0,544.0,0.0,88763.0,30040.0,2021-09-20,2021-09-20,2021,9
SIO,32.867,-117.257,20210927.0,2021-09-27 19:33:00+00:00,18.1,100.0,2.7,2.74,2.72,0.77,0.83,0.8,0.2,2.8,0.0,0.3,0.0,200.0,0.0,,,,,,2021-09-27,2021-09-27,2021,9
SIO,32.867,-117.257,20211004.0,2021-10-04 19:40:00+00:00,19.9,100.0,2.25,2.26,2.26,0.37,0.38,0.38,0.0,1.9,0.0,0.38,0.0,200.0,0.07,,,,,,2021-10-04,2021-10-04,2021,10
SIO,32.867,-117.257,20211011.0,2021-10-11 18:52:00+00:00,19.0,100.0,4.85,4.86,4.86,0.97,0.96,0.96,0.17,2.1,0.0,0.0,0.49,200.0,0.0,,,,,,2021-10-11,2021-10-11,2021,10
SIO,32.867,-117.257,20211018.0,2021-10-18 19:08:00+00:00,18.9,100.0,1.02,0.99,1.01,0.29,0.26,0.28,0.18,1.3,0.0,0.25,0.36,200.0,0.0,,,,,,2021-10-18,2021-10-18,2021,10
SIO,32.867,-117.257,20211025.0,2021-10-25 18:25:00+00:00,18.1,100.0,3.42,3.44,3.43,1.04,0.97,1.0,0.16,1.8,0.0,0.0,0.35,200.0,0.0,,,,,,2021-10-25,2021-10-25,2021,10
SIO,32.867,-117.257,20211101.0,2021-11-01 18:48:00+00:00,18.6,100.0,1.81,1.81,1.81,0.39,0.38,0.38,0.14,1.6,0.0,0.0,0.24,200.0,0.0,3129.0,0.0,0.0,38174.0,17522.0,2021-11-01,2021-11-01,2021,11
SIO,32.867,-117.257,20211108.0,2021-11-08 19:43:00+00:00,18.2,100.0,2.1,2.18,2.14,0.37,0.35,0.36,0.15,1.7,0.0,0.0,0.62,200.0,0.0,821.0,0.0,0.0,86563.0,29536.0,2021-11-08,2021-11-08,2021,11
SIO,32.867,-117.257,20211115.0,2021-11-15 20:08:00+00:00,17.4,100.0,11.49,11.04,11.26,0.57,0.76,0.66,0.18,2.3,0.0,0.34,0.37,200.0,0.0,1252.0,0.0,3755.0,28161.0,40052.0,2021-11-15,2021-11-15,2021,11
SIO,32.867,-117.257,20211122.0,2021-11-22 19:50:00+00:00,17.5,100.0,2.58,2.45,2.51,0.95,1.1,1.03,0.19,2.3,0.0,0.0,0.23,200.0,0.0,626.0,2503.0,1877.0,40051.0,69462.0,2021-11-22,2021-11-22,2021,11
SIO,32.867,-117.257,20211129.0,2021-11-29 19:40:00+00:00,17.1,100.0,1.07,1.09,1.08,0.34,0.32,0.33,0.24,1.7,0.0,0.64,0.45,200.0,0.0,626.0,0.0,0.0,41929.0,25657.0,2021-11-29,2021-11-29,2021,11
SIO,32.867,-117.257,20211206.0,2021-12-06 20:07:00+00:00,15.8,100.0,8.59,8.63,8.61,0.28,0.14,0.21,0.38,3.0,0.0,0.31,1.1,200.0,0.0,9387.0,1252.0,0.0,38174.0,35671.0,2021-12-06,2021-12-06,2021,12
SIO,32.867,-117.257,20211213.0,2021-12-13 19:39:00+00:00,15.8,100.0,1.98,1.95,1.97,0.3,0.34,0.32,0.32,2.2,0.0,0.49,1.13,200.0,0.0,5165.0,408.0,952.0,16040.0,11146.0,2021-12-13,2021-12-13,2021,12
SIO,32.867,-117.257,20211220.0,2021-12-20 20:05:00+00:00,15.2,100.0,1.9,1.9,1.9,0.5,0.43,0.46,0.33,2.6,0.0,0.49,1.27,200.0,0.0,25657.0,11265.0,0.0,108264.0,21277.0,2021-12-20,2021-12-20,2021,12
SIO,32.867,-117.257,20211227.0,2021-12-27 19:53:00+00:00,15.1,100.0,1.24,1.21,1.22,0.24,0.24,0.24,0.31,2.1,0.0,0.59,0.94,200.0,0.0,2447.0,5165.0,1087.0,61849.0,10195.0,2021-12-27,2021-12-27,2021,12
SIO,32.867,-117.257,20220103.0,2022-01-03 20:01:00+00:00,15.2,100.0,1.0,0.97,0.98,0.38,0.38,0.38,0.31,1.7,0.0,0.0,0.79,200.0,0.0,18148.0,3755.0,0.0,113896.0,21277.0,2022-01-03,2022-01-03,2022,1
SIO,32.867,-117.257,20220110.0,2022-01-10 20:16:00+00:00,15.1,100.0,1.52,1.57,1.54,0.48,0.45,0.46,0.34,2.1,0.0,0.0,0.53,200.0,0.0,1632.0,408.0,680.0,9786.0,16176.0,2022-01-10,2022-01-10,2022,1
SIO,32.867,-117.257,20220118.0,2022-01-18 19:53:00+00:00,15.6,100.0,1.01,1.06,1.03,0.33,0.34,0.33,0.29,1.3,0.0,0.0,0.0,200.0,0.0,1088.0,0.0,136.0,2310.0,6933.0,2022-01-18,2022-01-17,2022,1
SIO,32.867,-117.257,20220124.0,2022-01-24 20:00:00+00:00,15.1,100.0,2.5,2.46,2.48,0.49,0.51,0.5,0.38,2.7,0.0,0.0,0.88,200.0,0.0,680.0,136.0,1088.0,5709.0,24194.0,2022-01-24,2022-01-24,2022,1
SIO,32.867,-117.257,20220131.0,2022-01-31 19:58:00+00:00,15.6,100.0,0.54,0.52,0.53,0.16,0.16,0.16,0.29,1.6,0.0,0.0,0.24,200.0,0.0,1223.0,0.0,0.0,1496.0,10331.0,2022-01-31,2022-01-31,2022,1
SIO,32.867,-117.257,20220207.0,2022-02-07 19:51:00+00:00,15.2,100.0,1.39,1.43,1.41,0.27,0.33,0.3,0.33,2.7,0.0,0.39,0.52,200.0,0.0,3670.0,1631.0,0.0,14817.0,25962.0,2022-02-07,2022-02-07,2022,2
SIO,32.867,-117.257,20220214.0,2022-02-14 19:51:00+00:00,16.0,100.0,1.13,1.14,1.14,0.26,0.22,0.24,0.27,2.1,0.0,0.38,0.2,200.0,0.0,50690.0,14393.0,0.0,108890.0,28787.0,2022-02-14,2022-02-14,2022,2
SIO,32.867,-117.257,20220222.0,2022-02-22 19:53:00+00:00,15.1,100.0,1.84,1.77,1.81,0.31,0.33,0.32,0.28,1.8,0.0,0.35,0.48,200.0,0.0,20103.0,9436.0,0.0,100921.0,22974.0,2022-02-22,2022-02-21,2022,2
SIO,32.867,-117.257,20220228.0,2022-02-28 20:00:00+00:00,14.7,100.0,4.29,2.47,3.38,0.45,2.31,1.38,0.22,3.6,0.0,0.0,0.0,200.0,0.0,11890.0,4381.0,0.0,22529.0,28160.0,2022-02-28,2022-02-28,2022,2
SIO,32.867,-117.257,20220307.0,2022-03-07 19:55:00+00:00,15.2,100.0,1.83,1.82,1.82,0.35,0.28,0.31,0.26,3.4,0.0,0.2,1.23,200.0,0.0,10638.0,5006.0,0.0,167716.0,22530.0,2022-03-07,2022-03-07,2022,3
SIO,32.867,-117.257,20220314.0,2022-03-14 19:00:00+00:00,15.5,100.0,5.01,4.93,4.97,0.22,0.29,0.25,0.18,2.4,0.0,0.28,0.7,200.0,0.0,6884.0,626.0,0.0,48812.0,50690.0,2022-03-14,2022-03-14,2022,3
SIO,32.867,-117.257,20220321.0,2022-03-21 19:09:00+00:00,16.0,100.0,11.1,10.92,11.01,0.88,0.61,0.74,0.15,4.1,0.0,0.0,1.63,200.0,0.0,1252.0,626.0,0.0,80102.0,84484.0,2022-03-21,2022-03-21,2022,3
SIO,32.867,-117.257,20220328.0,2022-03-28 18:07:00+00:00,15.1,100.0,5.05,5.35,5.2,0.51,0.1,0.3,0.28,4.7,0.0,0.3,1.41,200.0,0.0,30664.0,30665.0,0.0,423667.0,45682.0,2022-03-28,2022-03-28,2022,3
SIO,32.867,-117.257,20220404.0,2022-04-04 19:05:00+00:00,16.0,100.0,4.8,4.33,4.57,0.52,0.73,0.63,0.22,4.0,0.0,0.43,1.26,200.0,0.0,6258.0,0.0,0.0,62580.0,37547.0,2022-04-04,2022-04-04,2022,4
SIO,32.867,-117.257,20220411.0,2022-04-11 18:57:00+00:00,17.0,100.0,2.83,2.75,2.79,0.5,0.66,0.58,0.2,4.2,0.0,0.43,0.0,200.0,0.0,3755.0,3129.0,0.0,95747.0,35044.0,2022-04-11,2022-04-11,2022,4
SIO,32.867,-117.257,20220418.0,2022-04-18 19:08:00+00:00,15.4,100.0,2.43,6.52,4.48,6.03,1.51,3.77,0.49,8.4,0.0,0.61,2.65,200.0,0.0,3755.0,0.0,8761.0,38800.0,86986.0,2022-04-18,2022-04-18,2022,4
SIO,32.867,-117.257,20220425.0,2022-04-25 19:10:00+00:00,15.6,100.0,8.2,8.03,8.12,0.75,0.8,0.78,0.33,13.2,0.0,0.0,1.7,200.0,0.0,140805.0,96373.0,8135.0,275354.0,122657.0,2022-04-25,2022-04-25,2022,4
SIO,32.867,-117.257,20220502.0,2022-05-02 19:07:00+00:00,16.1,100.0,3.24,3.31,3.28,0.62,0.46,0.54,0.2,5.8,0.0,0.39,0.26,200.0,0.0,81980.0,18148.0,0.0,358585.0,90741.0,2022-05-02,2022-05-02,2022,5
SIO,32.867,-117.257,20220509.0,2022-05-09 19:00:00+00:00,17.7,100.0,3.06,3.22,3.14,0.64,0.67,0.66,0.26,3.9,0.0,0.63,1.18,200.0,0.0,35671.0,5006.0,0.0,346069.0,56323.0,2022-05-09,2022-05-09,2022,5
SIO,32.867,-117.257,20220516.0,2022-05-16 19:01:00+00:00,17.2,100.0,11.81,,11.81,1.09,,1.09,0.21,7.6,0.0,0.46,2.0,200.0,0.0,26646.0,0.0,4441.0,260543.0,288669.0,2022-05-16,2022-05-16,2022,5
SIO,32.867,-117.257,20220523.0,2022-05-23 15:31:00+00:00,17.4,100.0,3.08,3.31,3.19,1.18,0.76,0.97,0.15,4.7,0.0,0.73,0.28,200.0,0.0,6258.0,6258.0,1252.0,50690.0,69464.0,2022-05-23,2022-05-23,2022,5
SIO,32.867,-117.257,20220531.0,2022-05-31 18:52:00+00:00,19.1,100.0,5.94,5.7,5.82,0.72,0.64,0.68,0.15,3.1,0.0,0.3,0.41,200.0,0.0,23781.0,1878.0,0.0,314151.0,68212.0,2022-05-31,2022-05-30,2022,5
SIO,32.867,-117.257,20220606.0,2022-06-06 19:06:00+00:00,20.9,100.0,2.19,2.27,2.23,0.49,0.52,0.51,0.15,2.0,0.0,1.12,0.34,200.0,0.0,0.0,0.0,5006.0,85109.0,115774.0,2022-06-06,2022-06-06,2022,6
SIO,32.867,-117.257,20220613.0,2022-06-13 19:01:00+00:00,19.5,100.0,1.95,1.92,1.93,0.41,0.43,0.42,0.22,2.2,0.0,0.32,0.32,200.0,0.0,4381.0,0.0,1252.0,45683.0,35044.0,2022-06-13,2022-06-13,2022,6
SIO,32.867,-117.257,20220621.0,2022-06-21 19:06:00+00:00,21.2,100.0,1.25,1.39,1.32,0.49,0.42,0.46,0.19,2.0,0.0,0.79,0.6,200.0,0.0,0.0,0.0,0.0,37548.0,55070.0,2022-06-21,2022-06-20,2022,6
SIO,32.867,-117.257,20220627.0,2022-06-27 18:46:00+00:00,18.4,100.0,2.33,2.27,2.3,0.39,0.41,0.4,0.18,4.9,0.0,0.36,0.0,200.0,0.0,1252.0,626.0,1252.0,60702.0,85734.0,2022-06-27,2022-06-27,2022,6
SIO,32.867,-117.257,20220705.0,2022-07-05 19:07:00+00:00,21.5,100.0,2.55,2.6,2.58,0.44,0.43,0.44,0.13,2.9,0.0,0.86,0.27,200.0,0.0,8761.0,0.0,1252.0,113896.0,73845.0,2022-07-05,2022-07-04,2022,7
SIO,32.867,-117.257,20220711.0,2022-07-11 19:25:00+00:00,20.6,100.0,4.89,5.02,4.95,0.8,0.7,0.75,0.1,2.9,0.0,0.56,0.27,200.0,0.0,14394.0,5006.0,3755.0,262837.0,109514.0,2022-07-11,2022-07-11,2022,7
SIO,32.867,-117.257,20220718.0,2022-07-18 19:05:00+00:00,19.1,100.0,1.93,2.01,1.97,0.4,0.39,0.4,0.15,3.3,0.0,0.49,0.0,200.0,0.0,11264.0,4381.0,0.0,178354.0,50690.0,2022-07-18,2022-07-18,2022,7
SIO,32.867,-117.257,20220725.0,2022-07-25 19:07:00+00:00,22.1,100.0,4.63,4.49,4.56,0.56,0.58,0.57,0.0,0.0,0.0,0.44,0.0,200.0,0.0,28161.0,6258.0,626.0,413655.0,74469.0,2022-07-25,2022-07-25,2022,7
SIO,32.867,-117.257,20220801.0,2022-08-01 19:00:00+00:00,23.5,100.0,1.36,1.35,1.35,0.32,0.37,0.35,0.0,0.0,0.0,0.77,0.0,200.0,0.0,5632.0,0.0,0.0,254702.0,53194.0,2022-08-01,2022-08-01,2022,8
SIO,32.867,-117.257,20220808.0,2022-08-08 19:08:00+00:00,19.7,100.0,2.04,2.13,2.08,0.43,0.53,0.48,0.22,2.9,0.0,0.31,0.0,200.0,0.0,5632.0,0.0,0.0,156451.0,44431.0,2022-08-08,2022-08-08,2022,8
SIO,32.867,-117.257,20220815.0,2022-08-15 18:58:00+00:00,23.7,100.0,1.32,1.32,1.32,0.27,0.29,0.28,0.0,0.0,0.0,0.58,0.0,200.0,0.0,1878.0,0.0,0.0,398009.0,15019.0,2022-08-15,2022-08-15,2022,8
SIO,32.867,-117.257,20220822.0,2022-08-22 18:47:00+00:00,22.3,100.0,1.63,1.62,1.63,0.41,0.47,0.44,0.13,0.0,0.0,0.72,0.0,200.0,0.0,6884.0,0.0,0.0,563847.0,25031.0,2022-08-22,2022-08-22,2022,8
SIO,32.867,-117.257,20220829.0,2022-08-29 18:51:00+00:00,23.6,100.0,1.0,0.99,1.0,0.2,0.21,0.21,0.0,0.0,0.0,0.54,0.0,200.0,0.0,2503.0,0.0,0.0,515035.0,11890.0,2022-08-29,2022-08-29,2022,8
SIO,32.867,-117.257,20220906.0,2022-09-06 18:55:00+00:00,24.8,100.0,1.17,1.18,1.18,0.25,0.23,0.24,0.12,0.0,0.0,0.34,0.0,200.0,0.0,12516.0,0.0,0.0,462468.0,25658.0,2022-09-06,2022-09-05,2022,9
SIO,32.867,-117.257,20220912.0,2022-09-12 19:07:00+00:00,21.6,100.0,1.29,1.36,1.32,0.29,0.27,0.28,0.27,1.5,0.0,0.79,0.0,200.0,0.0,1877.0,0.0,0.0,37549.0,29413.0,2022-09-12,2022-09-12,2022,9
SIO,32.867,-117.257,20220919.0,2022-09-19 19:01:00+00:00,21.5,100.0,0.96,0.93,0.95,0.27,0.25,0.26,0.26,2.1,0.0,0.35,0.0,200.0,0.0,14394.0,1877.0,0.0,122031.0,9387.0,2022-09-19,2022-09-19,2022,9
SIO,32.867,-117.257,20220926.0,2022-09-26 19:01:00+00:00,21.7,100.0,13.91,14.1,14.01,2.01,2.02,2.02,0.17,2.5,0.0,0.0,0.0,200.0,0.0,9387.0,0.0,6258.0,85109.0,149565.0,2022-09-26,2022-09-26,2022,9
SIO,32.867,-117.257,20221003.0,2022-10-03 19:02:00+00:00,19.8,100.0,7.17,7.2,7.19,0.64,0.61,0.63,0.32,2.4,0.0,1.1,0.26,200.0,0.0,5632.0,0.0,1877.0,108264.0,39425.0,2022-10-03,2022-10-03,2022,10
SIO,32.867,-117.257,20221010.0,2022-10-10 18:53:00+00:00,20.3,100.0,11.34,11.34,11.34,1.21,1.25,1.23,0.12,1.9,0.0,0.25,0.0,200.0,0.0,11264.0,0.0,1877.0,148315.0,146438.0,2022-10-10,2022-10-10,2022,10
SIO,32.867,-117.257,20221017.0,2022-10-17 19:01:00+00:00,20.2,100.0,14.71,14.77,14.74,1.98,2.89,2.44,0.21,1.5,0.0,0.99,0.33,200.0,0.0,4381.0,0.0,14394.0,90115.0,367344.0,2022-10-17,2022-10-17,2022,10
SIO,32.867,-117.257,20221024.0,2022-10-24 18:43:00+00:00,20.4,100.0,1.28,1.32,1.3,0.26,0.25,0.26,0.2,1.5,0.0,0.67,0.28,200.0,0.0,3755.0,1877.0,3129.0,22529.0,34419.0,2022-10-24,2022-10-24,2022,10
SIO,32.867,-117.257,20221031.0,2022-10-31 17:43:00+00:00,19.8,100.0,2.46,2.45,2.45,0.68,0.64,0.66,0.21,1.8,0.0,0.53,0.37,200.0,0.0,626.0,0.0,6884.0,36922.0,160830.0,2022-10-31,2022-10-31,2022,10
SIO,32.867,-117.257,20221107.0,2022-11-07 19:57:00+00:00,17.5,100.0,6.36,6.35,6.35,0.75,0.74,0.75,0.27,2.4,0.0,0.28,0.25,200.0,0.0,1877.0,1252.0,2503.0,55696.0,86987.0,2022-11-07,2022-11-07,2022,11
SIO,32.867,-117.257,20221114.0,2022-11-14 19:58:00+00:00,17.2,100.0,2.67,2.55,2.61,0.8,0.76,0.78,0.34,2.9,0.0,0.63,0.35,200.0,0.0,0.0,0.0,0.0,21277.0,35671.0,2022-11-14,2022-11-14,2022,11
SIO,32.867,-117.257,20221121.0,2022-11-21 19:52:00+00:00,17.2,100.0,1.07,1.04,1.06,0.27,0.24,0.25,0.29,1.7,0.0,0.83,0.22,200.0,0.0,1252.0,0.0,1877.0,16896.0,16270.0,2022-11-21,2022-11-21,2022,11
SIO,32.867,-117.257,20221128.0,2022-11-28 20:09:00+00:00,15.6,100.0,1.61,1.58,1.6,0.4,0.38,0.39,0.38,1.6,0.0,0.8,0.9,200.0,0.0,6258.0,4381.0,1252.0,44432.0,20025.0,2022-11-28,2022-11-28,2022,11
SIO,32.867,-117.257,20221205.0,2022-12-05 19:53:00+00:00,15.5,100.0,1.36,1.33,1.35,0.43,0.42,0.42,0.47,2.5,0.14,1.15,1.55,200.0,0.0,0.0,0.0,0.0,8135.0,19400.0,2022-12-05,2022-12-05,2022,12
SIO,32.867,-117.257,20221212.0,2022-12-12 19:41:00+00:00,14.3,100.0,1.36,1.35,1.36,0.75,0.76,0.76,0.64,3.8,0.18,0.98,3.71,200.0,0.0,3129.0,0.0,1252.0,35045.0,13141.0,2022-12-12,2022-12-12,2022,12
SIO,32.867,-117.257,20221219.0,2022-12-19 19:52:00+00:00,14.7,100.0,1.21,1.15,1.18,0.41,0.54,0.47,0.47,3.6,0.0,0.78,2.36,200.0,0.0,0.0,0.0,0.0,18148.0,9387.0,2022-12-19,2022-12-19,2022,12
SIO,32.867,-117.257,20221227.0,2022-12-27 20:21:00+00:00,14.4,100.0,1.07,1.2,1.13,0.61,0.51,0.56,0.6,4.6,0.2,0.82,3.89,200.0,0.0,1877.0,0.0,0.0,9387.0,25031.0,2022-12-27,2022-12-26,2022,12
SIO,32.867,-117.257,20230103.0,2023-01-03 20:01:00+00:00,14.9,100.0,0.81,0.8,0.8,0.82,0.83,0.83,0.49,2.7,0.0,1.72,1.79,200.0,0.0,5007.0,3129.0,1252.0,18773.0,28786.0,2023-01-03,2023-01-02,2023,1
SIO,32.867,-117.257,20230109.0,2023-01-09 20:17:00+00:00,15.0,100.0,1.86,1.89,1.87,0.48,0.44,0.46,0.48,3.3,0.12,1.87,2.06,200.0,0.0,0.0,1252.0,0.0,11264.0,37548.0,2023-01-09,2023-01-09,2023,1
SIO,32.867,-117.257,20230117.0,2023-01-17 19:57:00+00:00,14.5,100.0,1.29,1.28,1.29,1.03,0.99,1.01,0.71,8.0,0.16,1.7,5.07,200.0,0.0,4381.0,0.0,0.0,13767.0,19399.0,2023-01-17,2023-01-16,2023,1
SIO,32.867,-117.257,20230123.0,2023-01-23 18:23:00+00:00,14.2,100.0,1.08,1.07,1.07,0.4,0.41,0.4,0.51,3.9,0.2,1.39,2.87,200.0,0.0,0.0,0.0,0.0,10639.0,13767.0,2023-01-23,2023-01-23,2023,1
SIO,32.867,-117.257,20230130.0,2023-01-30 19:51:00+00:00,13.9,100.0,1.45,1.65,1.55,0.87,0.62,0.74,0.32,1.2,0.0,1.48,0.54,200.0,0.0,11890.0,11890.0,0.0,108264.0,24406.0,2023-01-30,2023-01-30,2023,1
SIO,32.867,-117.257,20230206.0,2023-02-06 20:06:00+00:00,14.1,100.0,2.02,2.05,2.03,1.09,1.02,1.05,0.38,2.2,0.0,0.68,1.56,200.0,0.0,17522.0,11265.0,0.0,122031.0,26283.0,2023-02-06,2023-02-06,2023,2
SIO,32.867,-117.257,20230213.0,2023-02-13 20:00:00+00:00,13.9,100.0,3.43,3.44,3.43,0.8,0.84,0.82,0.4,2.0,0.0,0.6,1.51,200.0,0.0,626.0,3129.0,1252.0,408648.0,63829.0,2023-02-13,2023-02-13,2023,2
SIO,32.867,-117.257,20230221.0,2023-02-21 20:07:00+00:00,13.8,100.0,5.14,4.93,5.04,0.79,0.93,0.86,0.39,2.5,0.0,0.57,1.19,200.0,0.11,36297.0,43807.0,6884.0,882379.0,66333.0,2023-02-21,2023-02-20,2023,2
SIO,32.867,-117.257,20230227.0,2023-02-27 19:50:00+00:00,13.4,100.0,1.5,1.51,1.51,0.52,0.54,0.53,0.55,2.8,0.0,1.75,2.91,200.0,0.062,35045.0,34419.0,626.0,247818.0,40051.0,2023-02-27,2023-02-27,2023,2
SIO,32.867,-117.257,20230306.0,2023-03-06 20:14:00+00:00,14.2,100.0,2.74,2.72,2.73,0.63,0.62,0.62,0.36,2.1,0.0,0.78,1.12,200.0,0.0,24406.0,12516.0,0.0,313527.0,59450.0,2023-03-06,2023-03-06,2023,3
SIO,32.867,-117.257,20230313.0,2023-03-13 18:56:00+00:00,13.8,100.0,2.27,2.22,2.24,2.71,2.84,2.78,0.46,1.8,0.0,1.84,1.81,200.0,0.154,47561.0,45684.0,0.0,290372.0,40676.0,2023-03-13,2023-03-13,2023,3
SIO,32.867,-117.257,20230320.0,2023-03-20 19:07:00+00:00,14.9,100.0,1.89,1.91,1.9,0.36,0.27,0.32,0.23,1.2,0.0,0.52,0.3,200.0,0.133,80728.0,80728.0,0.0,163335.0,31291.0,2023-03-20,2023-03-20,2023,3
SIO,32.867,-117.257,20230327.0,2023-03-27 18:55:00+00:00,14.8,100.0,8.09,8.22,8.15,0.1,0.23,0.17,0.75,2.7,0.0,0.39,0.37,200.0,0.05,13142.0,252199.0,0.0,20650.0,80101.0,2023-03-27,2023-03-27,2023,3
SIO,32.867,-117.257,20230403.0,2023-04-03 18:38:00+00:00,15.0,100.0,3.1,2.89,2.99,1.0,0.95,0.98,0.95,5.0,0.0,1.07,1.06,200.0,0.025,0.0,0.0,1878.0,21903.0,48811.0,2023-04-03,2023-04-03,2023,4
SIO,32.867,-117.257,20230410.0,2023-04-10 19:09:00+00:00,13.9,100.0,53.42,51.35,52.39,2.36,2.07,2.22,1.17,16.6,0.0,0.6,0.0,200.0,0.0,0.0,116511.0,180063.0,677883.0,1143927.0,2023-04-10,2023-04-10,2023,4
SIO,32.867,-117.257,20230417.0,2023-04-17 17:50:00+00:00,14.4,100.0,127.19,129.6,128.39,7.7,7.24,7.47,0.64,1.0,0.0,0.64,0.0,200.0,0.083,10592.0,222430.0,0.0,1069784.0,529595.0,2023-04-17,2023-04-17,2023,4
SIO,32.867,-117.257,20230424.0,2023-04-24 19:02:00+00:00,16.0,100.0,6.1,6.48,6.29,0.45,0.34,0.39,0.71,1.9,0.0,0.34,0.0,200.0,0.0,4564.0,22819.0,0.0,13691.0,61610.0,2023-04-24,2023-04-24,2023,4
SIO,32.867,-117.257,20230501.0,2023-05-01 19:07:00+00:00,15.6,100.0,9.52,9.4,9.46,1.06,1.05,1.05,1.04,4.7,0.0,1.0,0.0,200.0,0.0,1252.0,8761.0,1252.0,23780.0,53817.0,2023-05-01,2023-05-01,2023,5
SIO,32.867,-117.257,20230508.0,2023-05-08 18:56:00+00:00,18.1,100.0,2.39,2.55,2.47,0.0,0.32,0.12,1.26,3.4,0.0,1.7,0.4,200.0,0.0,626.0,626.0,0.0,32541.0,30038.0,2023-05-08,2023-05-08,2023,5
SIO,32.867,-117.257,20230515.0,2023-05-15 19:19:00+00:00,17.3,100.0,5.13,4.84,4.99,0.43,0.37,0.4,0.93,5.1,0.0,0.33,0.33,200.0,0.0,5632.0,1877.0,3755.0,19400.0,92619.0,2023-05-15,2023-05-15,2023,5
SIO,32.867,-117.257,20230522.0,2023-05-22 18:53:00+00:00,17.4,100.0,11.13,11.25,11.19,1.39,1.49,1.44,0.94,5.8,0.0,0.36,0.24,200.0,0.0,2503.0,0.0,51942.0,31290.0,124532.0,2023-05-22,2023-05-22,2023,5
SIO,32.867,-117.257,20230530.0,2023-05-30 19:09:00+00:00,17.9,100.0,1.2,1.21,1.21,0.53,0.5,0.51,0.92,1.9,0.0,3.02,0.31,200.0,0.0,2503.0,0.0,1252.0,18774.0,23779.0,2023-05-30,2023-05-29,2023,5
SIO,32.867,-117.257,20230605.0,2023-06-05 19:55:00+00:00,17.1,100.0,2.18,2.11,2.14,0.88,0.93,0.91,0.99,2.9,0.0,1.84,0.58,200.0,0.0,2503.0,0.0,0.0,46310.0,44431.0,2023-06-05,2023-06-05,2023,6
SIO,32.867,-117.257,20230612.0,2023-06-12 19:32:00+00:00,16.8,100.0,1.9,1.92,1.91,0.54,0.56,0.55,0.96,3.8,0.0,0.24,0.72,200.0,0.0,5006.0,0.0,0.0,54445.0,26283.0,2023-06-12,2023-06-12,2023,6
SIO,32.867,-117.257,20230620.0,2023-06-20 18:16:00+00:00,18.0,100.0,2.65,2.6,2.62,0.76,0.73,0.74,0.82,2.0,0.0,1.46,0.33,200.0,0.0,93244.0,61329.0,1252.0,248443.0,93244.0,2023-06-20,2023-06-19,2023,6
SIO,32.867,-117.257,20230626.0,2023-06-26 19:02:00+00:00,19.1,100.0,3.63,3.65,3.64,1.05,1.02,1.04,0.78,2.1,0.0,0.51,0.0,200.0,0.0,6258.0,1252.0,0.0,154573.0,160831.0,2023-06-26,2023-06-26,2023,6
SIO,32.867,-117.257,20230703.0,2023-07-03 19:08:00+00:00,19.2,100.0,5.54,5.63,5.58,1.56,1.45,1.5,0.78,0.0,0.0,2.63,0.21,200.0,0.0,10362.0,2961.0,2961.0,1437425.0,121390.0,2023-07-03,2023-07-03,2023,7
SIO,32.867,-117.257,20230710.0,2023-07-10 19:15:00+00:00,19.6,100.0,1.74,1.73,1.74,0.54,0.47,0.5,0.82,1.3,0.0,1.92,0.27,200.0,0.0,2504.0,626.0,0.0,20025.0,26284.0,2023-07-10,2023-07-10,2023,7
SIO,32.867,-117.257,20230717.0,2023-07-17 19:14:00+00:00,22.4,100.0,1.91,1.84,1.87,0.29,0.33,0.31,0.78,1.3,0.0,2.94,0.38,200.0,0.0,626.0,0.0,0.0,10638.0,92619.0,2023-07-17,2023-07-17,2023,7
SIO,32.867,-117.257,20230724.0,2023-07-24 19:08:00+00:00,20.8,100.0,3.57,3.51,3.54,1.07,1.02,1.05,0.87,1.7,0.0,0.52,0.0,200.0,0.0,5632.0,0.0,0.0,41303.0,52567.0,2023-07-24,2023-07-24,2023,7
SIO,32.867,-117.257,20230731.0,2023-07-31 19:10:00+00:00,21.9,100.0,0.93,0.94,0.94,0.32,0.3,0.31,0.77,1.1,0.0,0.4,0.23,200.0,0.0,8135.0,0.0,0.0,39426.0,28160.0,2023-07-31,2023-07-31,2023,7
SIO,32.867,-117.257,20230807.0,2023-08-07 19:05:00+00:00,23.2,100.0,1.68,1.65,1.66,0.33,0.34,0.34,0.1,1.4,0.0,0.29,0.0,200.0,0.0,3129.0,0.0,0.0,229043.0,43181.0,2023-08-07,2023-08-07,2023,8
SIO,32.867,-117.257,20230814.0,2023-08-14 19:02:00+00:00,21.1,100.0,1.31,1.37,1.34,0.43,0.41,0.42,0.11,1.6,0.0,0.65,0.0,200.0,0.0,1877.0,0.0,0.0,67587.0,54444.0,2023-08-14,2023-08-14,2023,8
SIO,32.867,-117.257,20230821.0,2023-08-21 19:14:00+00:00,17.2,100.0,1.0,0.98,0.99,0.2,0.22,0.21,0.17,1.6,0.0,0.22,0.0,200.0,0.0,3755.0,0.0,0.0,29412.0,31916.0,2023-08-21,2023-08-21,2023,8
SIO,32.867,-117.257,20230828.0,2023-08-28 18:56:00+00:00,19.5,100.0,1.4,1.44,1.42,0.29,0.28,0.29,0.14,2.6,0.0,0.36,0.0,200.0,0.0,4381.0,0.0,0.0,123908.0,43806.0,2023-08-28,2023-08-28,2023,8
SIO,32.867,-117.257,20230905.0,2023-09-05 19:21:00+00:00,20.4,100.0,4.89,5.05,4.97,1.05,1.08,1.07,0.0,2.8,0.0,0.42,0.0,200.0,0.0,2504.0,0.0,0.0,68837.0,100752.0,2023-09-05,2023-09-04,2023,9
SIO,32.867,-117.257,20230911.0,2023-09-11 19:05:00+00:00,20.1,100.0,13.52,13.9,13.71,1.05,1.14,1.1,0.0,2.1,0.0,0.67,0.31,200.0,0.0,4381.0,0.0,2503.0,81980.0,167090.0,2023-09-11,2023-09-11,2023,9
SIO,32.867,-117.257,20230918.0,2023-09-18 19:15:00+00:00,21.6,100.0,8.16,9.46,8.81,1.49,1.75,1.62,0.0,0.0,0.0,0.51,0.23,200.0,0.0,105134.0,1252.0,3129.0,230921.0,302262.0,2023-09-18,2023-09-18,2023,9
SIO,32.867,-117.257,20230925.0,2023-09-25 19:00:00+00:00,18.2,100.0,1.51,1.53,1.52,0.4,0.42,0.41,0.26,2.3,0.0,0.96,0.44,200.0,0.0,6258.0,0.0,0.0,69464.0,28787.0,2023-09-25,2023-09-25,2023,9
SIO,32.867,-117.257,20231002.0,2023-10-02 19:00:00+00:00,19.9,100.0,2.64,2.71,2.67,0.62,0.52,0.57,0.0,1.1,0.0,0.36,0.0,200.0,0.0,5006.0,0.0,0.0,68213.0,86360.0,2023-10-02,2023-10-02,2023,10
SIO,32.867,-117.257,20231009.0,2023-10-09 19:00:00+00:00,20.0,100.0,1.62,1.57,1.6,0.54,0.51,0.53,0.0,1.8,0.0,0.55,0.25,200.0,0.0,3129.0,0.0,0.0,18148.0,55696.0,2023-10-09,2023-10-09,2023,10
SIO,32.867,-117.257,20231016.0,2023-10-16 19:08:00+00:00,18.5,100.0,2.67,2.69,2.68,0.63,0.69,0.66,0.18,2.3,0.0,0.65,0.2,200.0,0.0,5632.0,0.0,0.0,60703.0,73845.0,2023-10-16,2023-10-16,2023,10
SIO,32.867,-117.257,20231023.0,2023-10-23 19:11:00+00:00,19.8,100.0,1.39,1.37,1.38,0.68,0.73,0.71,0.16,1.9,0.0,0.86,0.21,200.0,0.0,8762.0,0.0,0.0,35044.0,31915.0,2023-10-23,2023-10-23,2023,10
SIO,32.867,-117.257,20231030.0,2023-10-30 19:07:00+00:00,17.7,100.0,1.01,0.98,0.99,0.29,0.29,0.29,0.14,1.8,0.0,0.67,0.23,200.0,0.0,6258.0,0.0,626.0,87612.0,25031.0,2023-10-30,2023-10-30,2023,10
SIO,32.867,-117.257,20231106.0,2023-11-06 19:58:00+00:00,16.2,100.0,1.03,1.03,1.03,0.54,0.47,0.51,0.33,3.0,0.0,,0.51,200.0,0.0,5006.0,0.0,0.0,16897.0,18147.0,2023-11-06,2023-11-06,2023,11
SIO,32.867,-117.257,20231113.0,2023-11-13 20:22:00+00:00,16.5,100.0,2.8,2.97,2.89,0.51,0.55,0.53,0.27,3.3,0.0,0.99,0.29,200.0,0.0,3129.0,0.0,0.0,8135.0,26283.0,2023-11-13,2023-11-13,2023,11
SIO,32.867,-117.257,20231120.0,2023-11-20 20:00:00+00:00,17.4,100.0,1.27,1.27,1.27,0.32,0.35,0.34,0.27,2.9,0.0,1.09,0.2,200.0,0.031,0.0,0.0,0.0,26909.0,27536.0,2023-11-20,2023-11-20,2023,11
SIO,32.867,-117.257,20231127.0,2023-11-27 20:26:00+00:00,16.9,100.0,3.31,3.18,3.25,0.56,0.65,0.61,0.26,2.4,0.11,1.73,0.13,200.0,0.0,1252.0,0.0,0.0,25657.0,33792.0,2023-11-27,2023-11-27,2023,11
SIO,32.867,-117.257,20231204.0,2023-12-04 20:24:00+00:00,16.7,100.0,2.91,3.17,3.04,0.83,0.79,0.81,0.24,2.9,0.0,0.41,0.0,200.0,0.02,3755.0,0.0,0.0,20025.0,49439.0,2023-12-04,2023-12-04,2023,12
SIO,32.867,-117.257,20231211.0,2023-12-11 20:21:00+00:00,16.7,100.0,1.83,1.85,1.84,0.49,0.48,0.48,0.22,2.4,0.11,1.26,0.3,200.0,0.0,0.0,0.0,0.0,6884.0,16897.0,2023-12-11,2023-12-11,2023,12
SIO,32.867,-117.257,20231218.0,2023-12-18 19:56:00+00:00,16.6,100.0,1.8,1.75,1.78,0.43,0.45,0.44,0.24,2.6,0.0,0.79,0.0,200.0,0.0,0.0,626.0,0.0,5632.0,16896.0,2023-12-18,2023-12-18,2023,12
SIO,32.867,-117.257,20231227.0,2023-12-27 20:08:00+00:00,17.1,100.0,2.19,2.27,2.23,0.32,0.41,0.36,0.24,1.7,0.0,0.95,0.0,200.0,0.0,2503.0,0.0,0.0,19400.0,25657.0,2023-12-27,2023-12-25,2023,12
SIO,32.867,-117.257,20240103.0,2024-01-03 20:49:00+00:00,16.4,100.0,2.99,3.1,3.04,0.62,0.7,0.66,0.23,2.4,0.0,1.99,0.24,200.0,0.0,4381.0,0.0,0.0,24406.0,36922.0,2024-01-03,2024-01-01,2024,1
SIO,32.867,-117.257,20240108.0,2024-01-08 21:33:00+00:00,15.6,100.0,1.71,1.62,1.67,0.4,0.47,0.43,0.28,3.5,0.17,1.84,1.28,200.0,0.0,0.0,0.0,626.0,10013.0,23780.0,2024-01-08,2024-01-08,2024,1
SIO,32.867,-117.257,20240115.0,2024-01-15 20:10:00+00:00,14.8,100.0,6.25,7.82,7.04,0.73,0.76,0.75,0.28,3.9,0.13,1.12,0.59,200.0,0.0,21277.0,20026.0,0.0,100754.0,143934.0,2024-01-15,2024-01-15,2024,1
SIO,32.867,-117.257,20240122.0,2024-01-22 21:56:00+00:00,15.1,100.0,3.8,3.81,3.81,0.72,0.72,0.72,0.18,1.7,0.0,0.76,0.0,200.0,0.0,44432.0,13768.0,0.0,255327.0,46936.0,2024-01-22,2024-01-22,2024,1
SIO,32.867,-117.257,20240129.0,2024-01-29 19:49:00+00:00,15.4,100.0,1.41,1.36,1.38,0.49,0.52,0.5,0.27,2.4,0.0,1.67,0.47,200.0,0.0,11890.0,5632.0,0.0,45684.0,31290.0,2024-01-29,2024-01-29,2024,1
SIO,32.867,-117.257,20240205.0,2024-02-05 21:01:00+00:00,15.2,100.0,1.41,1.34,1.37,0.64,0.65,0.64,0.29,2.4,0.0,1.73,0.78,200.0,0.0,7510.0,0.0,0.0,27535.0,24406.0,2024-02-05,2024-02-05,2024,2
SIO,32.867,-117.257,20240212.0,2024-02-12 20:19:00+00:00,15.2,100.0,2.17,2.04,2.1,0.5,0.48,0.49,0.28,3.3,0.1,2.27,0.32,200.0,0.0,3129.0,0.0,0.0,6884.0,21277.0,2024-02-12,2024-02-12,2024,2
SIO,32.867,-117.257,20240220.0,2024-02-20 22:10:00+00:00,15.5,100.0,2.34,2.15,2.24,0.76,0.74,0.75,0.31,3.4,0.0,0.97,0.25,200.0,0.0,1878.0,0.0,0.0,12515.0,47561.0,2024-02-20,2024-02-19,2024,2
SIO,32.867,-117.257,20240226.0,2024-02-26 20:13:00+00:00,15.6,100.0,11.4,11.29,11.34,0.7,0.94,0.82,0.22,3.6,0.0,0.81,0.0,200.0,0.0,1252.0,0.0,0.0,23780.0,55071.0,2024-02-26,2024-02-26,2024,2
SIO,32.867,-117.257,20240304.0,2024-03-04 20:23:00+00:00,16.3,100.0,2.46,2.44,2.45,0.67,0.71,0.69,0.22,4.3,0.0,0.5,0.0,200.0,0.0,1252.0,0.0,0.0,20651.0,8762.0,2024-03-04,2024-03-04,2024,3
SIO,32.867,-117.257,20240311.0,2024-03-11 19:15:00+00:00,15.9,100.0,2.72,2.77,2.75,0.43,0.49,0.46,0.22,4.3,0.0,2.36,0.0,200.0,0.0,1252.0,0.0,0.0,23780.0,25032.0,2024-03-11,2024-03-11,2024,3
SIO,32.867,-117.257,20240318.0,2024-03-18 19:00:00+00:00,16.6,100.0,3.35,3.42,3.39,0.41,0.48,0.45,0.0,2.1,0.0,3.11,0.0,200.0,0.0,13768.0,6884.0,0.0,272223.0,64457.0,2024-03-18,2024-03-18,2024,3
SIO,32.867,-117.257,20240325.0,2024-03-25 19:34:00+00:00,15.3,100.0,2.94,2.88,2.91,1.39,1.39,1.39,0.39,3.9,0.0,2.65,2.58,200.0,0.0,4381.0,4381.0,0.0,31289.0,48812.0,2024-03-25,2024-03-25,2024,3
SIO,32.867,-117.257,20240401.0,2024-04-01 19:27:00+00:00,14.8,100.0,3.76,3.6,3.68,0.91,0.94,0.92,0.36,3.6,0.0,1.65,1.4,200.0,0.0,13142.0,6884.0,2503.0,304139.0,53194.0,2024-04-01,2024-04-01,2024,4
SIO,32.867,-117.257,20240408.0,2024-04-08 19:53:00+00:00,15.6,100.0,2.18,2.09,2.13,0.5,0.49,0.5,0.25,2.8,0.0,1.85,0.28,200.0,0.0,1252.0,0.0,1877.0,77599.0,63205.0,2024-04-08,2024-04-08,2024,4
SIO,32.867,-117.257,20240415.0,2024-04-15 18:58:00+00:00,15.7,100.0,1.4,1.37,1.39,0.71,0.68,0.7,0.29,4.2,0.0,2.5,0.81,200.0,0.0,2504.0,0.0,626.0,23154.0,67586.0,2024-04-15,2024-04-15,2024,4
SIO,32.867,-117.257,20240422.0,2024-04-22 18:56:00+00:00,16.2,100.0,4.1,4.1,4.1,1.3,1.34,1.32,0.28,6.3,0.0,2.58,1.0,200.0,0.0,1252.0,0.0,18148.0,25032.0,125787.0,2024-04-22,2024-04-22,2024,4
SIO,32.867,-117.257,20240429.0,2024-04-29 19:41:00+00:00,17.5,100.0,3.97,4.1,4.03,0.89,0.79,0.84,0.22,8.1,0.0,2.14,0.99,200.0,0.0,10638.0,0.0,9387.0,60703.0,53193.0,2024-04-29,2024-04-29,2024,4
SIO,32.867,-117.257,20240506.0,2024-05-06 19:10:00+00:00,16.7,100.0,3.22,3.22,3.22,0.66,0.67,0.66,0.3,6.2,0.0,1.46,0.85,200.0,0.0,19400.0,30038.0,3755.0,40052.0,71341.0,2024-05-06,2024-05-06,2024,5
SIO,32.867,-117.257,20240513.0,2024-05-13 18:31:00+00:00,17.7,100.0,3.3,3.48,3.39,0.87,0.8,0.83,0.25,4.9,0.0,2.17,0.45,200.0,0.0,65084.0,6258.0,3755.0,24406.0,83857.0,2024-05-13,2024-05-13,2024,5
SIO,32.867,-117.257,20240520.0,2024-05-20 18:51:00+00:00,18.2,100.0,7.86,7.78,7.82,1.27,1.16,1.21,0.17,5.2,0.0,1.2,0.0,200.0,0.0,3755.0,0.0,2503.0,20651.0,100754.0,2024-05-20,2024-05-20,2024,5
SIO,32.867,-117.257,20240528.0,2024-05-28 19:21:00+00:00,17.2,100.0,17.51,17.08,17.3,1.86,1.9,1.88,0.2,9.4,0.0,0.42,0.0,200.0,0.0,1878.0,0.0,7510.0,24406.0,121404.0,2024-05-28,2024-05-27,2024,5
SIO,32.867,-117.257,20240603.0,2024-06-03 19:18:00+00:00,17.7,100.0,16.77,16.64,16.71,1.42,1.5,1.46,0.1,7.5,0.0,0.83,0.0,200.0,0.0,626.0,0.0,7509.0,21277.0,64457.0,2024-06-03,2024-06-03,2024,6
SIO,32.867,-117.257,20240610.0,2024-06-10 19:00:00+00:00,18.5,100.0,1.55,1.46,1.5,0.48,0.46,0.47,0.18,3.0,0.0,0.52,0.0,200.0,0.0,3755.0,0.0,626.0,16896.0,16271.0,2024-06-10,2024-06-10,2024,6
SIO,32.867,-117.257,20240617.0,2024-06-17 19:19:00+00:00,18.5,100.0,1.63,1.64,1.63,0.39,0.41,0.4,0.12,6.1,0.0,0.0,0.0,200.0,0.0,10639.0,0.0,5007.0,153947.0,31289.0,2024-06-17,2024-06-17,2024,6
SIO,32.867,-117.257,20240624.0,2024-06-24 19:09:00+00:00,20.8,100.0,5.75,5.59,5.67,0.32,0.43,0.38,0.19,7.0,0.0,0.27,0.0,200.0,0.0,275958.0,2905.0,5810.0,1577318.0,90049.0,2024-06-24,2024-06-24,2024,6
SIO,32.867,-117.257,20240701.0,2024-07-01 19:21:00+00:00,19.7,100.0,5.08,5.09,5.09,0.7,0.76,0.73,0.13,7.1,0.0,0.42,0.0,200.0,0.0,66335.0,1252.0,17522.0,182734.0,127038.0,2024-07-01,2024-07-01,2024,7
SIO,32.867,-117.257,20240708.0,2024-07-08 18:16:00+00:00,22.7,100.0,1.97,1.95,1.96,0.59,0.6,0.59,0.0,3.7,0.0,0.45,0.0,200.0,0.0,8761.0,626.0,0.0,47561.0,59450.0,2024-07-08,2024-07-08,2024,7
SIO,32.867,-117.257,20240715.0,2024-07-15 19:23:00+00:00,21.2,100.0,3.81,3.76,3.79,0.99,1.05,1.02,0.0,3.8,0.0,0.0,1.27,200.0,0.0,14393.0,5632.0,0.0,211522.0,147064.0,2024-07-15,2024-07-15,2024,7
SIO,32.867,-117.257,20240722.0,2024-07-22 19:02:00+00:00,21.4,100.0,4.42,4.47,4.44,0.89,1.0,0.95,0.0,1.7,0.0,0.0,0.89,200.0,0.02,461867.0,26143.0,0.0,2411002.0,95859.0,2024-07-22,2024-07-22,2024,7
SIO,32.867,-117.257,20240729.0,2024-07-29 19:07:00+00:00,20.5,100.0,5.04,5.0,5.02,1.34,1.17,1.25,0.0,1.0,0.0,0.5,0.76,200.0,0.026,278863.0,37763.0,14524.0,2315143.0,145240.0,2024-07-29,2024-07-29,2024,7
SIO,32.867,-117.257,20240805.0,2024-08-05 19:25:00+00:00,19.0,100.0,1.75,1.7,1.73,0.7,0.7,0.7,0.33,3.9,0.0,0.63,0.49,200.0,0.0,7510.0,1877.0,3755.0,60077.0,74469.0,2024-08-05,2024-08-05,2024,8
SIO,32.867,-117.257,20240812.0,2024-08-12 19:15:00+00:00,23.0,100.0,2.17,2.19,2.18,0.64,0.55,0.6,0.13,1.1,0.0,0.0,0.0,200.0,0.0,10639.0,2503.0,3755.0,96999.0,63205.0,2024-08-12,2024-08-12,2024,8
SIO,32.867,-117.257,20240819.0,2024-08-19 19:22:00+00:00,23.5,100.0,3.35,3.28,3.31,0.99,0.96,0.98,0.16,1.7,0.0,0.46,0.0,200.0,0.0,1877.0,0.0,18774.0,107638.0,176477.0,2024-08-19,2024-08-19,2024,8
SIO,32.867,-117.257,20240826.0,2024-08-26 19:05:00+00:00,23.6,100.0,3.62,3.69,3.66,0.79,0.77,0.78,0.0,1.7,0.0,0.57,0.0,200.0,0.0,626.0,0.0,6884.0,35045.0,88864.0,2024-08-26,2024-08-26,2024,8
SIO,32.867,-117.257,20240903.0,2024-09-03 17:48:00+00:00,22.8,100.0,2.5,2.6,2.55,0.77,0.81,0.79,0.16,1.8,0.0,0.41,0.0,200.0,0.0,7510.0,0.0,3755.0,91367.0,75096.0,2024-09-03,2024-09-02,2024,9
SIO,32.867,-117.257,20240909.0,2024-09-09 19:14:00+00:00,22.5,100.0,2.72,2.71,2.72,0.58,0.59,0.59,0.22,1.8,0.0,0.43,0.0,200.0,0.0,5632.0,1877.0,3129.0,49439.0,122658.0,2024-09-09,2024-09-09,2024,9
SIO,32.867,-117.257,20240916.0,2024-09-16 19:49:00+00:00,22.6,100.0,1.47,1.43,1.45,0.48,0.51,0.5,0.19,1.5,0.1,0.69,0.62,200.0,0.0,0.0,0.0,0.0,2503.0,54445.0,2024-09-16,2024-09-16,2024,9
SIO,32.867,-117.257,20240923.0,2024-09-23 19:25:00+00:00,18.0,100.0,2.31,2.33,2.32,0.66,0.67,0.66,0.29,2.9,0.0,0.25,0.86,200.0,0.0,1878.0,0.0,0.0,25657.0,62579.0,2024-09-23,2024-09-23,2024,9
SIO,32.867,-117.257,20240930.0,2024-09-30 19:39:00+00:00,16.9,100.0,2.4,2.41,2.4,1.03,1.09,1.06,0.26,3.4,0.0,0.29,0.63,200.0,0.0,5007.0,5006.0,0.0,29413.0,40676.0,2024-09-30,2024-09-30,2024,9
SIO,32.867,-117.257,20241007.0,2024-10-07 19:23:00+00:00,16.9,100.0,2.19,2.15,2.17,0.78,0.81,0.79,0.27,3.3,0.0,0.22,0.72,200.0,0.0,3754.0,0.0,1877.0,42555.0,30038.0,2024-10-07,2024-10-07,2024,10
SIO,32.867,-117.257,20241014.0,2024-10-14 17:58:00+00:00,18.1,100.0,3.15,3.21,3.18,0.8,0.8,0.8,0.22,2.9,0.0,0.45,0.93,200.0,0.0,8135.0,0.0,2504.0,36923.0,50690.0,2024-10-14,2024-10-14,2024,10
SIO,32.867,-117.257,20241021.0,2024-10-21 19:14:00+00:00,18.7,100.0,1.96,1.93,1.95,0.53,0.58,0.56,0.12,2.5,0.0,0.0,0.79,200.0,0.0,8135.0,0.0,626.0,34420.0,63205.0,2024-10-21,2024-10-21,2024,10
SIO,32.867,-117.257,20241028.0,2024-10-28 18:24:00+00:00,18.5,100.0,3.29,3.2,3.25,0.55,0.65,0.6,0.2,2.3,0.0,0.44,0.78,200.0,0.0,6258.0,0.0,0.0,30664.0,34418.0,2024-10-28,2024-10-28,2024,10
SIO,32.867,-117.257,20241104.0,2024-11-04 20:09:00+00:00,17.4,100.0,2.59,2.57,2.58,0.49,0.55,0.52,0.2,4.1,0.0,0.0,0.79,200.0,0.0,3129.0,0.0,0.0,36297.0,35671.0,2024-11-04,2024-11-04,2024,11
SIO,32.867,-117.257,20241111.0,2024-11-11 19:18:00+00:00,16.2,100.0,23.21,27.24,25.23,1.57,3.06,2.31,0.15,4.5,0.0,0.0,0.94,200.0,0.0,0.0,0.0,0.0,10013.0,71340.0,2024-11-11,2024-11-11,2024,11
SIO,32.867,-117.257,20241118.0,2024-11-18 20:22:00+00:00,15.3,100.0,8.28,8.38,8.33,0.32,0.45,0.39,0.3,5.3,0.0,0.0,0.86,200.0,0.0,5007.0,0.0,0.0,6883.0,46935.0,2024-11-18,2024-11-18,2024,11
SIO,32.867,-117.257,20241125.0,2024-11-25 20:08:00+00:00,15.4,100.0,1.09,1.06,1.08,0.46,0.39,0.43,0.21,4.7,0.0,0.76,0.93,200.0,0.0,0.0,0.0,0.0,9387.0,128915.0,2024-11-25,2024-11-25,2024,11
SIO,32.867,-117.257,20241202.0,2024-12-02 20:14:00+00:00,15.6,100.0,2.87,2.84,2.86,0.44,0.47,0.46,0.2,4.1,0.0,0.41,0.87,200.0,0.0,27535.0,626.0,626.0,15019.0,50064.0,2024-12-02,2024-12-02,2024,12
SIO,32.867,-117.257,20241209.0,2024-12-09 20:31:00+00:00,14.4,100.0,1.5,1.5,1.5,0.56,0.65,0.6,0.52,5.1,0.14,1.19,3.78,200.0,0.0,5007.0,0.0,0.0,48812.0,32542.0,2024-12-09,2024-12-09,2024,12
SIO,32.867,-117.257,20241216.0,2024-12-16 18:50:00+00:00,13.8,100.0,3.51,3.25,3.38,0.88,1.13,1.0,0.31,5.5,0.0,0.28,0.99,200.0,1.481,1252.0,35671.0,0.0,58199.0,33166.0,2024-12-16,2024-12-16,2024,12
SIO,32.867,-117.257,20241223.0,2024-12-23 20:25:00+00:00,13.2,100.0,9.86,9.57,9.71,1.51,1.47,1.49,0.51,6.1,0.18,0.6,4.44,200.0,2.475,8761.0,171470.0,0.0,107012.0,56322.0,2024-12-23,2024-12-23,2024,12
SIO,32.867,-117.257,20241230.0,2024-12-30 20:21:00+00:00,13.4,100.0,5.71,5.37,5.54,1.43,1.43,1.43,0.69,9.3,0.42,2.0,7.32,200.0,0.0,22529.0,5632.0,10013.0,71341.0,64455.0,2024-12-30,2024-12-30,2024,12
SIO,32.867,-117.257,20250106.0,2025-01-06 20:17:00+00:00,13.5,100.0,3.52,3.47,3.5,0.75,0.76,0.76,0.59,6.7,0.18,0.39,5.86,200.0,0.064,77599.0,86986.0,3755.0,365469.0,76973.0,2025-01-06,2025-01-06,2025,1
SIO,32.867,-117.257,20250113.0,2025-01-13 20:11:00+00:00,13.9,100.0,5.13,5.4,5.27,0.66,0.7,0.68,0.32,4.0,0.0,0.37,1.14,200.0,0.116,108889.0,37548.0,5006.0,144561.0,118902.0,2025-01-13,2025-01-13,2025,1
SIO,32.867,-117.257,20250121.0,2025-01-21 20:35:00+00:00,14.4,100.0,4.13,4.18,4.16,0.68,0.58,0.63,0.31,2.2,0.0,0.43,0.0,200.0,0.274,29413.0,16271.0,2503.0,24406.0,93243.0,2025-01-21,2025-01-20,2025,1
SIO,32.867,-117.257,20250127.0,2025-01-27 20:13:00+00:00,13.4,100.0,3.5,3.23,3.37,0.49,0.6,0.54,0.26,2.1,0.0,0.57,0.46,200.0,0.066,22529.0,20026.0,8136.0,63831.0,71965.0,2025-01-27,2025-01-27,2025,1
SIO,32.867,-117.257,20250203.0,2025-02-03 19:57:00+00:00,14.0,100.0,5.95,6.36,6.16,0.15,0.21,0.18,0.46,4.0,0.0,0.53,0.0,200.0,0.0,6258.0,626.0,1252.0,7509.0,39426.0,2025-02-03,2025-02-03,2025,2
SIO,32.867,-117.257,20250210.0,2025-02-10 19:58:00+00:00,14.1,100.0,3.36,3.33,3.35,0.88,0.92,0.9,0.48,5.3,0.0,0.37,2.82,200.0,0.0,2503.0,1252.0,0.0,8135.0,24406.0,2025-02-10,2025-02-10,2025,2
SIO,32.867,-117.257,20250218.0,2025-02-18 20:11:00+00:00,15.0,100.0,4.06,3.97,4.02,1.01,1.14,1.08,0.3,2.6,0.0,0.89,0.79,200.0,2.196,23780.0,115148.0,626.0,138928.0,53818.0,2025-02-18,2025-02-17,2025,2
SIO,32.867,-117.257,20250224.0,2025-02-24 20:39:00+00:00,15.6,100.0,2.12,2.16,2.14,0.82,0.66,0.74,0.24,2.6,0.0,0.67,0.0,200.0,0.0,5632.0,626.0,626.0,13142.0,85734.0,2025-02-24,2025-02-24,2025,2
SIO,32.867,-117.257,20250304.0,2025-03-04 20:19:00+00:00,15.0,100.0,2.9,2.84,2.87,0.95,0.97,0.96,0.49,5.1,0.14,2.42,2.83,200.0,0.0,9387.0,0.0,0.0,25032.0,30039.0,2025-03-04,2025-03-03,2025,3
SIO,32.867,-117.257,20250310.0,2025-03-10 19:13:00+00:00,13.4,100.0,2.76,2.8,2.78,0.89,0.88,0.88,1.24,14.5,0.4,5.72,11.8,200.0,0.0,12516.0,2503.0,626.0,23155.0,37547.0,2025-03-10,2025-03-10,2025,3
SIO,32.867,-117.257,20250317.0,2025-03-17 18:50:00+00:00,15.1,100.0,2.62,2.56,2.59,0.48,0.42,0.45,0.48,5.9,0.17,40.92,2.05,200.0,0.021,0.0,1877.0,1252.0,88238.0,60075.0,2025-03-17,2025-03-17,2025,3
SIO,32.867,-117.257,20250324.0,2025-03-24 19:10:00+00:00,16.0,100.0,19.31,18.82,19.06,2.19,2.16,2.17,0.2,4.5,0.0,34.05,0.34,200.0,1.34,9387.0,242811.0,3755.0,152696.0,112019.0,2025-03-24,2025-03-24,2025,3
SIO,32.867,-117.257,20250331.0,2025-03-31 19:40:00+00:00,14.0,100.0,10.01,9.87,9.94,1.99,1.82,1.91,0.6,7.5,0.13,4.12,3.94,200.0,1.072,3755.0,169592.0,3755.0,63832.0,67586.0,2025-03-31,2025-03-31,2025,3
SIO,32.867,-117.257,20250407.0,2025-04-07 19:30:00+00:00,15.3,100.0,20.44,20.32,20.38,2.41,2.93,2.67,0.7,14.5,0.2,63.18,3.53,200.0,2.024,20025.0,17522.0,10639.0,787886.0,119527.0,2025-04-07,2025-04-07,2025,4
SIO,32.867,-117.257,20250414.0,2025-04-14 19:08:00+00:00,16.3,100.0,3.89,4.15,4.02,0.59,0.5,0.55,0.3,2.9,0.0,4.55,0.92,200.0,0.477,1252.0,122031.0,3755.0,127038.0,37548.0,2025-04-14,2025-04-14,2025,4
SIO,32.867,-117.257,20250421.0,2025-04-21 19:16:00+00:00,16.3,100.0,3.23,3.42,3.32,0.74,0.66,0.7,0.16,1.5,0.0,61.08,0.47,200.0,1.536,23780.0,90741.0,8135.0,138303.0,71966.0,2025-04-21,2025-04-21,2025,4
SIO,32.867,-117.257,20250428.0,2025-04-28 19:21:00+00:00,16.9,100.0,1.21,1.19,1.2,0.49,0.35,0.42,0.24,1.9,0.0,54.85,0.54,200.0,0.244,11264.0,17522.0,0.0,66336.0,20026.0,2025-04-28,2025-04-28,2025,4
SIO,32.867,-117.257,20250505.0,2025-05-05 19:33:00+00:00,16.8,100.0,1.27,1.3,1.28,0.49,0.47,0.48,0.23,2.1,0.0,0.86,0.65,200.0,0.0,3129.0,1252.0,1252.0,48186.0,35669.0,2025-05-05,2025-05-05,2025,5
SIO,32.867,-117.257,20250512.0,2025-05-12 19:23:00+00:00,18.2,100.0,0.63,0.64,0.64,0.2,0.2,0.2,0.26,3.6,0.0,18.49,0.56,200.0,0.0,5007.0,626.0,0.0,35670.0,45683.0,2025-05-12,2025-05-12,2025,5
SIO,32.867,-117.257,20250519.0,2025-05-19 18:52:00+00:00,17.6,100.0,2.16,2.16,2.16,0.24,0.38,0.31,0.29,5.2,0.0,57.83,0.47,200.0,0.0,7510.0,1877.0,626.0,82606.0,22528.0,2025-05-19,2025-05-19,2025,5
SIO,32.867,-117.257,20250527.0,2025-05-27 19:56:00+00:00,20.2,100.0,0.68,0.67,0.68,0.13,0.13,0.13,0.11,2.5,0.0,60.45,0.51,200.0,0.0,5632.0,626.0,626.0,6258.0,44431.0,2025-05-27,2025-05-26,2025,5
SIO,32.867,-117.257,20250602.0,2025-06-02 19:10:00+00:00,18.1,100.0,2.13,2.14,2.13,0.36,0.41,0.38,0.34,5.2,0.0,9.48,1.17,200.0,0.0,170218.0,7510.0,0.0,110767.0,35670.0,2025-06-02,2025-06-02,2025,6
SIO,32.867,-117.257,20250609.0,2025-06-09 19:05:00+00:00,17.3,100.0,21.38,20.96,21.17,2.2,2.57,2.39,0.19,7.4,0.0,0.68,0.38,200.0,0.0,103883.0,7510.0,626.0,129541.0,161454.0,2025-06-09,2025-06-09,2025,6
SIO,32.867,-117.257,20250616.0,2025-06-16 19:41:00+00:00,20.0,100.0,0.79,0.82,0.8,0.27,0.3,0.29,0.13,2.4,0.0,0.48,0.41,200.0,0.0,39426.0,3755.0,0.0,147689.0,33793.0,2025-06-16,2025-06-16,2025,6
SIO,32.867,-117.257,20250623.0,2025-06-23 19:22:00+00:00,20.7,100.0,1.38,1.37,1.37,0.4,0.44,0.42,0.0,1.9,0.0,0.23,0.43,200.0,0.0,81419.0,2961.0,0.0,602505.0,39970.0,2025-06-23,2025-06-23,2025,6
SIO,32.867,-117.257,20250630.0,2025-06-30 21:36:00+00:00,20.2,100.0,3.19,3.1,3.15,0.61,0.8,0.7,0.16,3.1,0.0,0.0,0.66,200.0,0.0,219092.0,37009.0,0.0,1074738.0,105106.0,2025-06-30,2025-06-30,2025,6
SIO,32.867,-117.257,20250707.0,2025-07-07 19:10:00+00:00,21.3,100.0,2.43,2.41,2.42,0.8,0.69,0.75,0.0,1.2,0.0,0.33,0.42,200.0,0.0,119528.0,2503.0,0.0,1031948.0,97624.0,2025-07-07,2025-07-07,2025,7
SIO,32.867,-117.257,20250714.0,2025-07-14 19:30:00+00:00,20.2,100.0,5.2,5.26,5.23,0.87,0.72,0.79,0.0,1.8,0.0,0.0,0.32,200.0,0.0,30664.0,1252.0,1878.0,642698.0,119527.0,2025-07-14,2025-07-14,2025,7
SIO,32.867,-117.257,20250721.0,2025-07-21 18:56:00+00:00,20.8,100.0,4.63,4.56,4.6,0.63,0.65,0.64,0.0,0.8,0.0,0.0,0.23,200.0,0.0,29049.0,8714.0,0.0,2968728.0,75525.0,2025-07-21,2025-07-21,2025,7
SIO,32.867,-117.257,20250728.0,2025-07-28 19:15:00+00:00,21.7,100.0,2.28,2.28,2.28,0.6,0.59,0.59,0.0,0.7,0.0,0.0,0.23,200.0,0.0,3909.0,0.0,0.0,807204.0,130950.0,2025-07-28,2025-07-28,2025,7
SIO,32.867,-117.257,20250804.0,2025-08-04 20:14:00+00:00,18.1,100.0,5.44,5.29,5.37,0.64,0.55,0.59,0.0,4.7,0.0,0.0,0.32,200.0,0.0,12516.0,0.0,0.0,115773.0,399887.0,2025-08-04,2025-08-04,2025,8
SIO,32.867,-117.257,20250811.0,2025-08-11 19:40:00+00:00,22.6,100.0,1.2,1.19,1.19,0.26,0.24,0.25,0.0,0.8,0.0,0.0,0.3,200.0,0.0,2504.0,626.0,0.0,406770.0,98877.0,2025-08-11,2025-08-11,2025,8
SIO,32.867,-117.257,20250818.0,2025-08-18 19:25:00+00:00,22.3,100.0,1.09,1.11,1.1,0.21,0.21,0.21,0.0,0.5,0.0,0.2,0.37,200.0,0.0,10013.0,0.0,626.0,611408.0,53193.0,2025-08-18,2025-08-18,2025,8
SIO,32.867,-117.257,20250825.0,2025-08-25 19:03:00+00:00,23.0,100.0,1.86,1.86,1.86,0.39,0.37,0.38,0.1,1.1,0.0,0.0,0.39,200.0,0.0,11890.0,0.0,1252.0,52568.0,77599.0,2025-08-25,2025-08-25,2025,8
SIO,32.867,-117.257,20250902.0,2025-09-02 18:32:00+00:00,23.1,100.0,1.4,1.39,1.39,0.21,0.22,0.22,0.0,1.1,0.0,0.0,0.25,200.0,0.0,13768.0,0.0,0.0,41303.0,77599.0,2025-09-02,2025-09-01,2025,9
SIO,32.867,-117.257,20250908.0,2025-09-08 18:52:00+00:00,23.4,100.0,0.93,0.95,0.94,0.14,0.14,0.14,0.11,1.0,0.0,0.0,0.53,200.0,0.0,3129.0,6884.0,0.0,61954.0,57574.0,2025-09-08,2025-09-08,2025,9
SIO,32.867,-117.257,20250915.0,2025-09-15 18:06:00+00:00,21.5,100.0,0.61,0.63,0.62,0.11,0.12,0.12,0.19,1.3,0.0,0.25,0.41,200.0,0.0,3755.0,6258.0,0.0,20025.0,25657.0,2025-09-15,2025-09-15,2025,9
SIO,32.867,-117.257,20250922.0,2025-09-22 19:16:00+00:00,16.9,100.0,1.54,1.52,1.53,0.49,0.51,0.5,0.31,2.7,0.0,0.0,0.57,200.0,0.0,15019.0,3755.0,626.0,96999.0,55070.0,2025-09-22,2025-09-22,2025,9
SIO,32.867,-117.257,20250929.0,2025-09-29 19:08:00+00:00,19.7,100.0,1.36,1.29,1.32,0.37,0.36,0.36,0.26,1.6,0.0,0.0,0.24,200.0,0.0,0.0,1252.0,626.0,67586.0,55071.0,2025-09-29,2025-09-29,2025,9
SIO,32.867,-117.257,20251006.0,2025-10-06 19:03:00+00:00,19.8,100.0,2.09,2.14,2.12,0.52,0.41,0.46,0.23,1.8,0.0,0.0,0.17,200.0,0.0,3129.0,0.0,1878.0,113270.0,95120.0,2025-10-06,2025-10-06,2025,10
SIO,32.867,-117.257,20251013.0,2025-10-13 19:32:00+00:00,16.8,100.0,2.35,2.28,2.32,0.88,0.95,0.92,0.35,4.0,0.0,0.34,0.0,200.0,0.0,3129.0,5632.0,0.0,99503.0,45056.0,2025-10-13,2025-10-13,2025,10
SIO,32.867,-117.257,20251020.0,2025-10-20 21:21:00+00:00,18.5,100.0,0.98,0.95,0.97,0.26,0.27,0.26,0.24,1.4,0.0,0.24,0.0,200.0,0.0,6258.0,8761.0,0.0,257831.0,73218.0,2025-10-20,2025-10-20,2025,10
SIO,32.867,-117.257,20251027.0,2025-10-27 19:14:00+00:00,18.6,100.0,2.52,2.47,2.49,0.78,0.8,0.79,0.16,1.6,0.0,0.0,0.0,200.0,0.0,8135.0,0.0,0.0,58200.0,54444.0,2025-10-27,2025-10-27,2025,10
SIO,32.867,-117.257,20251103.0,2025-11-03 20:11:00+00:00,20.0,100.0,1.39,1.39,1.39,0.42,0.44,0.43,0.16,1.6,0.0,0.28,0.0,200.0,0.0,2503.0,0.0,0.0,28787.0,33793.0,2025-11-03,2025-11-03,2025,11
SIO,32.867,-117.257,20251110.0,2025-11-10 19:52:00+00:00,19.0,100.0,2.95,2.97,2.96,0.75,0.81,0.78,0.16,2.0,0.0,0.0,0.0,200.0,0.0,3129.0,626.0,0.0,37548.0,102631.0,2025-11-10,2025-11-10,2025,11
SIO,32.867,-117.257,20251117.0,2025-11-17 20:01:00+00:00,18.9,100.0,0.83,0.87,0.85,0.2,0.18,0.19,0.11,0.8,0.0,0.0,0.0,200.0,0.0,0.0,0.0,0.0,20651.0,30038.0,2025-11-17,2025-11-17,2025,11
SIO,32.867,-117.257,20251124.0,2025-11-24 20:01:00+00:00,17.5,100.0,1.01,1.04,1.03,0.29,0.3,0.29,0.23,1.6,0.0,0.5,0.15,200.0,0.0,,,,,,2025-11-24,2025-11-24,2025,11
SIO,32.867,-117.257,20251201.0,2025-12-01 20:49:00+00:00,17.9,100.0,0.84,0.82,0.83,0.35,0.38,0.37,0.22,1.6,0.0,0.66,0.0,200.0,0.0,272.0,0.0,544.0,11146.0,12912.0,2025-12-01,2025-12-01,2025,12
SIO,32.867,-117.257,20251208.0,2025-12-08 20:17:00+00:00,17.8,100.0,1.05,1.04,1.04,0.42,0.45,0.44,0.21,1.6,0.0,0.33,0.13,200.0,0.0,0.0,0.0,0.0,7396.0,32155.0,2025-12-08,2025-12-08,2025,12
SIO,32.867,-117.257,20251215.0,2025-12-15 20:06:00+00:00,16.9,100.0,1.62,1.57,1.6,0.64,0.65,0.64,0.23,1.7,0.0,0.4,0.15,200.0,0.0,2461.0,821.0,1641.0,27487.0,54152.0,2025-12-15,2025-12-15,2025,12
SIO,32.867,-117.257,20251222.0,2025-12-22 20:24:00+00:00,17.2,100.0,1.34,1.32,1.33,0.56,0.56,0.56,0.2,1.6,0.0,0.37,0.13,200.0,0.0,,,,,,2025-12-22,2025-12-22,2025,12
SIO,32.867,-117.257,20251229.0,2025-12-29 20:14:00+00:00,17.2,100.0,1.09,1.06,1.07,0.46,0.43,0.45,0.23,1.9,0.0,0.87,0.0,200.0,0.0,,,,,,2025-12-29,2025-12-29,2025,12
SIO,32.867,-117.257,20260105.0,2026-01-05 20:18:00+00:00,17.2,100.0,2.1,2.16,2.13,0.51,0.59,0.55,0.3,2.5,0.0,0.34,0.45,200.0,0.0,6258.0,1252.0,6884.0,40677.0,65083.0,2026-01-05,2026-01-05,2026,1
SIO,32.867,-117.257,20260112.0,2026-01-12 20:33:00+00:00,16.9,100.0,1.57,1.58,1.58,0.45,0.5,0.47,,,,,,200.0,0.0,0.0,0.0,0.0,32000.0,57435.0,2026-01-12,2026-01-12,2026,1
SIO,32.867,-117.257,20260119.0,2026-01-19 20:00:00+00:00,16.7,100.0,0.64,0.64,0.64,0.2,0.22,0.21,,,,,,200.0,0.0,6564.0,1641.0,0.0,49640.0,25436.0,2026-01-19,2026-01-19,2026,1
SIO,32.867,-117.257,20260126.0,2026-01-26 20:24:00+00:00,16.7,100.0,0.73,0.73,0.73,0.29,0.3,0.29,,,,,,200.0,0.0,15589.0,4103.0,0.0,56205.0,41846.0,2026-01-26,2026-01-26,2026,1
SIO,32.867,-117.257,20260202.0,2026-02-02 20:08:00+00:00,17.0,100.0,0.29,0.32,0.3,0.1,0.11,0.1,,,,,,200.0,0.0,821.0,0.0,0.0,24615.0,19692.0,2026-02-02,2026-02-02,2026,2
SIO,32.867,-117.257,20260209.0,2026-02-09 20:17:00+00:00,17.5,100.0,0.53,0.51,0.52,0.16,0.18,0.17,,,,,,200.0,0.0,5334.0,0.0,0.0,37742.0,22564.0,2026-02-09,2026-02-09,2026,2
SIO,32.867,-117.257,20260217.0,2026-02-17 20:01:00+00:00,16.7,100.0,0.62,0.6,0.61,0.21,0.22,0.22,,,,,,200.0,0.0,10667.0,0.0,0.0,18051.0,23384.0,2026-02-17,2026-02-16,2026,2
SIO,32.867,-117.257,20260223.0,2026-02-23 20:25:00+00:00,16.6,100.0,1.21,1.28,1.24,0.47,0.55,0.51,,,,,,200.0,0.0,6154.0,0.0,0.0,22153.0,32410.0,2026-02-23,2026-02-23,2026,2
SIO,32.867,-117.257,20260302.0,2026-03-02 20:07:00+00:00,16.7,100.0,1.97,2.07,2.02,0.63,0.54,0.59,,,,,,200.0,0.178,592142.0,202808.0,0.0,661719.0,66617.0,2026-03-02,2026-03-02,2026,3
SIO,32.867,-117.257,20260309.0,2026-03-09 19:15:00+00:00,16.4,100.0,1.34,1.32,1.33,0.34,0.25,0.3,,,,,,,,39425.0,25032.0,0.0,80729.0,51316.0,2026-03-09,2026-03-09,2026,3
SIO,32.867,-117.257,20260316.0,2026-03-16 19:05:00+00:00,17.7,100.0,0.85,0.83,0.84,0.25,0.27,0.26,,,,,,,,821.0,1231.0,0.0,23384.0,36103.0,2026-03-16,2026-03-16,2026,3
SIO,32.867,-117.257,20260323.0,2026-03-23 19:17:00+00:00,18.6,100.0,1.05,1.08,1.07,0.37,0.34,0.35,,,,,,,,626.0,0.0,0.0,24406.0,63205.0,2026-03-23,2026-03-23,2026,3
SIO,32.867,-117.257,20260330.0,2026-03-30 19:22:00+00:00,19.0,100.0,1.22,1.22,1.22,0.26,0.22,0.24,,,,,,,,,,,,,2026-03-30,2026-03-30,2026,3
