location_code,latitude,longitude,sampleid,time,temp,chl_volume_filtered,chl1,chl2,avg_chloro,phosphate,silicate,ammonium,nitrate,da_volume_filtered,pda,alexandrium_spp,dinophysis_spp,pseudo_nitzschia_seriata_group,sample_date,week_start,year,month
HAB_SCW,36.958,-122.017,WW010417SC,2017-01-04 16:30:00+00:00,11.2,25.0,3.84,3.42,3.63,1.25,54.74,2.33,8.2,250.0,,,,,2017-01-04,2017-01-02,2017,1
HAB_SCW,36.958,-122.017,WW011117SC,2017-01-11 16:15:00+00:00,11.8,25.0,13.05,10.92,11.98,0.97,36.86,1.29,10.1,250.0,0.0,,,,2017-01-11,2017-01-09,2017,1
HAB_SCW,36.958,-122.017,WW011817SC,2017-01-18 16:30:00+00:00,11.3,25.0,1.83,1.9,1.87,0.9,18.11,2.19,7.18,250.0,0.0,,,,2017-01-18,2017-01-16,2017,1
HAB_SCW,36.958,-122.017,WW012517SC,2017-01-25 15:45:00+00:00,10.3,25.0,0.98,1.1,1.04,0.92,46.29,,11.44,250.0,0.0,,,,2017-01-25,2017-01-23,2017,1
HAB_SCW,36.958,-122.017,WW020117SC,2017-02-01 15:45:00+00:00,11.2,25.0,2.1,2.11,2.11,0.77,27.94,2.37,11.54,250.0,0.0,,,,2017-02-01,2017-01-30,2017,2
HAB_SCW,36.958,-122.017,WW020817SC,2017-02-08 15:45:00+00:00,12.7,25.0,1.36,1.33,1.35,1.09,91.96,2.35,10.94,250.0,0.0,,,,2017-02-08,2017-02-06,2017,2
HAB_SCW,36.958,-122.017,WW021517SC,2017-02-15 15:40:00+00:00,12.2,25.0,1.82,1.72,1.77,0.82,50.0,2.54,9.28,250.0,0.0,,,,2017-02-15,2017-02-13,2017,2
HAB_SCW,36.958,-122.017,WW022217SC,2017-02-22 15:45:00+00:00,12.1,25.0,0.89,0.97,0.93,0.56,22.83,1.67,5.92,250.0,0.0,,,,2017-02-22,2017-02-20,2017,2
HAB_SCW,36.958,-122.017,WW030117SC,2017-03-01 15:45:00+00:00,11.4,25.0,0.63,0.57,0.6,0.58,13.71,2.24,5.8,250.0,0.0,,,,2017-03-01,2017-02-27,2017,3
HAB_SCW,36.958,-122.017,WW030817SC,2017-03-08 15:45:00+00:00,11.7,25.0,3.34,3.11,3.23,0.5,39.24,1.32,6.93,250.0,0.0,,,,2017-03-08,2017-03-06,2017,3
HAB_SCW,36.958,-122.017,WW031517SC,2017-03-15 14:45:00+00:00,13.1,25.0,2.07,2.14,2.1,0.32,28.73,3.11,2.83,250.0,,,,,2017-03-15,2017-03-13,2017,3
HAB_SCW,36.958,-122.017,WW032217SC,2017-03-22 15:45:00+00:00,13.0,25.0,2.86,3.34,3.1,0.38,30.96,1.83,2.66,250.0,0.0,,,,2017-03-22,2017-03-20,2017,3
HAB_SCW,36.958,-122.017,WW032917SC,2017-03-29 15:15:00+00:00,14.7,25.0,3.26,3.47,3.37,0.22,9.08,1.16,1.57,250.0,0.011194,,,,2017-03-29,2017-03-27,2017,3
HAB_SCW,36.958,-122.017,WW040517SC,2017-04-05 15:30:00+00:00,13.3,25.0,3.58,3.19,3.39,0.31,16.04,1.38,3.94,250.0,0.024891,,,,2017-04-05,2017-04-03,2017,4
HAB_SCW,36.958,-122.017,WW041217SC,2017-04-12 15:45:00+00:00,11.8,25.0,3.12,3.25,3.19,0.8,28.98,3.27,10.54,250.0,0.012771,,,,2017-04-12,2017-04-10,2017,4
HAB_SCW,36.958,-122.017,WW041917SC,2017-04-19 15:45:00+00:00,12.5,25.0,6.83,7.33,7.08,0.69,13.3,3.82,5.0,250.0,0.341472,,,,2017-04-19,2017-04-17,2017,4
HAB_SCW,36.958,-122.017,WW042617SC,2017-04-26 15:45:00+00:00,11.7,25.0,6.73,6.59,6.66,0.96,42.86,3.17,12.21,250.0,0.0,,,,2017-04-26,2017-04-24,2017,4
HAB_SCW,36.958,-122.017,WW050317SC,2017-05-03 15:45:00+00:00,13.9,25.0,3.37,3.39,3.38,0.52,41.02,2.92,4.65,250.0,0.0,,,,2017-05-03,2017-05-01,2017,5
HAB_SCW,36.958,-122.017,WW051017SC,2017-05-10 15:45:00+00:00,12.3,25.0,7.26,6.88,7.07,4.28,26.49,2.3,10.39,250.0,0.0,730.0,,3500.0,2017-05-10,2017-05-08,2017,5
HAB_SCW,36.958,-122.017,WW051717SC,2017-05-17 15:45:00+00:00,12.4,25.0,4.03,3.69,3.86,0.84,19.37,4.2,10.05,250.0,0.091944,880.0,667.0,34500.0,2017-05-17,2017-05-15,2017,5
HAB_SCW,36.958,-122.017,WW052417SC,2017-05-24 16:00:00+00:00,13.1,25.0,9.45,9.75,9.6,0.88,11.07,1.95,1.75,250.0,0.069768,1330.0,3250.0,80750.0,2017-05-24,2017-05-22,2017,5
HAB_SCW,36.958,-122.017,WW053117SC,2017-05-31 16:10:00+00:00,14.9,25.0,3.5,3.36,3.43,0.49,22.31,1.41,0.75,250.0,0.727049,260.0,,48500.0,2017-05-31,2017-05-29,2017,5
HAB_SCW,36.958,-122.017,WW060717SC,2017-06-07 16:10:00+00:00,14.4,25.0,7.32,7.19,7.25,0.62,16.49,1.82,3.17,250.0,0.620082,160.0,,79950.0,2017-06-07,2017-06-05,2017,6
HAB_SCW,36.958,-122.017,WW061417SC,2017-06-14 15:20:00+00:00,13.3,25.0,11.56,10.69,11.12,0.3,11.79,1.86,2.85,250.0,1.158715,890.0,1790.0,123400.0,2017-06-14,2017-06-12,2017,6
HAB_SCW,36.958,-122.017,WW062117SC,2017-06-21 15:45:00+00:00,14.7,25.0,4.19,3.96,4.07,0.86,11.08,11.18,4.19,250.0,0.545994,40.0,,15150.0,2017-06-21,2017-06-19,2017,6
HAB_SCW,36.958,-122.017,WW062817SC,2017-06-28 16:30:00+00:00,15.8,25.0,4.3,4.4,4.35,0.14,3.18,2.26,0.8,250.0,0.321019,50.0,1710.0,5000.0,2017-06-28,2017-06-26,2017,6
HAB_SCW,36.958,-122.017,WW070517SC,2017-07-05 16:30:00+00:00,15.1,25.0,3.33,2.92,3.12,0.84,20.87,6.0,6.69,250.0,,0.0,290.0,250.0,2017-07-05,2017-07-03,2017,7
HAB_SCW,36.958,-122.017,WW071217SC,2017-07-12 15:45:00+00:00,14.7,25.0,5.66,5.82,5.74,0.24,3.62,2.79,0.78,250.0,,90.0,180.0,3050.0,2017-07-12,2017-07-10,2017,7
HAB_SCW,36.958,-122.017,WW071917SC,2017-07-19 16:15:00+00:00,15.4,25.0,4.7,4.69,4.7,0.71,13.54,7.24,2.29,250.0,,180.0,710.0,0.0,2017-07-19,2017-07-17,2017,7
HAB_SCW,36.958,-122.017,WW072617SC,2017-07-26 15:45:00+00:00,14.4,25.0,7.68,8.41,8.05,1.11,12.4,8.04,4.32,250.0,,730.0,460.0,0.0,2017-07-26,2017-07-24,2017,7
HAB_SCW,36.958,-122.017,WW080217SC,2017-08-02 16:15:00+00:00,15.8,25.0,16.65,15.57,16.11,1.67,13.25,6.0,4.06,250.0,0.0,2170.0,4590.0,0.0,2017-08-02,2017-07-31,2017,8
HAB_SCW,36.958,-122.017,WW080917SC,2017-08-09 16:00:00+00:00,17.5,25.0,9.75,9.8,9.78,0.43,8.58,3.37,1.58,250.0,0.0,140.0,1980.0,0.0,2017-08-09,2017-08-07,2017,8
HAB_SCW,36.958,-122.017,WW081617SC,2017-08-16 16:00:00+00:00,16.0,25.0,5.04,5.18,5.11,0.66,16.61,6.03,3.36,250.0,0.0,270.0,680.0,0.0,2017-08-16,2017-08-14,2017,8
HAB_SCW,36.958,-122.017,WW082317SC,2017-08-23 16:00:00+00:00,16.1,25.0,3.36,3.13,3.25,0.43,16.28,4.02,2.54,250.0,0.0,3110.0,240.0,100.0,2017-08-23,2017-08-21,2017,8
HAB_SCW,36.958,-122.017,WW083017SC,2017-08-30 16:00:00+00:00,17.3,25.0,2.56,2.44,2.5,0.81,18.59,6.08,2.37,250.0,0.0,100.0,460.0,0.0,2017-08-30,2017-08-28,2017,8
HAB_SCW,36.958,-122.017,WW090617SC,2017-09-06 15:45:00+00:00,14.5,25.0,71.84,72.54,72.19,1.08,21.18,0.08,6.79,150.0,0.0,1300.0,1350.0,0.0,2017-09-06,2017-09-04,2017,9
HAB_SCW,36.958,-122.017,WW091317SC,2017-09-13 16:00:00+00:00,17.8,25.0,25.15,23.75,24.45,0.5,13.02,4.27,0.67,250.0,0.0,90.0,11600.0,0.0,2017-09-13,2017-09-11,2017,9
HAB_SCW,36.958,-122.017,WW092017SC,2017-09-20 17:45:00+00:00,17.9,25.0,14.69,13.59,14.14,0.6,15.19,4.71,1.43,250.0,0.0,480.0,2053.0,0.0,2017-09-20,2017-09-18,2017,9
HAB_SCW,36.958,-122.017,WW092717SC,2017-09-27 16:15:00+00:00,16.9,25.0,5.23,6.26,5.75,0.77,13.78,2.73,0.96,250.0,0.0,830.0,460.0,0.0,2017-09-27,2017-09-25,2017,9
HAB_SCW,36.958,-122.017,WW100417SC,2017-10-04 15:00:00+00:00,14.7,25.0,6.18,6.89,6.53,0.52,15.57,1.97,0.63,250.0,0.0,210.0,850.0,0.0,2017-10-04,2017-10-02,2017,10
HAB_SCW,36.958,-122.017,WW101117SC,2017-10-11 15:30:00+00:00,14.7,25.0,9.05,10.87,9.96,0.47,22.22,0.67,0.05,250.0,0.0,0.0,,0.0,2017-10-11,2017-10-09,2017,10
HAB_SCW,36.958,-122.017,WW101817SC,2017-10-18 15:15:00+00:00,13.1,25.0,18.96,18.96,18.96,0.88,23.78,0.89,0.17,250.0,0.0,0.0,280.0,0.0,2017-10-18,2017-10-16,2017,10
HAB_SCW,36.958,-122.017,WW102517SC,2017-10-25 15:30:00+00:00,14.3,25.0,15.76,15.76,15.76,0.5,22.03,0.97,0.44,250.0,0.0,0.0,,0.0,2017-10-25,2017-10-23,2017,10
HAB_SCW,36.958,-122.017,WW110117SC,2017-11-01 15:30:00+00:00,13.4,25.0,47.4,42.03,44.72,0.71,23.25,0.86,0.0,250.0,0.0,80.0,2520.0,0.0,2017-11-01,2017-10-30,2017,11
HAB_SCW,36.958,-122.017,WW110817SC,2017-11-08 16:15:00+00:00,13.6,25.0,46.99,43.34,45.17,1.02,21.54,1.07,0.09,250.0,0.0,107.0,267.0,0.0,2017-11-08,2017-11-06,2017,11
HAB_SCW,36.958,-122.017,WW111517SC,2017-11-15 16:45:00+00:00,14.1,25.0,19.32,19.32,19.32,0.59,19.59,1.87,0.08,250.0,0.0,20.0,,0.0,2017-11-15,2017-11-13,2017,11
HAB_SCW,36.958,-122.017,WW112217SC,2017-11-22 16:40:00+00:00,15.4,25.0,21.5,19.36,20.43,0.36,15.74,0.83,0.25,250.0,0.0,140.0,110.0,0.0,2017-11-22,2017-11-20,2017,11
HAB_SCW,36.958,-122.017,WW112917SC,2017-11-29 16:00:00+00:00,13.6,25.0,2.98,3.69,3.33,1.05,11.22,5.69,4.49,250.0,0.0,0.0,,0.0,2017-11-29,2017-11-27,2017,11
HAB_SCW,36.958,-122.017,WW120617SC,2017-12-06 16:30:00+00:00,12.1,25.0,2.39,2.16,2.28,0.96,15.27,3.68,6.75,250.0,0.0,0.0,,0.0,2017-12-06,2017-12-04,2017,12
HAB_SCW,36.958,-122.017,WW121317SC,2017-12-13 17:15:00+00:00,12.1,25.0,2.4,2.3,2.35,0.78,13.22,3.72,3.69,250.0,0.0,0.0,,0.0,2017-12-13,2017-12-11,2017,12
HAB_SCW,36.958,-122.017,WW011018SC,2018-01-10 16:15:00+00:00,13.3,25.0,4.06,3.63,3.85,0.62,10.23,3.37,1.79,250.0,0.0,53.0,,0.0,2018-01-10,2018-01-08,2018,1
HAB_SCW,36.958,-122.017,WW011718SC,2018-01-17 16:30:00+00:00,14.1,25.0,11.08,11.39,11.24,0.42,11.12,1.45,0.58,250.0,0.0,220.0,,0.0,2018-01-17,2018-01-15,2018,1
HAB_SCW,36.958,-122.017,WW012418SC,2018-01-24 16:45:00+00:00,12.8,25.0,1.15,1.03,1.09,0.76,15.61,3.59,5.59,250.0,0.0,70.0,10.0,0.0,2018-01-24,2018-01-22,2018,1
HAB_SCW,36.958,-122.017,WW013118SC,2018-01-31 17:30:00+00:00,13.5,25.0,2.56,2.29,2.42,0.69,13.41,4.17,4.98,250.0,0.234962,70.0,80.0,0.0,2018-01-31,2018-01-29,2018,1
HAB_SCW,36.958,-122.017,WW020718SC,2018-02-07 17:15:00+00:00,13.7,25.0,10.25,10.57,10.41,0.26,8.04,1.06,0.67,250.0,0.051417,4680.0,650.0,2950.0,2018-02-07,2018-02-05,2018,2
HAB_SCW,36.958,-122.017,WW021418SC,2018-02-14 17:15:00+00:00,12.9,25.0,4.72,4.76,4.74,0.63,12.16,4.57,3.73,250.0,0.004071,1970.0,920.0,0.0,2018-02-14,2018-02-12,2018,2
HAB_SCW,36.958,-122.017,WW022118SC,2018-02-21 17:15:00+00:00,11.7,25.0,4.93,4.93,4.93,1.39,20.7,4.35,13.98,250.0,,14.0,0.0,2200.0,2018-02-21,2018-02-19,2018,2
HAB_SCW,36.958,-122.017,WW022818SC,2018-02-28 16:15:00+00:00,11.7,25.0,6.3,6.65,6.47,0.86,15.21,2.55,11.6,250.0,0.164432,50.0,,39600.0,2018-02-28,2018-02-26,2018,2
HAB_SCW,36.958,-122.017,WW030718SC,2018-03-07 17:45:00+00:00,11.8,25.0,3.17,3.23,3.2,0.92,18.25,5.07,9.63,250.0,0.006546,140.0,220.0,0.0,2018-03-07,2018-03-05,2018,3
HAB_SCW,36.958,-122.017,WW031418SC,2018-03-14 16:15:00+00:00,12.7,25.0,4.18,3.96,4.07,0.48,18.3,4.75,1.39,250.0,0.011502,920.0,820.0,0.0,2018-03-14,2018-03-12,2018,3
HAB_SCW,36.958,-122.017,WW032118SC,2018-03-21 16:45:00+00:00,13.0,25.0,15.02,12.12,13.57,0.41,15.11,2.6,0.98,250.0,0.0,660.0,,0.0,2018-03-21,2018-03-19,2018,3
HAB_SCW,36.958,-122.017,WW032818SC,2018-03-28 17:20:00+00:00,14.7,25.0,3.63,3.52,3.57,0.49,11.67,4.16,0.81,250.0,0.008825,20.0,934.0,600.0,2018-03-28,2018-03-26,2018,3
HAB_SCW,36.958,-122.017,WW040318SC,2018-04-03 16:30:00+00:00,16.2,25.0,2.32,1.86,2.09,1.24,6.71,17.97,0.9,250.0,0.031029,0.0,,0.0,2018-04-03,2018-04-02,2018,4
HAB_SCW,36.958,-122.017,WW041118SC,2018-04-11 16:15:00+00:00,13.8,25.0,4.14,4.55,4.35,0.86,14.29,5.24,3.31,250.0,0.095734,0.0,100.0,800.0,2018-04-11,2018-04-09,2018,4
HAB_SCW,36.958,-122.017,WW041818SC,2018-04-18 16:30:00+00:00,11.9,25.0,8.23,8.3,8.26,2.23,22.51,19.68,14.5,250.0,0.083973,10.0,20.0,2300.0,2018-04-18,2018-04-16,2018,4
HAB_SCW,36.958,-122.017,WW042518SC,2018-04-25 16:45:00+00:00,13.5,25.0,9.28,8.91,9.1,0.7,12.51,5.74,2.72,250.0,0.0,780.0,760.0,4400.0,2018-04-25,2018-04-23,2018,4
HAB_SCW,36.958,-122.017,WW050218SC,2018-05-02 16:00:00+00:00,13.7,25.0,4.98,4.91,4.95,0.79,12.45,1.25,4.39,250.0,0.085012,810.0,,1600.0,2018-05-02,2018-04-30,2018,5
HAB_SCW,36.958,-122.017,WW050918SC,2018-05-09 16:45:00+00:00,15.5,25.0,23.21,22.69,22.95,0.8,21.01,0.86,0.08,250.0,0.0,200.0,700.0,2650.0,2018-05-09,2018-05-07,2018,5
HAB_SCW,36.958,-122.017,WW051618SC,2018-05-16 16:30:00+00:00,13.0,25.0,8.39,7.75,8.07,1.18,19.04,3.48,1.89,250.0,0.003717,340.0,200.0,5750.0,2018-05-16,2018-05-14,2018,5
HAB_SCW,36.958,-122.017,WW052318SC,2018-05-23 16:45:00+00:00,14.1,25.0,4.44,4.36,4.4,1.03,23.24,3.23,2.98,250.0,0.029955,370.0,,1400.0,2018-05-23,2018-05-21,2018,5
HAB_SCW,36.958,-122.017,WW053018SC,2018-05-30 17:15:00+00:00,16.5,25.0,8.14,8.8,8.47,0.51,11.54,0.88,0.16,250.0,0.071442,330.0,,2450.0,2018-05-30,2018-05-28,2018,5
HAB_SCW,36.958,-122.017,WW060618SC,2018-06-06 16:30:00+00:00,16.1,25.0,5.71,4.95,5.33,0.37,1.55,1.13,0.01,250.0,0.519268,60.0,160.0,650.0,2018-06-06,2018-06-04,2018,6
HAB_SCW,36.958,-122.017,WW061318SC,2018-06-13 16:30:00+00:00,15.7,25.0,8.37,8.66,8.52,0.63,10.07,1.81,1.1,250.0,0.099427,40.0,,0.0,2018-06-13,2018-06-11,2018,6
HAB_SCW,36.958,-122.017,WW062018SC,2018-06-20 16:30:00+00:00,15.7,25.0,5.01,4.71,4.86,0.68,4.91,2.21,0.48,250.0,0.0,0.0,350.0,0.0,2018-06-20,2018-06-18,2018,6
HAB_SCW,36.958,-122.017,WW062818SC,2018-06-28 17:45:00+00:00,16.7,25.0,3.29,3.44,3.37,0.57,6.04,2.64,1.46,250.0,0.049075,0.0,,0.0,2018-06-28,2018-06-25,2018,6
HAB_SCW,36.958,-122.017,WW070518SC,2018-07-05 15:45:00+00:00,15.7,25.0,6.54,5.68,6.11,0.66,7.55,3.44,2.04,250.0,0.023815,70.0,5200.0,0.0,2018-07-05,2018-07-02,2018,7
HAB_SCW,36.958,-122.017,WW071118SC,2018-07-11 16:00:00+00:00,18.0,25.0,5.87,5.29,5.58,0.84,7.47,3.24,4.32,250.0,0.832841,80.0,5600.0,2100.0,2018-07-11,2018-07-09,2018,7
HAB_SCW,36.958,-122.017,WW071818SC,2018-07-18 15:30:00+00:00,17.0,25.0,6.75,6.87,6.81,0.16,2.72,0.84,0.09,250.0,0.787071,0.0,1734.0,1700.0,2018-07-18,2018-07-16,2018,7
HAB_SCW,36.958,-122.017,WW072518SC,2018-07-25 16:45:00+00:00,18.7,25.0,8.01,8.31,8.16,0.55,10.56,3.04,0.81,250.0,0.022102,40.0,1125.0,0.0,2018-07-25,2018-07-23,2018,7
HAB_SCW,36.958,-122.017,WW080118SC,2018-08-01 14:45:00+00:00,18.1,25.0,17.4,16.47,16.94,0.73,41.43,4.68,0.41,250.0,0.019747,240.0,3150.0,0.0,2018-08-01,2018-07-30,2018,8
HAB_SCW,36.958,-122.017,WW080818SC,2018-08-08 16:30:00+00:00,16.2,25.0,45.69,41.13,43.41,0.86,17.32,8.17,3.4,250.0,0.047559,180.0,,0.0,2018-08-08,2018-08-06,2018,8
HAB_SCW,36.958,-122.017,WW081518SC,2018-08-15 17:15:00+00:00,17.4,25.0,18.13,18.34,18.23,0.62,8.28,5.26,1.67,250.0,0.140234,400.0,1450.0,0.0,2018-08-15,2018-08-13,2018,8
HAB_SCW,36.958,-122.017,WW082218SC,2018-08-22 18:50:00+00:00,17.8,25.0,12.12,11.5,11.81,1.05,9.32,6.1,1.24,250.0,0.0,610.0,22933.0,0.0,2018-08-22,2018-08-20,2018,8
HAB_SCW,36.958,-122.017,WW082918SC,2018-08-29 17:30:00+00:00,18.2,25.0,9.41,10.08,9.74,0.93,12.8,6.01,0.93,250.0,0.0,20.0,1175.0,0.0,2018-08-29,2018-08-27,2018,8
HAB_SCW,36.958,-122.017,WW090518SC,2018-09-05 16:50:00+00:00,17.7,25.0,7.52,8.18,7.85,0.56,14.27,1.55,0.36,250.0,0.0,0.0,2850.0,0.0,2018-09-05,2018-09-03,2018,9
HAB_SCW,36.958,-122.017,WW091218SC,2018-09-12 17:50:00+00:00,18.4,25.0,5.99,6.18,6.09,0.58,12.7,2.75,1.52,250.0,1.4e-05,0.0,,0.0,2018-09-12,2018-09-10,2018,9
HAB_SCW,36.958,-122.017,WW091918SC,2018-09-19 16:30:00+00:00,15.3,25.0,4.06,4.21,4.13,0.47,11.22,3.8,1.95,250.0,0.0,0.0,450.0,0.0,2018-09-19,2018-09-17,2018,9
HAB_SCW,36.958,-122.017,WW092618SC,2018-09-26 17:15:00+00:00,15.9,25.0,7.64,8.1,7.87,0.95,15.34,4.07,3.1,250.0,0.0,0.0,1650.0,0.0,2018-09-26,2018-09-24,2018,9
HAB_SCW,36.958,-122.017,WW100318SC,2018-10-03 15:45:00+00:00,16.0,25.0,3.22,3.21,3.22,0.49,8.93,3.24,0.64,250.0,0.0,0.0,833.0,0.0,2018-10-03,2018-10-01,2018,10
HAB_SCW,36.958,-122.017,WW101018SC,2018-10-10 15:30:00+00:00,16.7,25.0,5.75,5.05,5.4,0.84,8.6,5.68,1.37,250.0,0.0,0.0,867.0,0.0,2018-10-10,2018-10-08,2018,10
HAB_SCW,36.958,-122.017,WW101718SC,2018-10-17 15:45:00+00:00,16.0,25.0,2.02,3.18,2.6,0.84,9.46,5.91,0.9,250.0,0.0,0.0,150.0,0.0,2018-10-17,2018-10-15,2018,10
HAB_SCW,36.958,-122.017,WW103118SC,2018-10-31 16:00:00+00:00,15.7,25.0,7.15,7.95,7.55,0.81,13.56,3.2,1.85,250.0,0.012863,0.0,225.0,0.0,2018-10-31,2018-10-29,2018,10
HAB_SCW,36.958,-122.017,WW110718SC,2018-11-07 17:15:00+00:00,14.4,25.0,6.05,5.62,5.83,1.12,16.2,5.22,5.83,250.0,0.034381,0.0,425.0,0.0,2018-11-07,2018-11-05,2018,11
HAB_SCW,36.958,-122.017,WW111418SC,2018-11-14 17:15:00+00:00,13.3,25.0,3.92,3.82,3.87,0.83,13.66,4.68,3.45,250.0,0.0,0.0,150.0,0.0,2018-11-14,2018-11-12,2018,11
HAB_SCW,36.958,-122.017,WW112118SC,2018-11-21 17:45:00+00:00,14.9,25.0,11.29,12.54,11.91,0.61,11.73,2.97,1.44,250.0,0.036595,1320.0,4350.0,0.0,2018-11-21,2018-11-19,2018,11
HAB_SCW,36.958,-122.017,WW112818SC,2018-11-28 17:45:00+00:00,16.7,25.0,8.13,5.2,6.67,0.73,7.33,4.79,1.89,250.0,0.0,547.0,400.0,0.0,2018-11-28,2018-11-26,2018,11
HAB_SCW,36.958,-122.017,WW120518SC,2018-12-05 17:30:00+00:00,15.9,25.0,3.72,3.39,3.55,0.8,9.27,9.82,2.3,250.0,0.0392,0.0,0.0,0.0,2018-12-05,2018-12-03,2018,12
HAB_SCW,36.958,-122.017,WW121218SC,2018-12-12 17:30:00+00:00,15.4,25.0,1.56,1.51,1.54,0.89,11.41,6.56,3.75,250.0,0.0,0.0,0.0,0.0,2018-12-12,2018-12-10,2018,12
HAB_SCW,36.958,-122.017,WW121918SC,2018-12-19 17:30:00+00:00,15.1,25.0,2.67,3.22,2.95,0.41,12.98,3.31,3.57,250.0,0.025659,530.0,700.0,0.0,2018-12-19,2018-12-17,2018,12
HAB_SCW,36.958,-122.017,WW010919SC,2019-01-09 17:30:00+00:00,14.0,25.0,1.26,1.28,1.27,0.49,10.24,1.98,4.51,250.0,0.016606,40.0,10.0,0.0,2019-01-09,2019-01-07,2019,1
HAB_SCW,36.958,-122.017,WW011619SC,2019-01-16 17:30:00+00:00,13.9,25.0,1.26,1.17,1.22,0.79,62.07,2.98,8.08,250.0,0.0,0.0,40.0,0.0,2019-01-16,2019-01-14,2019,1
HAB_SCW,36.958,-122.017,WW012319SC,2019-01-23 17:20:00+00:00,13.1,25.0,1.3,1.49,1.39,0.51,16.28,2.73,4.44,250.0,0.0,0.0,0.0,0.0,2019-01-23,2019-01-21,2019,1
HAB_SCW,36.958,-122.017,WW013019SC,2019-01-30 17:30:00+00:00,14.0,25.0,1.17,1.19,1.18,0.41,21.44,3.78,2.03,250.0,0.0,0.0,0.0,0.0,2019-01-30,2019-01-28,2019,1
HAB_SCW,36.958,-122.017,WW020619SC,2019-02-06 17:10:00+00:00,12.5,25.0,0.66,0.66,0.66,0.4,32.34,2.89,3.86,250.0,0.017654,0.0,0.0,0.0,2019-02-06,2019-02-04,2019,2
HAB_SCW,36.958,-122.017,WW021319SC,2019-02-13 17:30:00+00:00,12.3,25.0,2.77,3.11,2.94,0.53,32.09,2.26,5.78,250.0,0.0,0.0,0.0,350.0,2019-02-13,2019-02-11,2019,2
HAB_SCW,36.958,-122.017,WW022019SC,2019-02-20 16:40:00+00:00,12.9,25.0,1.18,1.16,1.17,0.35,36.95,1.29,5.89,250.0,0.0,20.0,0.0,0.0,2019-02-20,2019-02-18,2019,2
HAB_SCW,36.958,-122.017,WW022719SC,2019-02-27 17:10:00+00:00,13.5,25.0,2.13,2.36,2.25,0.94,73.44,2.08,8.76,250.0,0.0,140.0,0.0,0.0,2019-02-27,2019-02-25,2019,2
HAB_SCW,36.958,-122.017,WW030619SC,2019-03-06 17:20:00+00:00,14.4,25.0,5.7,5.05,5.37,2.55,44.93,1.28,3.61,250.0,0.0,140.0,0.0,7000.0,2019-03-06,2019-03-04,2019,3
HAB_SCW,36.958,-122.017,WW031319SC,2019-03-13 16:25:00+00:00,12.9,25.0,3.92,3.87,3.9,0.23,14.19,3.61,2.04,250.0,0.0,40.0,20.0,0.0,2019-03-13,2019-03-11,2019,3
HAB_SCW,36.958,-122.017,WW032119SC,2019-03-21 16:00:00+00:00,13.7,25.0,2.2,2.27,2.23,0.22,14.24,2.02,0.46,250.0,0.0,210.0,20.0,2600.0,2019-03-21,2019-03-18,2019,3
HAB_SCW,36.958,-122.017,WW032719SC,2019-03-27 16:20:00+00:00,14.5,25.0,2.01,1.79,1.9,0.41,66.58,2.47,2.28,250.0,0.0,210.0,140.0,1750.0,2019-03-27,2019-03-25,2019,3
HAB_SCW,36.958,-122.017,WW040319SC,2019-04-03 16:30:00+00:00,14.4,25.0,2.24,2.12,2.18,0.36,14.99,3.33,1.64,250.0,0.0,190.0,30.0,0.0,2019-04-03,2019-04-01,2019,4
HAB_SCW,36.958,-122.017,WW041019SC,2019-04-10 16:15:00+00:00,13.1,25.0,2.51,2.22,2.36,1.94,32.74,3.95,6.58,250.0,0.0,0.0,20.0,0.0,2019-04-10,2019-04-08,2019,4
HAB_SCW,36.958,-122.017,WW041719SC,2019-04-17 16:20:00+00:00,14.6,25.0,4.74,4.43,4.59,0.15,11.97,0.69,0.0,250.0,0.006297,580.0,120.0,120.0,2019-04-17,2019-04-15,2019,4
HAB_SCW,36.958,-122.017,WW042419SC,2019-04-24 16:20:00+00:00,15.7,25.0,4.7,4.38,4.54,0.41,57.47,3.12,1.31,250.0,0.0,1500.0,400.0,50.0,2019-04-24,2019-04-22,2019,4
HAB_SCW,36.958,-122.017,WW050119SC,2019-05-01 16:30:00+00:00,14.0,25.0,7.65,6.97,7.31,0.43,20.14,1.41,1.85,250.0,0.0,21950.0,2600.0,0.0,2019-05-01,2019-04-29,2019,5
HAB_SCW,36.958,-122.017,WW050819SC,2019-05-08 16:30:00+00:00,14.7,25.0,2.82,2.78,2.8,0.54,30.84,3.1,2.22,250.0,0.0,40.0,300.0,0.0,2019-05-08,2019-05-06,2019,5
HAB_SCW,36.958,-122.017,WW051519SC,2019-05-15 16:25:00+00:00,16.5,25.0,4.31,3.96,4.14,0.31,16.61,2.19,1.07,250.0,0.0,60.0,225.0,800.0,2019-05-15,2019-05-13,2019,5
HAB_SCW,36.958,-122.017,WW052219SC,2019-05-22 16:20:00+00:00,14.9,25.0,6.6,6.86,6.73,0.57,17.6,3.12,4.19,250.0,0.0,0.0,20.0,1050.0,2019-05-22,2019-05-20,2019,5
HAB_SCW,36.958,-122.017,WW052919SC,2019-05-29 16:20:00+00:00,15.8,25.0,3.15,3.34,3.24,0.13,15.81,0.5,0.0,250.0,0.175411,1330.0,1133.0,22850.0,2019-05-29,2019-05-27,2019,5
HAB_SCW,36.958,-122.017,WW060519SC,2019-06-05 17:15:00+00:00,16.0,25.0,3.87,3.61,3.74,0.48,24.24,3.81,1.09,250.0,0.025936,270.0,150.0,650.0,2019-06-05,2019-06-03,2019,6
HAB_SCW,36.958,-122.017,WW061219SC,2019-06-12 16:30:00+00:00,17.9,25.0,4.24,3.56,3.9,0.6,33.53,6.52,2.18,250.0,0.0,60.0,370.0,0.0,2019-06-12,2019-06-10,2019,6
HAB_SCW,36.958,-122.017,WW061919SC,2019-06-19 15:30:00+00:00,15.1,25.0,4.35,2.83,3.59,0.55,36.01,3.49,4.44,250.0,0.735161,110.0,990.0,39300.0,2019-06-19,2019-06-17,2019,6
HAB_SCW,36.958,-122.017,WW062619SC,2019-06-26 16:20:00+00:00,17.9,25.0,2.95,2.46,2.71,0.09,14.11,3.02,0.22,250.0,0.0,20.0,1070.0,0.0,2019-06-26,2019-06-24,2019,6
HAB_SCW,36.958,-122.017,WW070319SC,2019-07-03 15:15:00+00:00,17.8,25.0,4.22,3.93,4.07,0.3,14.09,2.43,1.49,250.0,0.0,10.0,,0.0,2019-07-03,2019-07-01,2019,7
HAB_SCW,36.958,-122.017,WW071019SC,2019-07-10 15:30:00+00:00,16.1,25.0,4.45,4.27,4.36,0.55,18.96,3.34,4.42,250.0,0.0,20.0,330.0,0.0,2019-07-10,2019-07-08,2019,7
HAB_SCW,36.958,-122.017,WW071719SC,2019-07-17 15:45:00+00:00,17.4,25.0,4.8,4.68,4.74,0.44,17.24,3.52,2.68,250.0,0.0,130.0,5350.0,0.0,2019-07-17,2019-07-15,2019,7
HAB_SCW,36.958,-122.017,WW072419SC,2019-07-24 16:20:00+00:00,16.8,25.0,10.17,10.38,10.27,0.27,10.63,4.65,0.34,250.0,0.009376,390.0,3100.0,0.0,2019-07-24,2019-07-22,2019,7
HAB_SCW,36.958,-122.017,WW073119SC,2019-07-31 16:10:00+00:00,18.1,25.0,14.49,12.84,13.67,0.04,9.9,3.81,0.0,250.0,0.0,450.0,8000.0,0.0,2019-07-31,2019-07-29,2019,7
HAB_SCW,36.958,-122.017,WW080719SC,2019-08-07 16:50:00+00:00,16.1,25.0,6.65,7.12,6.88,0.78,24.24,7.82,3.3,250.0,0.0,310.0,2150.0,0.0,2019-08-07,2019-08-05,2019,8
HAB_SCW,36.958,-122.017,WW081419SC,2019-08-14 16:15:00+00:00,17.9,25.0,21.48,23.05,22.27,0.44,18.58,4.96,0.35,250.0,0.0,3500.0,3300.0,0.0,2019-08-14,2019-08-12,2019,8
HAB_SCW,36.958,-122.017,WW082119SC,2019-08-21 17:55:00+00:00,18.8,25.0,13.66,14.44,14.05,0.12,24.69,1.15,0.0,250.0,0.0,970.0,1850.0,0.0,2019-08-21,2019-08-19,2019,8
HAB_SCW,36.958,-122.017,WW082819SC,2019-08-28 16:30:00+00:00,18.2,25.0,10.17,9.85,10.01,0.44,13.75,6.14,0.19,250.0,0.0,360.0,3850.0,0.0,2019-08-28,2019-08-26,2019,8
HAB_SCW,36.958,-122.017,WW090419SC,2019-09-04 16:40:00+00:00,18.8,25.0,25.54,25.38,25.46,0.23,22.88,0.84,0.0,250.0,0.0,140.0,2250.0,0.0,2019-09-04,2019-09-02,2019,9
HAB_SCW,36.958,-122.017,WW091119SC,2019-09-11 16:30:00+00:00,17.1,25.0,16.89,15.28,16.09,0.32,23.85,1.75,0.23,250.0,0.0,40.0,2725.0,0.0,2019-09-11,2019-09-09,2019,9
HAB_SCW,36.958,-122.017,WW091819SC,2019-09-18 17:20:00+00:00,17.6,25.0,9.44,10.17,9.8,0.41,24.91,1.93,0.11,250.0,0.0,13.0,775.0,1600.0,2019-09-18,2019-09-16,2019,9
HAB_SCW,36.958,-122.017,WW092519SC,2019-09-25 16:20:00+00:00,17.6,25.0,14.63,14.79,14.71,0.28,22.36,1.14,0.03,250.0,0.0,0.0,250.0,0.0,2019-09-25,2019-09-23,2019,9
HAB_SCW,36.958,-122.017,WW100219SC,2019-10-02 15:40:00+00:00,16.0,25.0,5.72,5.37,5.54,0.69,19.01,6.39,1.04,250.0,0.0,10.0,260.0,0.0,2019-10-02,2019-09-30,2019,10
HAB_SCW,36.958,-122.017,WW100919SC,2019-10-09 16:30:00+00:00,16.9,25.0,11.96,13.86,12.91,0.18,11.77,1.17,0.0,250.0,0.04532,0.0,420.0,900.0,2019-10-09,2019-10-07,2019,10
HAB_SCW,36.958,-122.017,WW101619SC,2019-10-16 16:35:00+00:00,15.3,25.0,12.31,15.5,13.9,0.31,8.7,1.54,0.91,250.0,0.035235,0.0,340.0,0.0,2019-10-16,2019-10-14,2019,10
HAB_SCW,36.958,-122.017,WW102319SC,2019-10-23 18:05:00+00:00,16.8,25.0,6.97,7.41,7.19,0.1,6.91,0.33,0.0,250.0,0.017155,0.0,980.0,0.0,2019-10-23,2019-10-21,2019,10
HAB_SCW,36.958,-122.017,WW103019SC,2019-10-30 16:35:00+00:00,13.5,25.0,2.42,2.7,2.56,0.97,22.46,4.41,6.68,250.0,0.003418,0.0,440.0,0.0,2019-10-30,2019-10-28,2019,10
HAB_SCW,36.958,-122.017,WW110619SC,2019-11-06 17:20:00+00:00,14.6,25.0,16.97,16.43,16.7,0.25,10.98,9.25,0.0,250.0,0.0,440.0,,0.0,2019-11-06,2019-11-04,2019,11
HAB_SCW,36.958,-122.017,WW112019SC,2019-11-20 17:30:00+00:00,14.9,25.0,5.52,5.53,5.53,0.09,11.8,4.0,0.47,250.0,0.0,0.0,220.0,0.0,2019-11-20,2019-11-18,2019,11
HAB_SCW,36.958,-122.017,WW112719SC,2019-11-27 16:30:00+00:00,13.1,25.0,3.64,4.05,3.84,0.05,12.17,5.26,3.61,250.0,0.0,0.0,60.0,0.0,2019-11-27,2019-11-25,2019,11
HAB_SCW,36.958,-122.017,WW120419SC,2019-12-04 17:25:00+00:00,13.8,25.0,6.32,5.97,6.15,0.01,16.78,5.44,8.1,250.0,0.0,0.0,110.0,0.0,2019-12-04,2019-12-02,2019,12
HAB_SCW,36.958,-122.017,WW121119SC,2019-12-11 17:35:00+00:00,15.3,25.0,1.72,1.46,1.59,0.01,12.07,3.46,4.29,250.0,0.0,0.0,10.0,0.0,2019-12-11,2019-12-09,2019,12
HAB_SCW,36.958,-122.017,WW121819SC,2019-12-18 19:05:00+00:00,14.9,25.0,2.14,2.03,2.08,0.0,17.64,3.22,4.49,250.0,0.0,0.0,90.0,0.0,2019-12-18,2019-12-16,2019,12
HAB_SCW,36.958,-122.017,WW010820SC,2020-01-08 17:10:00+00:00,13.6,25.0,3.18,3.03,3.1,0.4,12.13,1.18,8.12,250.0,0.00726,0.0,330.0,4400.0,2020-01-08,2020-01-06,2020,1
HAB_SCW,36.958,-122.017,WW011520SC,2020-01-15 16:25:00+00:00,12.1,25.0,3.39,3.48,3.43,0.14,9.89,4.13,5.13,250.0,0.0,0.0,0.0,3950.0,2020-01-15,2020-01-13,2020,1
HAB_SCW,36.958,-122.017,WW012220SC,2020-01-22 16:35:00+00:00,13.7,25.0,4.16,4.05,4.1,0.48,11.89,2.12,7.35,250.0,0.0,27.0,13.0,100.0,2020-01-22,2020-01-20,2020,1
HAB_SCW,36.958,-122.017,WW012920SC,2020-01-29 16:35:00+00:00,13.8,25.0,2.99,2.78,2.89,0.32,12.72,2.58,7.12,250.0,0.0,0.0,80.0,0.0,2020-01-29,2020-01-27,2020,1
HAB_SCW,36.958,-122.017,WW020520SC,2020-02-05 16:55:00+00:00,11.9,25.0,1.36,3.75,2.55,0.0,13.16,1.75,6.27,250.0,0.0,40.0,240.0,0.0,2020-02-05,2020-02-03,2020,2
HAB_SCW,36.958,-122.017,WW021220SC,2020-02-12 17:20:00+00:00,14.1,25.0,3.24,3.2,3.22,0.31,15.37,3.35,12.37,250.0,0.024307,0.0,30.0,4050.0,2020-02-12,2020-02-10,2020,2
HAB_SCW,36.958,-122.017,WW021920SC,2020-02-19 17:05:00+00:00,13.2,25.0,3.2,3.11,3.16,0.6,15.55,3.3,6.0,250.0,0.027913,150.0,1567.0,700.0,2020-02-19,2020-02-17,2020,2
HAB_SCW,36.958,-122.017,WW022620SC,2020-02-26 17:30:00+00:00,14.7,25.0,3.16,3.47,3.32,0.34,6.52,1.34,0.85,250.0,0.285985,150.0,460.0,0.0,2020-02-26,2020-02-24,2020,2
HAB_SCW,36.958,-122.017,WW030420SC,2020-03-04 17:05:00+00:00,15.0,25.0,3.59,2.53,3.06,0.0,11.19,1.91,0.47,250.0,0.0251,330.0,390.0,0.0,2020-03-04,2020-03-02,2020,3
HAB_SCW,36.958,-122.017,WW031120SC,2020-03-11 16:45:00+00:00,15.4,25.0,8.08,7.15,7.61,0.32,14.61,2.14,0.04,250.0,0.0,4500.0,480.0,0.0,2020-03-11,2020-03-09,2020,3
HAB_SCW,36.958,-122.017,WW050520SC,2020-05-05 15:20:00+00:00,17.9,25.0,2.88,2.8,2.84,1.36,16.46,1.11,0.61,250.0,0.022261,20.0,340.0,600.0,2020-05-05,2020-05-04,2020,5
HAB_SCW,36.958,-122.017,WW051220SC,2020-05-12 15:45:00+00:00,16.2,25.0,20.29,12.04,16.16,0.0,2.59,6.47,0.0,250.0,0.14604,53.0,133.0,21700.0,2020-05-12,2020-05-11,2020,5
HAB_SCW,36.958,-122.017,WW051920SC,2020-05-19 14:50:00+00:00,17.4,25.0,9.55,7.1,8.32,0.28,10.65,4.58,3.33,250.0,0.787506,13.0,400.0,66400.0,2020-05-19,2020-05-18,2020,5
HAB_SCW,36.958,-122.017,WW052620SC,2020-05-26 15:05:00+00:00,16.7,25.0,6.98,6.82,6.9,0.0,5.12,5.0,1.57,250.0,0.0145,2330.0,2575.0,0.0,2020-05-26,2020-05-25,2020,5
HAB_SCW,36.958,-122.017,WW060220SC,2020-06-02 15:15:00+00:00,16.5,25.0,7.35,5.72,6.54,0.0,13.25,2.08,0.34,250.0,6.120819,370.0,2050.0,900.0,2020-06-02,2020-06-01,2020,6
HAB_SCW,36.958,-122.017,WW060920SC,2020-06-09 15:15:00+00:00,14.4,25.0,6.8,6.72,6.76,0.0,11.45,1.98,0.89,250.0,0.014732,11250.0,5625.0,10950.0,2020-06-09,2020-06-08,2020,6
HAB_SCW,36.958,-122.017,WW061620SC,2020-06-16 15:10:00+00:00,15.7,25.0,8.57,9.22,8.9,0.43,13.43,0.73,4.17,250.0,0.007263,6080.0,6100.0,0.0,2020-06-16,2020-06-15,2020,6
HAB_SCW,36.958,-122.017,WW062320SC,2020-06-23 15:05:00+00:00,16.1,25.0,10.56,11.23,10.89,0.0,15.29,1.59,0.25,250.0,0.0,17800.0,5850.0,0.0,2020-06-23,2020-06-22,2020,6
HAB_SCW,36.958,-122.017,WW063020SC,2020-06-30 15:20:00+00:00,15.6,25.0,10.62,11.55,11.09,0.17,17.03,0.79,0.0,250.0,0.148906,15820.0,10150.0,1150.0,2020-06-30,2020-06-29,2020,6
HAB_SCW,36.958,-122.017,WW070720SC,2020-07-07 15:10:00+00:00,15.6,25.0,89.31,90.32,89.81,0.0,7.97,0.55,0.0,250.0,0.00592,7020.0,3900.0,0.0,2020-07-07,2020-07-06,2020,7
HAB_SCW,36.958,-122.017,WW071420SC,2020-07-14 15:30:00+00:00,15.3,25.0,9.62,8.79,9.2,0.78,6.25,2.48,0.0,250.0,0.007751,3120.0,2150.0,0.0,2020-07-14,2020-07-13,2020,7
HAB_SCW,36.958,-122.017,WW072120SC,2020-07-21 15:35:00+00:00,14.7,25.0,15.72,14.86,15.29,0.0,7.38,0.54,3.06,250.0,0.007593,70.0,4225.0,200.0,2020-07-21,2020-07-20,2020,7
HAB_SCW,36.958,-122.017,WW072820SC,2020-07-28 15:15:00+00:00,15.2,25.0,18.66,19.79,19.22,0.0,10.65,3.16,0.0,250.0,0.0,0.0,5000.0,0.0,2020-07-28,2020-07-27,2020,7
HAB_SCW,36.958,-122.017,WW080420SC,2020-08-04 15:30:00+00:00,17.5,25.0,15.88,16.74,16.31,0.01,18.96,5.94,0.0,250.0,0.0,0.0,4950.0,0.0,2020-08-04,2020-08-03,2020,8
HAB_SCW,36.958,-122.017,WW081120SC,2020-08-11 14:50:00+00:00,15.3,25.0,24.04,22.17,23.1,0.21,11.68,1.22,0.59,250.0,0.0,0.0,1525.0,0.0,2020-08-11,2020-08-10,2020,8
HAB_SCW,36.958,-122.017,WW081820SC,2020-08-18 15:35:00+00:00,18.5,25.0,32.32,26.11,29.22,0.0,13.67,0.35,0.0,250.0,0.010073,0.0,875.0,0.0,2020-08-18,2020-08-17,2020,8
HAB_SCW,36.958,-122.017,WW090120SC,2020-09-01 15:45:00+00:00,14.6,25.0,21.0,20.41,20.71,0.0,9.44,0.23,0.0,250.0,0.295338,0.0,1350.0,500.0,2020-09-01,2020-08-31,2020,9
HAB_SCW,36.958,-122.017,WW090820SC,2020-09-08 15:40:00+00:00,16.9,25.0,5.9,5.36,5.63,0.0,2.36,3.46,0.0,250.0,0.137262,0.0,880.0,0.0,2020-09-08,2020-09-07,2020,9
HAB_SCW,36.958,-122.017,WW091520SC,2020-09-15 15:20:00+00:00,14.9,25.0,8.65,7.9,8.27,0.17,6.91,0.33,0.12,250.0,0.028699,80.0,600.0,0.0,2020-09-15,2020-09-14,2020,9
HAB_SCW,36.958,-122.017,WW092220SC,2020-09-22 15:15:00+00:00,15.9,25.0,1.69,2.45,2.07,0.0,11.12,6.09,0.0,250.0,0.0,0.0,370.0,0.0,2020-09-22,2020-09-21,2020,9
HAB_SCW,36.958,-122.017,WW092920SC,2020-09-29 15:25:00+00:00,15.5,25.0,10.17,9.36,9.76,0.71,15.51,0.8,1.17,250.0,0.0,160.0,6125.0,0.0,2020-09-29,2020-09-28,2020,9
HAB_SCW,36.958,-122.017,WW100620SC,2020-10-06 15:40:00+00:00,14.9,25.0,5.41,6.32,5.86,0.0,17.12,1.78,0.0,250.0,0.004589,310.0,675.0,350.0,2020-10-06,2020-10-05,2020,10
HAB_SCW,36.958,-122.017,WW101320SC,2020-10-13 15:20:00+00:00,14.7,25.0,6.71,6.64,6.67,0.0,15.1,1.24,0.0,250.0,0.008345,30.0,1125.0,0.0,2020-10-13,2020-10-12,2020,10
HAB_SCW,36.958,-122.017,WW102020SC,2020-10-20 16:00:00+00:00,15.1,25.0,16.51,17.23,16.87,0.0,10.98,2.72,0.2,250.0,0.0,10.0,2250.0,0.0,2020-10-20,2020-10-19,2020,10
HAB_SCW,36.958,-122.017,WW102720SC,2020-10-27 15:30:00+00:00,14.3,25.0,19.36,22.42,20.89,0.0,12.37,5.04,0.39,250.0,0.0,650.0,4475.0,0.0,2020-10-27,2020-10-26,2020,10
HAB_SCW,36.958,-122.017,WW110320SC,2020-11-03 16:30:00+00:00,14.9,25.0,11.66,10.9,11.28,0.39,12.91,4.7,0.69,250.0,0.007853,50.0,6300.0,0.0,2020-11-03,2020-11-02,2020,11
HAB_SCW,36.958,-122.017,WW111020SC,2020-11-10 17:15:00+00:00,12.2,25.0,1.19,1.33,1.26,0.46,13.39,5.79,0.73,250.0,0.0,20.0,200.0,0.0,2020-11-10,2020-11-09,2020,11
HAB_SCW,36.958,-122.017,WW111720SC,2020-11-17 16:30:00+00:00,12.5,25.0,3.32,4.32,3.82,1.37,19.46,5.19,11.1,250.0,0.006683,0.0,10.0,0.0,2020-11-17,2020-11-16,2020,11
HAB_SCW,36.958,-122.017,WW112420SC,2020-11-24 17:15:00+00:00,12.6,25.0,1.3,1.55,1.42,1.2,19.76,8.07,8.56,250.0,0.070168,0.0,0.0,0.0,2020-11-24,2020-11-23,2020,11
HAB_SCW,36.958,-122.017,WW120120SC,2020-12-01 16:40:00+00:00,11.6,25.0,4.45,3.69,4.07,1.19,18.15,10.23,3.45,250.0,0.00343,30.0,20.0,0.0,2020-12-01,2020-11-30,2020,12
HAB_SCW,36.958,-122.017,WW120920SC,2020-12-09 17:10:00+00:00,11.3,25.0,4.98,6.24,5.61,1.87,17.33,3.97,6.82,250.0,0.002491,40.0,120.0,150.0,2020-12-09,2020-12-07,2020,12
HAB_SCW,36.958,-122.017,WW121520SC,2020-12-15 17:30:00+00:00,11.2,25.0,23.97,22.33,23.15,0.61,18.38,2.42,9.01,250.0,0.00383,40.0,960.0,500.0,2020-12-15,2020-12-14,2020,12
HAB_SCW,36.958,-122.017,WW010621SC,2021-01-06 17:40:00+00:00,11.6,25.0,1.97,2.12,2.04,0.55,14.08,2.66,2.21,250.0,0.0,30.0,240.0,0.0,2021-01-06,2021-01-04,2021,1
HAB_SCW,36.958,-122.017,WW011321SC,2021-01-13 17:40:00+00:00,12.2,25.0,3.9,1.28,2.59,0.51,12.73,3.36,9.2,250.0,0.002911,0.0,10.0,0.0,2021-01-13,2021-01-11,2021,1
HAB_SCW,36.958,-122.017,WW012021SC,2021-01-20 17:50:00+00:00,12.2,25.0,1.68,2.08,1.88,0.49,28.15,4.77,12.7,250.0,0.0,0.0,0.0,0.0,2021-01-20,2021-01-18,2021,1
HAB_SCW,36.958,-122.017,WW012721SC,2021-01-27 17:10:00+00:00,11.0,25.0,6.43,6.13,6.28,0.74,13.6,1.99,10.99,250.0,0.00407,0.0,10.0,0.0,2021-01-27,2021-01-25,2021,1
HAB_SCW,36.958,-122.017,WW020321SC,2021-02-03 17:20:00+00:00,11.7,25.0,1.32,1.33,1.33,0.84,19.01,2.77,13.56,250.0,0.0,0.0,140.0,0.0,2021-02-03,2021-02-01,2021,2
HAB_SCW,36.958,-122.017,WW021721SC,2021-02-17 18:00:00+00:00,11.8,25.0,1.29,1.24,1.27,0.0,2.88,2.52,0.64,250.0,0.0,0.0,0.0,700.0,2021-02-17,2021-02-15,2021,2
HAB_SCW,36.958,-122.017,WW022421SC,2021-02-24 18:00:00+00:00,12.0,25.0,9.71,14.06,11.89,0.23,6.59,2.04,3.5,250.0,0.303795,30.0,130.0,26950.0,2021-02-24,2021-02-22,2021,2
HAB_SCW,36.958,-122.017,WW030321SC,2021-03-03 17:50:00+00:00,11.3,25.0,16.9,12.32,14.61,0.48,7.44,2.0,2.64,250.0,0.23234,0.0,80.0,65050.0,2021-03-03,2021-03-01,2021,3
HAB_SCW,36.958,-122.017,WW031021SC,2021-03-10 18:00:00+00:00,11.5,25.0,1.44,1.79,1.61,0.13,7.62,2.58,0.71,250.0,0.0,0.0,50.0,0.0,2021-03-10,2021-03-08,2021,3
HAB_SCW,36.958,-122.017,WW031721SC,2021-03-17 16:30:00+00:00,11.0,25.0,1.91,2.15,2.03,0.29,6.62,4.13,5.78,250.0,0.107613,0.0,440.0,2950.0,2021-03-17,2021-03-15,2021,3
HAB_SCW,36.958,-122.017,WW032421SC,2021-03-24 17:10:00+00:00,11.7,25.0,1.32,1.37,1.35,1.0,17.48,6.86,13.14,250.0,0.0,0.0,20.0,0.0,2021-03-24,2021-03-22,2021,3
HAB_SCW,36.958,-122.017,WW033121SC,2021-03-31 16:30:00+00:00,12.4,25.0,2.69,2.26,2.48,0.68,16.45,4.36,6.28,250.0,0.0,0.0,40.0,0.0,2021-03-31,2021-03-29,2021,3
HAB_SCW,36.958,-122.017,WW040721SC,2021-04-07 15:20:00+00:00,11.9,25.0,9.47,8.02,8.75,0.26,18.12,1.76,3.21,250.0,0.003814,0.0,210.0,0.0,2021-04-07,2021-04-05,2021,4
HAB_SCW,36.958,-122.017,WW041421SC,2021-04-14 17:45:00+00:00,12.2,25.0,2.31,3.14,2.72,0.42,4.7,4.36,1.93,250.0,0.0,0.0,0.0,400.0,2021-04-14,2021-04-12,2021,4
HAB_SCW,36.958,-122.017,WW042121SC,2021-04-21 16:45:00+00:00,12.1,25.0,7.56,10.04,8.8,0.29,13.92,2.29,2.07,250.0,0.024973,0.0,130.0,900.0,2021-04-21,2021-04-19,2021,4
HAB_SCW,36.958,-122.017,WW050521SC,2021-05-05 16:40:00+00:00,14.4,25.0,3.8,4.05,3.93,0.65,54.12,6.66,7.71,250.0,0.0,0.0,210.0,0.0,2021-05-05,2021-05-03,2021,5
HAB_SCW,36.958,-122.017,WW051221SC,2021-05-12 16:20:00+00:00,13.3,25.0,17.76,14.84,16.3,0.42,8.01,6.57,1.93,250.0,0.004246,30.0,750.0,1950.0,2021-05-12,2021-05-10,2021,5
HAB_SCW,36.958,-122.017,WW051921SC,2021-05-19 15:55:00+00:00,13.6,25.0,6.41,8.72,7.56,0.0,2.1,0.84,0.36,250.0,0.0,0.0,820.0,0.0,2021-05-19,2021-05-17,2021,5
HAB_SCW,36.958,-122.017,WW052621SC,2021-05-26 15:40:00+00:00,13.9,25.0,12.48,10.09,11.29,0.71,15.63,1.29,7.0,250.0,0.0,30.0,6050.0,0.0,2021-05-26,2021-05-24,2021,5
HAB_SCW,36.958,-122.017,WW060221SC,2021-06-02 16:30:00+00:00,14.2,25.0,7.16,7.18,7.17,0.0,3.31,1.28,0.71,250.0,0.0,0.0,7200.0,0.0,2021-06-02,2021-05-31,2021,6
HAB_SCW,36.958,-122.017,WW060921SC,2021-06-09 16:30:00+00:00,12.7,25.0,3.19,3.57,3.38,0.77,18.02,6.27,8.28,250.0,0.0,50.0,3775.0,0.0,2021-06-09,2021-06-07,2021,6
HAB_SCW,36.958,-122.017,WW061621SC,2021-06-16 16:30:00+00:00,16.0,25.0,11.93,13.03,12.48,0.0,10.04,0.43,0.57,250.0,0.0,270.0,83350.0,400.0,2021-06-16,2021-06-14,2021,6
HAB_SCW,36.958,-122.017,WW062321SC,2021-06-23 16:05:00+00:00,14.7,25.0,10.9,13.7,12.3,0.1,9.61,2.67,2.64,250.0,0.0,0.0,14867.0,0.0,2021-06-23,2021-06-21,2021,6
HAB_SCW,36.958,-122.017,WW063021SC,2021-06-30 16:00:00+00:00,16.7,25.0,13.54,15.18,14.36,0.03,17.59,1.38,0.93,250.0,0.0,0.0,5300.0,0.0,2021-06-30,2021-06-28,2021,6
HAB_SCW,36.958,-122.017,WW070721SC,2021-07-07 16:40:00+00:00,16.9,25.0,9.9,9.55,9.73,0.0,6.09,1.57,1.07,250.0,0.003172,170.0,2850.0,200.0,2021-07-07,2021-07-05,2021,7
HAB_SCW,36.958,-122.017,WW071421SC,2021-07-14 16:25:00+00:00,14.8,25.0,2.98,2.93,2.95,0.42,23.71,6.69,8.28,250.0,0.0,0.0,550.0,0.0,2021-07-14,2021-07-12,2021,7
HAB_SCW,36.958,-122.017,WW072121SC,2021-07-21 16:20:00+00:00,15.7,25.0,43.55,38.17,40.86,0.0,17.2,0.56,0.43,250.0,0.0,330.0,3250.0,0.0,2021-07-21,2021-07-19,2021,7
HAB_SCW,36.958,-122.017,WW072821SC,2021-07-28 16:20:00+00:00,15.9,25.0,34.76,35.85,35.31,0.0,15.52,0.61,1.29,250.0,0.0,8790.0,1675.0,0.0,2021-07-28,2021-07-26,2021,7
HAB_SCW,36.958,-122.017,WW080421SC,2021-08-04 16:20:00+00:00,16.3,25.0,16.79,21.65,19.22,0.0,9.54,1.52,0.5,250.0,0.0,80.0,16950.0,0.0,2021-08-04,2021-08-02,2021,8
HAB_SCW,36.958,-122.017,WW081121SC,2021-08-11 16:30:00+00:00,17.0,25.0,54.05,68.19,61.12,0.13,15.92,0.74,0.36,250.0,0.0,2633.0,14100.0,0.0,2021-08-11,2021-08-09,2021,8
HAB_SCW,36.958,-122.017,WW081821SC,2021-08-18 16:40:00+00:00,16.9,25.0,10.75,9.72,10.23,0.36,16.13,3.6,9.78,250.0,0.0,2800.0,11075.0,0.0,2021-08-18,2021-08-16,2021,8
HAB_SCW,36.958,-122.017,WW082521SC,2021-08-25 15:30:00+00:00,15.6,25.0,23.21,25.96,24.58,0.29,19.01,5.58,1.71,250.0,0.0,310.0,12350.0,0.0,2021-08-25,2021-08-23,2021,8
HAB_SCW,36.958,-122.017,WW090121SC,2021-09-01 16:10:00+00:00,16.8,25.0,13.72,14.31,14.01,0.0,12.71,0.63,0.36,250.0,0.0,280.0,5775.0,0.0,2021-09-01,2021-08-30,2021,9
HAB_SCW,36.958,-122.017,WW090821SC,2021-09-08 16:10:00+00:00,17.3,25.0,16.68,16.31,16.49,0.16,14.81,1.52,0.86,250.0,0.0,1670.0,9525.0,0.0,2021-09-08,2021-09-06,2021,9
HAB_SCW,36.958,-122.017,WW091521SC,2021-09-15 16:10:00+00:00,16.0,25.0,9.86,9.37,9.62,0.58,16.16,4.9,1.64,250.0,0.0,250.0,1650.0,0.0,2021-09-15,2021-09-13,2021,9
HAB_SCW,36.958,-122.017,WW092221SC,2021-09-22 15:25:00+00:00,16.2,25.0,4.95,5.94,5.45,0.32,18.59,3.64,0.71,250.0,0.0,120.0,4550.0,0.0,2021-09-22,2021-09-20,2021,9
HAB_SCW,36.958,-122.017,WW092921SC,2021-09-29 16:05:00+00:00,15.8,25.0,8.97,6.59,7.78,0.0,16.7,0.38,0.07,250.0,0.0,510.0,1400.0,0.0,2021-09-29,2021-09-27,2021,9
HAB_SCW,36.958,-122.017,WW100621SC,2021-10-06 16:20:00+00:00,15.8,25.0,41.26,24.9,33.08,0.0,16.95,0.77,0.21,250.0,0.0,920.0,8725.0,0.0,2021-10-06,2021-10-04,2021,10
HAB_SCW,36.958,-122.017,WW101321SC,2021-10-13 16:30:00+00:00,13.0,25.0,2.54,2.77,2.66,1.19,13.96,5.38,8.21,250.0,0.0,0.0,512.0,0.0,2021-10-13,2021-10-11,2021,10
HAB_SCW,36.958,-122.017,WW102021SC,2021-10-20 16:20:00+00:00,13.1,25.0,17.84,21.74,19.79,0.65,14.31,0.51,12.14,250.0,0.0,1850.0,1275.0,0.0,2021-10-20,2021-10-18,2021,10
HAB_SCW,36.958,-122.017,WW102721SC,2021-10-27 16:10:00+00:00,14.0,25.0,15.12,14.09,14.61,0.42,13.39,2.74,3.14,250.0,0.0,6020.0,5625.0,0.0,2021-10-27,2021-10-25,2021,10
HAB_SCW,36.958,-122.017,WW110321SC,2021-11-03 16:00:00+00:00,14.5,25.0,10.9,10.25,10.58,0.13,15.31,0.78,1.0,250.0,0.001863022,730.0,2800.0,0.0,2021-11-03,2021-11-01,2021,11
HAB_SCW,36.958,-122.017,WW111021SC,2021-11-10 17:10:00+00:00,14.3,25.0,3.63,3.48,3.56,0.32,14.7,3.49,3.28,250.0,0.0,30.0,256.0,0.0,2021-11-10,2021-11-08,2021,11
HAB_SCW,36.958,-122.017,WW111721SC,2021-11-17 17:00:00+00:00,13.5,25.0,5.07,4.91,4.99,0.36,17.27,3.13,4.14,250.0,0.0,40.0,410.0,0.0,2021-11-17,2021-11-15,2021,11
HAB_SCW,36.958,-122.017,WW112421SC,2021-11-24 17:00:00+00:00,13.8,25.0,7.59,6.3,6.95,0.94,14.7,5.3,4.21,250.0,0.00585749,2020.0,1810.0,250.0,2021-11-24,2021-11-22,2021,11
HAB_SCW,36.958,-122.017,WW120121SC,2021-12-01 17:15:00+00:00,13.8,25.0,7.12,6.58,6.85,0.48,14.92,2.55,6.07,250.0,0.002824091,100.0,1600.0,100.0,2021-12-01,2021-11-29,2021,12
HAB_SCW,36.958,-122.017,WW120821SC,2021-12-08 16:50:00+00:00,12.6,25.0,3.35,3.02,3.19,0.0,2.49,8.0,0.5,250.0,0.00117653,10.0,140.0,700.0,2021-12-08,2021-12-06,2021,12
HAB_SCW,36.958,-122.017,WW121521SC,2021-12-15 17:10:00+00:00,11.6,25.0,4.38,4.54,4.46,0.32,15.52,2.13,9.5,250.0,0.01459084,0.0,20.0,4200.0,2021-12-15,2021-12-13,2021,12
HAB_SCW,36.958,-122.017,WW122221SC,2021-12-22 17:00:00+00:00,12.1,25.0,2.99,2.78,2.89,0.97,25.85,2.35,14.99,250.0,0.003613496,0.0,,0.0,2021-12-22,2021-12-20,2021,12
HAB_SCW,36.958,-122.017,WW010522SC,2022-01-05 17:35:00+00:00,12.0,25.0,2.01,2.34,2.18,0.42,15.77,1.93,10.64,250.0,0.021348195,0.0,20.0,0.0,2022-01-05,2022-01-03,2022,1
HAB_SCW,36.958,-122.017,WW011222SC,2022-01-12 17:20:00+00:00,12.3,25.0,4.0,2.99,3.49,0.32,15.38,1.96,9.5,250.0,0.0,0.0,20.0,400.0,2022-01-12,2022-01-10,2022,1
HAB_SCW,36.958,-122.017,WW011922SC,2022-01-19 17:10:00+00:00,12.0,25.0,1.76,1.67,1.72,0.32,12.43,2.68,8.35,250.0,0.001361654,0.0,0.0,0.0,2022-01-19,2022-01-17,2022,1
HAB_SCW,36.958,-122.017,WW012622SC,2022-01-26 17:30:00+00:00,12.6,25.0,1.94,1.93,1.93,0.36,12.68,1.81,8.28,250.0,0.005852328,0.0,40.0,0.0,2022-01-26,2022-01-24,2022,1
HAB_SCW,36.958,-122.017,WW020222SC,2022-02-02 17:00:00+00:00,12.0,25.0,1.95,1.67,1.81,0.61,11.25,2.29,8.85,250.0,0.001740605,0.0,60.0,0.0,2022-02-02,2022-01-31,2022,2
HAB_SCW,36.958,-122.017,WW020922SC,2022-02-09 17:00:00+00:00,12.2,25.0,2.56,3.37,2.96,0.74,12.46,2.58,8.71,250.0,0.0,0.0,50.0,0.0,2022-02-09,2022-02-07,2022,2
HAB_SCW,36.958,-122.017,WW021622SC,2022-02-16 17:00:00+00:00,12.0,25.0,5.68,2.82,4.25,0.52,9.44,3.34,8.28,250.0,0.0,0.0,10.0,0.0,2022-02-16,2022-02-14,2022,2
HAB_SCW,36.958,-122.017,WW022322SC,2022-02-23 16:00:00+00:00,10.5,25.0,5.56,5.1,5.33,1.74,17.55,8.67,13.64,250.0,0.0,0.0,30.0,800.0,2022-02-23,2022-02-21,2022,2
HAB_SCW,36.958,-122.017,WW030222SC,2022-03-02 17:00:00+00:00,11.9,25.0,11.21,11.32,11.27,1.13,17.8,6.02,14.14,250.0,0.0,0.0,0.0,0.0,2022-03-02,2022-02-28,2022,3
HAB_SCW,36.958,-122.017,WW030922SC,2022-03-09 17:10:00+00:00,12.2,25.0,3.54,3.71,3.62,1.03,18.98,6.3,12.07,250.0,0.003059287,0.0,220.0,950.0,2022-03-09,2022-03-07,2022,3
HAB_SCW,36.958,-122.017,WW031622SC,2022-03-16 16:15:00+00:00,12.3,25.0,13.58,14.57,14.08,0.68,4.98,2.43,0.29,250.0,0.065133,0.0,260.0,20850.0,2022-03-16,2022-03-14,2022,3
HAB_SCW,36.958,-122.017,WW032322SC,2022-03-23 16:10:00+00:00,13.1,25.0,3.82,3.82,3.82,0.42,10.79,4.78,4.71,250.0,0.031029,0.0,220.0,950.0,2022-03-23,2022-03-21,2022,3
HAB_SCW,36.958,-122.017,WW033022SC,2022-03-30 16:00:00+00:00,12.2,25.0,7.72,7.22,7.47,1.26,14.21,8.66,6.71,250.0,0.015763,0.0,80.0,2250.0,2022-03-30,2022-03-28,2022,3
HAB_SCW,36.958,-122.017,WW040622SC,2022-04-06 16:00:00+00:00,12.9,25.0,5.06,4.88,4.97,0.97,6.55,13.84,1.86,250.0,0.005996,0.0,1310.0,450.0,2022-04-06,2022-04-04,2022,4
HAB_SCW,36.958,-122.017,WW041322SC,2022-04-13 16:00:00+00:00,10.5,25.0,5.65,5.8,5.72,2.23,32.69,4.14,0.07,250.0,0.00118,0.0,190.0,1500.0,2022-04-13,2022-04-11,2022,4
HAB_SCW,36.958,-122.017,WW042022SC,2022-04-20 16:00:00+00:00,11.8,25.0,9.78,10.66,10.22,1.36,21.47,7.94,8.28,250.0,0.029874,0.0,580.0,3350.0,2022-04-20,2022-04-18,2022,4
HAB_SCW,36.958,-122.017,WW042722SC,2022-04-27 14:30:00+00:00,11.3,25.0,9.36,8.66,9.01,0.61,15.17,6.75,7.14,250.0,0.0,0.0,310.0,0.0,2022-04-27,2022-04-25,2022,4
HAB_SCW,36.958,-122.017,WW050422SC,2022-05-04 14:05:00+00:00,12.0,25.0,15.97,16.6,16.29,0.65,16.88,1.72,4.28,250.0,0.0,0.0,7700.0,0.0,2022-05-04,2022-05-02,2022,5
HAB_SCW,36.958,-122.017,WW051122SC,2022-05-11 14:10:00+00:00,9.9,25.0,5.01,5.24,5.12,1.78,40.95,3.73,29.63,250.0,0.0,0.0,80.0,0.0,2022-05-11,2022-05-09,2022,5
HAB_SCW,36.958,-122.017,WW051822SC,2022-05-18 15:10:00+00:00,13.5,25.0,8.97,9.34,9.16,0.29,18.05,7.49,5.35,250.0,0.0,0.0,38275.0,0.0,2022-05-18,2022-05-16,2022,5
HAB_SCW,36.958,-122.017,WW052522SC,2022-05-25 15:10:00+00:00,14.0,25.0,9.41,9.86,9.63,0.97,15.63,7.94,8.71,250.0,0.0,40.0,8100.0,0.0,2022-05-25,2022-05-23,2022,5
HAB_SCW,36.958,-122.017,WW060122SC,2022-06-01 14:30:00+00:00,13.6,25.0,3.79,3.79,3.79,0.65,25.67,3.03,13.78,250.0,15.382625,0.0,6825.0,0.0,2022-06-01,2022-05-30,2022,6
HAB_SCW,36.958,-122.017,WW060822SC,2022-06-08 16:00:00+00:00,14.7,25.0,3.91,3.46,3.68,0.97,23.25,4.12,15.56,250.0,0.0,0.0,1525.0,0.0,2022-06-08,2022-06-06,2022,6
HAB_SCW,36.958,-122.017,WW061522SC,2022-06-15 15:30:00+00:00,14.6,25.0,14.91,19.94,17.42,0.0,11.14,1.14,1.07,250.0,0.0,10.0,1425.0,0.0,2022-06-15,2022-06-13,2022,6
HAB_SCW,36.958,-122.017,WW062222SC,2022-06-22 15:30:00+00:00,14.7,25.0,20.98,17.47,19.23,0.06,15.31,1.74,1.86,250.0,0.0,40.0,2500.0,0.0,2022-06-22,2022-06-20,2022,6
HAB_SCW,36.958,-122.017,WW062922SC,2022-06-29 14:30:00+00:00,14.8,25.0,27.68,28.61,28.14,0.13,8.65,3.37,4.21,250.0,0.005513,360.0,4250.0,0.0,2022-06-29,2022-06-27,2022,6
HAB_SCW,36.958,-122.017,WW070622SC,2022-07-06 16:40:00+00:00,14.1,25.0,4.36,4.47,4.41,,,7.93,,250.0,0.008843,20.0,1825.0,0.0,2022-07-06,2022-07-04,2022,7
HAB_SCW,36.958,-122.017,WW071322SC,2022-07-13 16:00:00+00:00,15.8,25.0,3.42,3.45,3.43,0.52,18.59,4.12,9.35,250.0,0.0,0.0,1800.0,0.0,2022-07-13,2022-07-11,2022,7
HAB_SCW,36.958,-122.017,WW072022SC,2022-07-20 16:05:00+00:00,15.4,25.0,16.02,16.38,16.2,0.36,19.83,2.19,6.78,250.0,0.00581,0.0,1025.0,0.0,2022-07-20,2022-07-18,2022,7
HAB_SCW,36.958,-122.017,WW072722SC,2022-07-27 15:55:00+00:00,14.9,25.0,10.04,8.72,9.38,0.0,16.31,0.29,0.29,250.0,0.0,10.0,10250.0,0.0,2022-07-27,2022-07-25,2022,7
HAB_SCW,36.958,-122.017,WW080322SC,2022-08-03 16:10:00+00:00,16.4,25.0,4.29,4.21,4.25,0.32,18.62,3.07,2.5,250.0,0.0,0.0,3525.0,0.0,2022-08-03,2022-08-01,2022,8
HAB_SCW,36.958,-122.017,WW081022SC,2022-08-10 16:33:00+00:00,16.6,25.0,8.06,8.18,8.12,0.1,7.33,2.31,1.78,250.0,0.009264,50.0,,0.0,2022-08-10,2022-08-08,2022,8
HAB_SCW,36.958,-122.017,WW081722SC,2022-08-17 16:10:00+00:00,15.5,25.0,6.12,6.12,6.12,0.9,18.02,6.88,7.92,250.0,0.0,30.0,400.0,0.0,2022-08-17,2022-08-15,2022,8
HAB_SCW,36.958,-122.017,WW082422SC,2022-08-24 14:45:00+00:00,15.8,25.0,8.72,8.76,8.74,0.48,20.83,3.06,0.93,250.0,0.0,2830.0,2700.0,0.0,2022-08-24,2022-08-22,2022,8
HAB_SCW,36.958,-122.017,WW083122SC,2022-08-31 14:45:00+00:00,15.2,25.0,4.64,5.54,5.09,,,4.93,,250.0,0.002209,90.0,1725.0,0.0,2022-08-31,2022-08-29,2022,8
HAB_SCW,36.958,-122.017,WW090722SC,2022-09-07 14:50:00+00:00,16.1,25.0,15.1,14.4,14.75,0.65,16.73,2.94,3.36,250.0,0.0,1470.0,525.0,0.0,2022-09-07,2022-09-05,2022,9
HAB_SCW,36.958,-122.017,WW091422SC,2022-09-14 16:10:00+00:00,16.0,25.0,5.14,5.64,5.39,0.65,14.99,2.98,7.0,250.0,0.0,870.0,950.0,0.0,2022-09-14,2022-09-12,2022,9
HAB_SCW,36.958,-122.017,WW092122SC,2022-09-21 14:30:00+00:00,14.8,25.0,7.67,6.84,7.25,0.81,11.75,3.16,5.64,250.0,0.010812,2840.0,300.0,0.0,2022-09-21,2022-09-19,2022,9
HAB_SCW,36.958,-122.017,WW092822SC,2022-09-28 14:30:00+00:00,16.1,25.0,18.98,20.69,19.83,,,1.91,,250.0,0.0,960.0,2950.0,0.0,2022-09-28,2022-09-26,2022,9
HAB_SCW,36.958,-122.017,WW100522SC,2022-10-05 14:05:00+00:00,15.7,25.0,4.51,4.67,4.59,0.45,15.24,2.86,2.78,250.0,0.0,260.0,1425.0,0.0,2022-10-05,2022-10-03,2022,10
HAB_SCW,36.958,-122.017,WW101222SC,2022-10-12 14:20:00+00:00,14.9,25.0,3.9,3.83,3.86,0.94,20.37,4.07,8.14,250.0,0.0,80.0,775.0,0.0,2022-10-12,2022-10-10,2022,10
HAB_SCW,36.958,-122.017,WW101922SC,2022-10-19 14:45:00+00:00,14.9,25.0,3.35,3.64,3.5,0.74,13.85,5.14,6.5,250.0,0.0,330.0,1650.0,0.0,2022-10-19,2022-10-17,2022,10
HAB_SCW,36.958,-122.017,WW102622SC,2022-10-26 14:10:00+00:00,13.7,25.0,9.79,9.83,9.81,,,1.36,,250.0,0.0,1230.0,,0.0,2022-10-26,2022-10-24,2022,10
HAB_SCW,36.958,-122.017,WW110222SC,2022-11-02 14:00:00+00:00,11.9,25.0,1.54,1.56,1.55,1.9,12.07,4.3,11.28,250.0,0.0,,,,2022-11-02,2022-10-31,2022,11
HAB_SCW,36.958,-122.017,WW110922SC,2022-11-09 15:10:00+00:00,12.6,25.0,3.92,4.29,4.1,1.13,18.73,2.73,8.14,250.0,0.0,1160.0,2675.0,0.0,2022-11-09,2022-11-07,2022,11
HAB_SCW,36.958,-122.017,WW111622SC,2022-11-16 17:10:00+00:00,12.0,25.0,3.49,3.22,3.36,1.32,10.97,5.6,7.71,250.0,0.0,70.0,600.0,0.0,2022-11-16,2022-11-14,2022,11
HAB_SCW,36.958,-122.017,WW113022SC,2022-11-30 17:35:00+00:00,12.4,25.0,9.0,8.35,8.68,1.71,15.45,4.43,10.99,250.0,0.0,220.0,900.0,0.0,2022-11-30,2022-11-28,2022,11
HAB_SCW,36.958,-122.017,WW120722SC,2022-12-07 18:00:00+00:00,11.8,25.0,106.47,110.87,108.67,,,1.08,,250.0,0.0,7960.0,12300.0,0.0,2022-12-07,2022-12-05,2022,12
HAB_SCW,36.958,-122.017,WW121422SC,2022-12-14 16:40:00+00:00,11.9,25.0,2.49,1.87,2.18,,,3.23,,250.0,0.0,20.0,30.0,0.0,2022-12-14,2022-12-12,2022,12
HAB_SCW,36.958,-122.017,WW122122SC,2022-12-21 20:05:00+00:00,12.1,25.0,2.24,2.69,2.46,,,21.22,,250.0,0.0,150.0,100.0,0.0,2022-12-21,2022-12-19,2022,12
HAB_SCW,36.958,-122.017,WW011123SC,2023-01-11 17:10:00+00:00,12.2,25.0,1.08,1.19,1.14,1.62,51.98,2.55,14.14,250.0,0.0,13.0,40.0,250.0,2023-01-11,2023-01-09,2023,1
HAB_SCW,36.958,-122.017,WW011823SC,2023-01-18 16:45:00+00:00,12.3,25.0,0.59,0.72,0.65,1.03,47.35,1.53,8.92,250.0,0.0,0.0,20.0,0.0,2023-01-18,2023-01-16,2023,1
HAB_SCW,36.958,-122.017,WW012523SC,2023-01-25 16:50:00+00:00,12.1,25.0,0.64,0.95,0.8,1.0,14.49,2.11,8.5,250.0,0.003204,0.0,,0.0,2023-01-25,2023-01-23,2023,1
HAB_SCW,36.958,-122.017,WW020123SC,2023-02-01 16:40:00+00:00,12.2,25.0,4.7,4.05,4.37,1.03,19.8,1.5,12.85,250.0,0.005127,0.0,0.0,0.0,2023-02-01,2023-01-30,2023,2
HAB_SCW,36.958,-122.017,WW020823SC,2023-02-08 16:35:00+00:00,11.2,25.0,2.06,2.04,2.05,1.15,16.88,1.72,10.92,250.0,0.0,0.0,0.0,0.0,2023-02-08,2023-02-06,2023,2
HAB_SCW,36.958,-122.017,WW021523SC,2023-02-15 16:20:00+00:00,10.5,25.0,1.98,2.03,2.0,1.44,10.9,1.37,5.44,250.0,0.0,0.0,0.0,0.0,2023-02-15,2023-02-13,2023,2
HAB_SCW,36.958,-122.017,WW022223SC,2023-02-22 15:50:00+00:00,10.0,25.0,3.1,3.02,3.06,2.58,25.78,2.39,27.34,250.0,0.0,0.0,10.0,0.0,2023-02-22,2023-02-20,2023,2
HAB_SCW,36.958,-122.017,WW030123SC,2023-03-01 16:30:00+00:00,9.8,25.0,2.82,2.86,2.84,1.43,25.78,1.53,20.78,250.0,0.0,0.0,90.0,1300.0,2023-03-01,2023-02-27,2023,3
HAB_SCW,36.958,-122.017,WW030823SC,2023-03-08 16:30:00+00:00,10.0,25.0,2.9,2.79,2.85,1.51,31.83,2.44,18.99,250.0,0.0,60.0,300.0,3250.0,2023-03-08,2023-03-06,2023,3
HAB_SCW,36.958,-122.017,WW031523SC,2023-03-15 15:30:00+00:00,11.1,25.0,1.9,2.03,1.97,1.75,56.61,1.71,12.64,250.0,0.0,20.0,60.0,800.0,2023-03-15,2023-03-13,2023,3
HAB_SCW,36.958,-122.017,WW032223SC,2023-03-22 15:30:00+00:00,10.8,25.0,1.22,1.04,1.13,1.75,45.57,2.13,11.78,250.0,0.0,0.0,0.0,0.0,2023-03-22,2023-03-20,2023,3
HAB_SCW,36.958,-122.017,WW032923SC,2023-03-29 15:45:00+00:00,11.2,25.0,2.53,2.74,2.63,2.27,24.64,1.66,44.98,250.0,0.0,0.0,0.0,0.0,2023-03-29,2023-03-27,2023,3
HAB_SCW,36.958,-122.017,WW040523SC,2023-04-05 15:30:00+00:00,11.3,25.0,2.72,2.59,2.66,1.5,32.22,1.58,21.49,250.0,0.0,0.0,0.0,0.0,2023-04-05,2023-04-03,2023,4
HAB_SCW,36.958,-122.017,WW041223SC,2023-04-12 15:45:00+00:00,10.8,25.0,3.79,4.98,4.39,1.46,27.91,2.48,21.92,250.0,0.0,0.0,90.0,3550.0,2023-04-12,2023-04-10,2023,4
HAB_SCW,36.958,-122.017,WW041923SC,2023-04-19 16:00:00+00:00,11.0,25.0,22.87,20.79,21.83,,23.93,0.74,20.49,250.0,0.038201,10.0,100.0,46300.0,2023-04-19,2023-04-17,2023,4
HAB_SCW,36.958,-122.017,WW042623SC,2023-04-26 15:45:00+00:00,13.5,25.0,3.71,3.14,3.42,1.76,11.86,1.24,4.45,250.0,0.107839,70.0,230.0,34400.0,2023-04-26,2023-04-24,2023,4
HAB_SCW,36.958,-122.017,WW050323SC,2023-05-03 15:45:00+00:00,11.4,25.0,10.31,11.34,10.82,1.44,57.68,0.99,19.35,250.0,0.354176,240.0,630.0,145800.0,2023-05-03,2023-05-01,2023,5
HAB_SCW,36.958,-122.017,WW051023SC,2023-05-10 15:30:00+00:00,12.7,25.0,10.05,9.21,9.63,0.85,24.28,3.78,5.23,250.0,0.119062,60.0,630.0,58750.0,2023-05-10,2023-05-08,2023,5
HAB_SCW,36.958,-122.017,WW051723SC,2023-05-17 15:30:00+00:00,14.3,25.0,6.17,4.22,5.2,0.05,9.65,0.58,1.21,250.0,0.300577,80.0,1050.0,70750.0,2023-05-17,2023-05-15,2023,5
HAB_SCW,36.958,-122.017,WW052423SC,2023-05-24 15:30:00+00:00,13.0,25.0,5.11,4.85,4.98,0.74,15.99,3.32,5.39,250.0,0.010667112,4000.0,1870.0,0.0,2023-05-24,2023-05-22,2023,5
HAB_SCW,36.958,-122.017,WW053123SC,2023-05-31 15:30:00+00:00,12.3,25.0,3.33,3.39,3.36,1.64,25.49,4.27,16.35,250.0,0.0,120.0,2270.0,0.0,2023-05-31,2023-05-29,2023,5
HAB_SCW,36.958,-122.017,WW060723SC,2023-06-07 15:30:00+00:00,13.0,25.0,3.1,2.9,3.0,1.72,22.4,2.31,14.78,250.0,0.0,10.0,290.0,0.0,2023-06-07,2023-06-05,2023,6
HAB_SCW,36.958,-122.017,WW061423SC,2023-06-14 15:30:00+00:00,14.5,25.0,8.63,8.28,8.46,0.54,15.38,2.13,1.43,250.0,0.0,70.0,6050.0,0.0,2023-06-14,2023-06-12,2023,6
HAB_SCW,36.958,-122.017,WW062123SC,2023-06-21 15:30:00+00:00,14.6,25.0,8.73,8.07,8.4,0.23,11.14,0.66,2.86,250.0,0.0,700.0,4875.0,0.0,2023-06-21,2023-06-19,2023,6
HAB_SCW,36.958,-122.017,WW062823SC,2023-06-28 15:30:00+00:00,15.0,25.0,18.22,15.69,16.95,0.15,15.63,0.45,0.86,250.0,0.0,14240.0,1000.0,0.0,2023-06-28,2023-06-26,2023,6
HAB_SCW,36.958,-122.017,WW070523SC,2023-07-05 15:30:00+00:00,15.2,25.0,11.34,12.31,11.82,0.14,14.28,0.35,0.55,250.0,0.0,3750.0,1000.0,0.0,2023-07-05,2023-07-03,2023,7
HAB_SCW,36.958,-122.017,WW071223SC,2023-07-12 15:45:00+00:00,15.0,25.0,11.7,13.95,12.82,0.03,11.22,0.26,0.39,250.0,0.0,1350.0,2075.0,0.0,2023-07-12,2023-07-10,2023,7
HAB_SCW,36.958,-122.017,WW071923SC,2023-07-19 15:30:00+00:00,15.5,25.0,15.24,14.37,14.8,0.0,3.05,0.14,0.26,250.0,0.0,1180.0,900.0,0.0,2023-07-19,2023-07-17,2023,7
HAB_SCW,36.958,-122.017,WW072623SC,2023-07-26 15:45:00+00:00,15.5,25.0,7.48,8.25,7.86,1.47,9.51,1.04,2.27,250.0,0.0,970.0,1300.0,0.0,2023-07-26,2023-07-24,2023,7
HAB_SCW,36.958,-122.017,WW080223SC,2023-08-02 15:30:00+00:00,15.3,25.0,16.1,15.63,15.87,0.0,1.57,0.04,0.27,250.0,0.002981,150.0,775.0,0.0,2023-08-02,2023-07-31,2023,8
HAB_SCW,36.958,-122.017,WW080923SC,2023-08-09 16:00:00+00:00,15.2,25.0,12.9,11.97,12.43,0.0,8.37,0.4,0.48,250.0,0.002336,130.0,3375.0,0.0,2023-08-09,2023-08-07,2023,8
HAB_SCW,36.958,-122.017,WW081623SC,2023-08-16 15:50:00+00:00,15.9,25.0,10.03,10.65,10.34,0.41,9.26,2.65,1.64,250.0,0.004497,100.0,6075.0,0.0,2023-08-16,2023-08-14,2023,8
HAB_SCW,36.958,-122.017,WW082323SC,2023-08-23 15:45:00+00:00,17.5,25.0,7.72,8.35,8.04,0.0,8.47,3.08,1.24,250.0,0.002563,660.0,25325.0,0.0,2023-08-23,2023-08-21,2023,8
HAB_SCW,36.958,-122.017,WW083023SC,2023-08-30 15:45:00+00:00,18.5,25.0,3.83,3.66,3.74,0.0,5.66,1.33,0.66,250.0,0.0,80.0,5050.0,0.0,2023-08-30,2023-08-28,2023,8
HAB_SCW,36.958,-122.017,WW090623SC,2023-09-06 15:45:00+00:00,16.0,25.0,4.13,4.03,4.08,0.87,25.14,3.21,6.08,250.0,0.0,310.0,360.0,0.0,2023-09-06,2023-09-04,2023,9
HAB_SCW,36.958,-122.017,WW091323SC,2023-09-13 15:30:00+00:00,16.8,25.0,3.31,4.09,3.7,0.65,11.32,2.12,0.65,250.0,0.013716,470.0,1175.0,0.0,2023-09-13,2023-09-11,2023,9
HAB_SCW,36.958,-122.017,WW092023SC,2023-09-20 15:30:00+00:00,16.1,25.0,4.69,5.41,5.05,0.64,14.24,0.51,0.59,250.0,0.0,30.0,1800.0,0.0,2023-09-20,2023-09-18,2023,9
HAB_SCW,36.958,-122.017,WW092723SC,2023-09-27 15:45:00+00:00,16.2,25.0,56.62,72.67,64.64,1.34,13.96,0.31,0.4,250.0,0.009334,30.0,2950.0,0.0,2023-09-27,2023-09-25,2023,9
HAB_SCW,36.958,-122.017,WW100423SC,2023-10-04 15:30:00+00:00,15.9,25.0,3.22,2.28,2.75,1.07,9.04,4.14,3.81,250.0,0.0,40.0,80.0,0.0,2023-10-04,2023-10-02,2023,10
HAB_SCW,36.958,-122.017,WW101123SC,2023-10-11 15:30:00+00:00,15.1,25.0,4.77,5.58,5.17,1.56,11.89,5.63,5.58,250.0,0.003449,10.0,475.0,0.0,2023-10-11,2023-10-09,2023,10
HAB_SCW,36.958,-122.017,WW101823SC,2023-10-18 15:45:00+00:00,15.3,25.0,4.76,4.16,4.46,0.97,10.68,2.92,2.16,250.0,0.013677,270.0,450.0,0.0,2023-10-18,2023-10-16,2023,10
HAB_SCW,36.958,-122.017,WW102523SC,2023-10-25 15:45:00+00:00,15.5,25.0,21.96,19.94,20.95,0.22,5.63,1.29,0.5,250.0,0.0,3770.0,16150.0,0.0,2023-10-25,2023-10-23,2023,10
HAB_SCW,36.958,-122.017,WW110123SC,2023-11-01 15:45:00+00:00,13.6,25.0,9.53,12.54,11.04,0.72,6.27,1.26,1.77,250.0,0.0,1830.0,1125.0,400.0,2023-11-01,2023-10-30,2023,11
HAB_SCW,36.958,-122.017,WW110823SC,2023-11-08 16:30:00+00:00,13.8,25.0,10.5,9.95,10.23,0.68,7.83,0.66,3.01,250.0,0.0,1410.0,,0.0,2023-11-08,2023-11-06,2023,11
HAB_SCW,36.958,-122.017,WW111523SC,2023-11-15 16:45:00+00:00,14.2,25.0,5.76,4.06,4.91,0.59,5.02,2.44,2.09,250.0,0.0,110.0,175.0,0.0,2023-11-15,2023-11-13,2023,11
HAB_SCW,36.958,-122.017,WW112223SC,2023-11-22 15:45:00+00:00,13.7,25.0,4.7,3.96,4.33,2.19,8.37,4.07,15.71,250.0,0.0,140.0,310.0,0.0,2023-11-22,2023-11-20,2023,11
HAB_SCW,36.958,-122.017,WW112923SC,2023-11-29 17:00:00+00:00,13.8,25.0,7.14,9.86,8.5,1.18,3.16,1.95,0.77,250.0,0.0,50.0,0.0,0.0,2023-11-29,2023-11-27,2023,11
HAB_SCW,36.958,-122.017,WW120623SC,2023-12-06 17:00:00+00:00,13.5,25.0,2.4,3.08,2.74,0.81,2.47,1.74,2.81,250.0,0.0,0.0,0.0,300.0,2023-12-06,2023-12-04,2023,12
HAB_SCW,36.958,-122.017,WW121323SC,2023-12-13 17:00:00+00:00,13.1,25.0,2.98,3.06,3.02,1.44,0.83,3.2,3.3,250.0,0.0,10.0,20.0,400.0,2023-12-13,2023-12-11,2023,12
HAB_SCW,36.958,-122.017,WW122023SC,2023-12-20 16:15:00+00:00,14.1,25.0,2.14,2.42,2.28,1.12,6.73,2.12,4.3,250.0,0.0,0.0,50.0,0.0,2023-12-20,2023-12-18,2023,12
HAB_SCW,36.958,-122.017,WW010324SC,2024-01-03 16:10:00+00:00,13.9,25.0,2.85,3.58,3.21,0.2,9.19,1.48,2.97,250.0,0.0,0.0,60.0,0.0,2024-01-03,2024-01-01,2024,1
HAB_SCW,36.958,-122.017,WW011024SC,2024-01-10 17:00:00+00:00,12.6,25.0,1.27,0.95,1.11,0.48,12.18,2.4,5.2,250.0,0.0,0.0,0.0,0.0,2024-01-10,2024-01-08,2024,1
HAB_SCW,36.958,-122.017,WW011724SC,2024-01-17 17:00:00+00:00,13.3,25.0,2.16,1.72,1.94,0.56,23.11,1.73,6.25,250.0,0.0,0.0,310.0,200.0,2024-01-17,2024-01-15,2024,1
HAB_SCW,36.958,-122.017,WW012424SC,2024-01-24 17:00:00+00:00,13.1,25.0,0.96,1.16,1.06,0.53,35.32,1.92,8.57,250.0,0.0,0.0,90.0,0.0,2024-01-24,2024-01-22,2024,1
HAB_SCW,36.958,-122.017,WW013124SC,2024-01-31 16:45:00+00:00,13.6,25.0,1.7,1.73,1.71,0.36,19.9,1.84,7.57,250.0,0.0,0.0,60.0,0.0,2024-01-31,2024-01-29,2024,1
HAB_SCW,36.958,-122.017,WW020724SC,2024-02-07 17:00:00+00:00,13.0,25.0,0.95,1.05,1.0,0.5,33.08,1.73,7.28,250.0,0.0,0.0,0.0,0.0,2024-02-07,2024-02-05,2024,2
HAB_SCW,36.958,-122.017,WW021424SC,2024-02-14 17:00:00+00:00,12.7,25.0,2.07,2.03,2.05,0.56,41.66,1.28,10.21,250.0,0.0,0.0,150.0,800.0,2024-02-14,2024-02-12,2024,2
HAB_SCW,36.958,-122.017,WW022124SC,2024-02-21 17:00:00+00:00,13.5,25.0,2.65,2.25,2.45,0.46,39.88,1.54,7.57,250.0,0.023836,0.0,27.0,2650.0,2024-02-21,2024-02-19,2024,2
HAB_SCW,36.958,-122.017,WW022824SC,2024-02-28 17:00:00+00:00,13.9,25.0,3.71,4.01,3.86,0.93,17.48,3.07,4.33,250.0,0.157651,0.0,0.0,11600.0,2024-02-28,2024-02-26,2024,2
HAB_SCW,36.958,-122.017,WW030624SC,2024-03-06 16:30:00+00:00,13.5,25.0,2.27,2.04,2.16,0.9,40.59,3.13,3.16,250.0,0.331107,40.0,40.0,1600.0,2024-03-06,2024-03-04,2024,3
HAB_SCW,36.958,-122.017,WW031324SC,2024-03-13 16:00:00+00:00,13.2,25.0,2.57,2.42,2.49,0.33,10.5,2.0,3.81,250.0,0.080481,0.0,0.0,650.0,2024-03-13,2024-03-11,2024,3
HAB_SCW,36.958,-122.017,WW032024SC,2024-03-20 16:00:00+00:00,14.3,25.0,6.01,7.41,6.71,0.0,15.1,1.4,0.51,250.0,0.123292,0.0,290.0,200.0,2024-03-20,2024-03-18,2024,3
HAB_SCW,36.958,-122.017,WW032724SC,2024-03-27 15:05:00+00:00,13.2,25.0,2.47,2.39,2.43,0.46,11.04,2.38,5.1,250.0,0.026366,0.0,80.0,200.0,2024-03-27,2024-03-25,2024,3
HAB_SCW,36.958,-122.017,WW040324SC,2024-04-03 16:00:00+00:00,13.2,25.0,5.47,5.57,5.52,0.5,30.12,2.19,2.88,250.0,0.0,120.0,310.0,2600.0,2024-04-03,2024-04-01,2024,4
HAB_SCW,36.958,-122.017,WW041024SC,2024-04-10 16:00:00+00:00,12.8,25.0,2.95,3.52,3.23,1.15,17.3,3.69,6.16,250.0,0.0,10.0,70.0,0.0,2024-04-10,2024-04-08,2024,4
HAB_SCW,36.958,-122.017,WW041724SC,2024-04-17 16:00:00+00:00,12.5,25.0,4.69,4.99,4.84,1.07,26.74,3.13,9.0,250.0,0.0,10.0,190.0,650.0,2024-04-17,2024-04-15,2024,4
HAB_SCW,36.958,-122.017,WW042424SC,2024-04-24 16:00:00+00:00,14.1,25.0,3.29,3.47,3.38,0.5,56.61,2.02,2.02,250.0,0.0,130.0,2500.0,0.0,2024-04-24,2024-04-22,2024,4
HAB_SCW,36.958,-122.017,WW050124SC,2024-05-01 16:00:00+00:00,13.4,25.0,8.46,9.2,8.83,0.51,28.95,1.75,6.1,250.0,0.0,3880.0,14425.0,1200.0,2024-05-01,2024-04-29,2024,5
HAB_SCW,36.958,-122.017,WW050824SC,2024-05-08 15:00:00+00:00,13.1,25.0,21.17,21.17,21.17,0.12,18.23,0.52,0.73,250.0,0.049856,640.0,2875.0,85750.0,2024-05-08,2024-05-06,2024,5
HAB_SCW,36.958,-122.017,WW051524SC,2024-05-15 16:00:00+00:00,12.5,25.0,6.46,6.18,6.32,1.32,32.29,3.7,5.81,250.0,0.010593655,150.0,1875.0,800.0,2024-05-15,2024-05-13,2024,5
HAB_SCW,36.958,-122.017,WW052224SC,2024-05-22 15:30:00+00:00,14.8,25.0,9.03,9.36,9.2,0.0,10.0,0.65,0.43,250.0,0.0,570.0,9750.0,0.0,2024-05-22,2024-05-20,2024,5
HAB_SCW,36.958,-122.017,WW052924SC,2024-05-29 16:10:00+00:00,14.0,25.0,7.34,7.51,7.42,0.47,21.33,2.82,4.16,250.0,0.0,1150.0,1450.0,0.0,2024-05-29,2024-05-27,2024,5
HAB_SCW,36.958,-122.017,WW060524SC,2024-06-05 15:20:00+00:00,13.9,25.0,8.21,6.92,7.57,1.17,20.86,4.16,3.22,250.0,0.0,1150.0,1875.0,0.0,2024-06-05,2024-06-03,2024,6
HAB_SCW,36.958,-122.017,WW061224SC,2024-06-12 16:00:00+00:00,14.8,25.0,4.96,5.41,5.18,0.35,23.36,3.41,6.24,250.0,0.015362,11670.0,5750.0,750.0,2024-06-12,2024-06-10,2024,6
HAB_SCW,36.958,-122.017,WW061924SC,2024-06-19 16:00:00+00:00,14.2,25.0,3.7,3.63,3.66,0.19,12.68,2.62,7.21,250.0,0.012972,6230.0,5400.0,0.0,2024-06-19,2024-06-17,2024,6
HAB_SCW,36.958,-122.017,WW062624SC,2024-06-26 16:00:00+00:00,14.2,25.0,9.94,8.71,9.33,0.23,20.79,1.65,6.7,250.0,0.0,15500.0,2975.0,2950.0,2024-06-26,2024-06-24,2024,6
HAB_SCW,36.958,-122.017,WW070324SC,2024-07-03 16:20:00+00:00,15.2,25.0,6.68,6.94,6.81,0.43,32.22,1.09,6.42,250.0,0.0,2870.0,,0.0,2024-07-03,2024-07-01,2024,7
HAB_SCW,36.958,-122.017,WW071024SC,2024-07-10 17:10:00+00:00,16.6,25.0,2.54,3.14,2.84,0.21,26.81,2.28,2.58,250.0,0.0,0.0,3250.0,0.0,2024-07-10,2024-07-08,2024,7
HAB_SCW,36.958,-122.017,WW071724SC,2024-07-17 16:40:00+00:00,15.3,25.0,14.86,13.87,14.37,0.5,29.8,1.83,4.69,250.0,0.0,20.0,5650.0,0.0,2024-07-17,2024-07-15,2024,7
HAB_SCW,36.958,-122.017,WW072424SC,2024-07-24 16:40:00+00:00,16.4,25.0,4.45,4.89,4.67,0.9,29.3,6.95,7.57,250.0,0.02146,200.0,800.0,0.0,2024-07-24,2024-07-22,2024,7
HAB_SCW,36.958,-122.017,WW073124SC,2024-07-31 16:30:00+00:00,16.3,25.0,21.35,22.49,21.92,0.0,11.29,1.85,1.03,250.0,0.11214,1730.0,4600.0,0.0,2024-07-31,2024-07-29,2024,7
HAB_SCW,36.958,-122.017,WW080724SC,2024-08-07 16:30:00+00:00,16.4,25.0,11.82,11.66,11.74,0.09,12.82,7.86,2.53,250.0,0.113,5400.0,2175.0,0.0,2024-08-07,2024-08-05,2024,8
HAB_SCW,36.958,-122.017,WW081424SC,2024-08-14 15:55:00+00:00,14.5,25.0,9.93,6.99,8.46,0.52,14.03,6.8,6.31,250.0,0.011252,41280.0,1100.0,0.0,2024-08-14,2024-08-12,2024,8
HAB_SCW,36.958,-122.017,WW082124SC,2024-08-21 16:05:00+00:00,13.4,25.0,2.69,2.68,2.69,0.99,25.64,6.36,14.71,250.0,0.002259,7520.0,100.0,0.0,2024-08-21,2024-08-19,2024,8
HAB_SCW,36.958,-122.017,WW082824SC,2024-08-28 16:30:00+00:00,15.6,25.0,11.41,9.61,10.51,0.29,22.82,7.33,0.93,250.0,0.007361,0.0,8350.0,0.0,2024-08-28,2024-08-26,2024,8
HAB_SCW,36.958,-122.017,WW090424SC,2024-09-04 16:20:00+00:00,15.2,25.0,1.87,1.99,1.93,1.26,29.45,15.05,4.76,250.0,0.0,0.0,425.0,0.0,2024-09-04,2024-09-02,2024,9
HAB_SCW,36.958,-122.017,WW091124SC,2024-09-11 17:00:00+00:00,16.4,25.0,14.37,,14.37,0.4,21.72,3.69,6.28,250.0,0.0,100.0,,0.0,2024-09-11,2024-09-09,2024,9
HAB_SCW,36.958,-122.017,WW091824SC,2024-09-18 17:20:00+00:00,15.9,25.0,21.33,19.04,20.19,0.1,14.14,0.82,4.01,250.0,0.0,4267.0,15925.0,0.0,2024-09-18,2024-09-16,2024,9
HAB_SCW,36.958,-122.017,WW092524SC,2024-09-25 15:20:00+00:00,15.2,25.0,18.88,16.34,17.61,0.41,14.67,12.13,4.86,250.0,0.000995,1747.0,9825.0,0.0,2024-09-25,2024-09-23,2024,9
HAB_SCW,36.958,-122.017,WW100224SC,2024-10-02 15:30:00+00:00,15.6,25.0,1.85,1.72,1.79,1.03,18.05,12.28,8.78,250.0,0.0,460.0,625.0,0.0,2024-10-02,2024-09-30,2024,10
HAB_SCW,36.958,-122.017,WW100924SC,2024-10-09 16:15:00+00:00,16.8,25.0,45.3,42.67,43.99,0.16,,0.62,0.33,250.0,0.004402,2613.0,,0.0,2024-10-09,2024-10-07,2024,10
HAB_SCW,36.958,-122.017,WW101624SC,2024-10-16 16:15:00+00:00,15.7,25.0,12.08,12.65,12.36,0.35,13.49,1.48,1.62,250.0,0.003218,560.0,8000.0,0.0,2024-10-16,2024-10-14,2024,10
HAB_SCW,36.958,-122.017,WW102324SC,2024-10-23 15:30:00+00:00,13.6,25.0,4.11,4.6,4.36,0.47,16.77,5.75,3.68,250.0,0.003211,120.0,325.0,0.0,2024-10-23,2024-10-21,2024,10
HAB_SCW,36.958,-122.017,WW103024SC,2024-10-30 16:30:00+00:00,12.3,25.0,4.09,2.58,3.33,1.4,19.4,5.78,13.99,250.0,0.0,0.0,160.0,0.0,2024-10-30,2024-10-28,2024,10
HAB_SCW,36.958,-122.017,WW110624SC,2024-11-06 16:00:00+00:00,12.5,25.0,3.81,,3.81,1.06,20.22,5.02,11.21,250.0,0.010714,120.0,470.0,0.0,2024-11-06,2024-11-04,2024,11
HAB_SCW,36.958,-122.017,WW111324SC,2024-11-13 17:30:00+00:00,12.3,25.0,6.42,6.88,6.65,0.71,23.89,4.46,12.28,250.0,0.0,380.0,,0.0,2024-11-13,2024-11-11,2024,11
HAB_SCW,36.958,-122.017,WW112024SC,2024-11-20 17:30:00+00:00,11.7,25.0,1.88,2.16,2.02,1.33,21.79,10.21,11.78,250.0,0.0,20.0,0.0,0.0,2024-11-20,2024-11-18,2024,11
HAB_SCW,36.958,-122.017,WW112724SC,2024-11-27 17:30:00+00:00,12.1,25.0,6.89,7.82,7.36,0.88,15.59,10.13,1.6,250.0,0.0,170.0,300.0,0.0,2024-11-27,2024-11-25,2024,11
HAB_SCW,36.958,-122.017,WW120424SC,2024-12-04 16:30:00+00:00,11.9,25.0,6.16,5.19,5.68,0.39,17.62,10.71,0.67,250.0,0.0,50.0,210.0,0.0,2024-12-04,2024-12-02,2024,12
HAB_SCW,36.958,-122.017,WW121124SC,2024-12-11 16:45:00+00:00,11.8,25.0,6.95,7.08,7.01,1.19,20.29,9.46,9.14,250.0,0.0,10.0,200.0,0.0,2024-12-11,2024-12-09,2024,12
HAB_SCW,36.958,-122.017,WW121824SC,2024-12-18 17:00:00+00:00,11.7,25.0,3.53,3.01,3.27,1.07,17.55,6.09,10.64,250.0,0.0,0.0,0.0,0.0,2024-12-18,2024-12-16,2024,12
HAB_SCW,36.958,-122.017,WW010825SC,2025-01-08 17:00:00+00:00,11.9,25.0,2.71,2.54,2.63,0.63,14.1,3.76,11.42,250.0,0.0,0.0,10.0,0.0,2025-01-08,2025-01-06,2025,1
HAB_SCW,36.958,-122.017,WW011525SC,2025-01-15 17:00:00+00:00,12.3,25.0,2.99,2.99,2.99,0.86,9.72,4.52,10.78,250.0,0.0,0.0,60.0,0.0,2025-01-15,2025-01-13,2025,1
HAB_SCW,36.958,-122.017,WW012225SC,2025-01-22 15:45:00+00:00,9.0,25.0,2.94,3.18,3.06,1.49,14.95,5.58,12.35,250.0,0.0,0.0,100.0,0.0,2025-01-22,2025-01-20,2025,1
HAB_SCW,36.958,-122.017,WW012925SC,2025-01-29 15:45:00+00:00,10.7,25.0,1.19,1.26,1.23,1.26,11.82,9.82,12.35,250.0,0.0,0.0,150.0,0.0,2025-01-29,2025-01-27,2025,1
HAB_SCW,36.958,-122.017,WW020525SC,2025-02-05 15:45:00+00:00,10.6,25.0,1.95,2.14,2.05,0.54,12.0,3.7,9.64,250.0,0.000666,0.0,240.0,0.0,2025-02-05,2025-02-03,2025,2
HAB_SCW,36.958,-122.017,WW021225SC,2025-02-12 16:00:00+00:00,11.5,25.0,1.88,2.27,2.07,0.83,4.27,9.24,0.08,250.0,0.027448,0.0,0.0,0.0,2025-02-12,2025-02-10,2025,2
HAB_SCW,36.958,-122.017,WW021925SC,2025-02-19 15:45:00+00:00,11.8,25.0,1.08,1.05,1.06,0.37,17.77,3.35,7.35,250.0,0.0,0.0,0.0,0.0,2025-02-19,2025-02-17,2025,2
HAB_SCW,36.958,-122.017,WW022625SC,2025-02-26 15:45:00+00:00,12.3,25.0,1.87,1.89,1.88,0.42,13.89,1.75,9.64,250.0,0.0,0.0,0.0,0.0,2025-02-26,2025-02-24,2025,2
HAB_SCW,36.958,-122.017,WW030525SC,2025-03-05 16:00:00+00:00,11.8,25.0,1.1,1.06,1.08,0.87,23.04,2.3,18.7,250.0,0.0,0.0,0.0,0.0,2025-03-05,2025-03-03,2025,3
HAB_SCW,36.958,-122.017,WW031225SC,2025-03-12 15:30:00+00:00,11.9,25.0,6.93,6.94,6.94,0.86,9.22,8.58,6.58,250.0,0.002081,20.0,10.0,200.0,2025-03-12,2025-03-10,2025,3
HAB_SCW,36.958,-122.017,WW031925SC,2025-03-19 15:15:00+00:00,12.0,25.0,2.59,2.41,2.5,0.41,7.05,2.75,5.58,250.0,0.028227,0.0,20.0,5250.0,2025-03-19,2025-03-17,2025,3
HAB_SCW,36.958,-122.017,WW032625SC,2025-03-26 14:45:00+00:00,12.5,25.0,4.19,3.47,3.83,0.82,3.77,10.29,3.7,250.0,0.485628,20.0,230.0,56100.0,2025-03-26,2025-03-24,2025,3
HAB_SCW,36.958,-122.017,WW040225SC,2025-04-02 17:30:00+00:00,13.0,25.0,2.46,2.35,2.41,0.32,8.51,2.77,5.27,250.0,0.151884,60.0,120.0,3250.0,2025-04-02,2025-03-31,2025,4
HAB_SCW,36.958,-122.017,WW040925SC,2025-04-09 16:40:00+00:00,13.7,25.0,3.61,2.0,2.81,0.64,5.77,3.55,2.49,250.0,0.279264,10.0,70.0,37000.0,2025-04-09,2025-04-07,2025,4
HAB_SCW,36.958,-122.017,WW041625SC,2025-04-16 15:30:00+00:00,12.2,25.0,14.46,12.4,13.43,1.18,21.51,1.29,3.17,250.0,0.289188,370.0,290.0,48100.0,2025-04-16,2025-04-14,2025,4
HAB_SCW,36.958,-122.017,WW042325SC,2025-04-23 15:30:00+00:00,12.7,25.0,3.7,3.92,3.81,2.89,9.68,7.37,3.89,250.0,0.667954,10.0,160.0,2300.0,2025-04-23,2025-04-21,2025,4
HAB_SCW,36.958,-122.017,WW043025SC,2025-04-30 15:30:00+00:00,13.4,25.0,7.18,7.1,7.14,0.4,4.52,,1.1,250.0,0.123699,90.0,400.0,0.0,2025-04-30,2025-04-28,2025,4
HAB_SCW,36.958,-122.017,WW050725SC,2025-05-07 15:45:00+00:00,13.6,25.0,3.28,3.63,3.46,2.74,14.95,7.22,9.28,250.0,0.0,40.0,0.0,0.0,2025-05-07,2025-05-05,2025,5
HAB_SCW,36.958,-122.017,WW051425SC,2025-05-14 15:30:00+00:00,13.3,25.0,,,,1.65,15.56,4.25,6.48,250.0,0.046105,2440.0,3700.0,10450.0,2025-05-14,2025-05-12,2025,5
HAB_SCW,36.958,-122.017,WW052125SC,2025-05-21 16:00:00+00:00,14.1,25.0,3.93,4.98,4.46,0.69,9.04,1.92,4.45,250.0,1.140381,1440.0,1075.0,149600.0,2025-05-21,2025-05-19,2025,5
HAB_SCW,36.958,-122.017,WW052825SC,2025-05-28 15:00:00+00:00,13.7,25.0,4.03,4.22,4.13,0.65,14.17,1.85,5.08,250.0,0.142044,2860.0,2325.0,47800.0,2025-05-28,2025-05-26,2025,5
HAB_SCW,36.958,-122.017,WW060425SC,2025-06-04 15:20:00+00:00,13.5,25.0,6.28,5.76,6.02,1.12,21.01,4.2,6.66,250.0,0.0,90.0,2125.0,0.0,2025-06-04,2025-06-02,2025,6
HAB_SCW,36.958,-122.017,WW061125SC,2025-06-11 15:30:00+00:00,15.3,25.0,2.59,2.71,2.65,0.47,5.63,2.05,2.56,250.0,0.0,340.0,2600.0,0.0,2025-06-11,2025-06-09,2025,6
HAB_SCW,36.958,-122.017,WW061825SC,2025-06-18 17:50:00+00:00,15.0,25.0,8.14,6.72,7.43,0.77,14.7,1.47,4.98,250.0,0.018755,400.0,3600.0,0.0,2025-06-18,2025-06-16,2025,6
HAB_SCW,36.958,-122.017,WW062525SC,2025-06-25 16:00:00+00:00,13.7,25.0,7.42,8.63,8.02,0.84,22.5,4.71,4.78,250.0,0.00797,760.0,5325.0,1450.0,2025-06-25,2025-06-23,2025,6
HAB_SCW,36.958,-122.017,WW070225SC,2025-07-02 15:45:00+00:00,13.1,25.0,2.42,2.04,2.23,2.02,28.84,5.4,9.14,250.0,0.005441,100.0,3325.0,500.0,2025-07-02,2025-06-30,2025,7
HAB_SCW,36.958,-122.017,WW070925SC,2025-07-09 15:45:00+00:00,13.5,25.0,3.43,2.88,3.16,1.87,24.99,4.82,9.14,250.0,0.0,0.0,250.0,0.0,2025-07-09,2025-07-07,2025,7
HAB_SCW,36.958,-122.017,WW071625SC,2025-07-16 16:00:00+00:00,14.9,25.0,4.06,4.35,4.21,0.78,17.05,1.95,1.33,250.0,1.794231,4530.0,2225.0,0.0,2025-07-16,2025-07-14,2025,7
HAB_SCW,36.958,-122.017,WW072325SC,2025-07-23 16:00:00+00:00,15.2,25.0,2.34,2.31,2.32,0.97,7.73,2.9,3.39,250.0,0.279813,1310.0,6025.0,750.0,2025-07-23,2025-07-21,2025,7
HAB_SCW,36.958,-122.017,WW073025SC,2025-07-30 16:00:00+00:00,17.2,25.0,2.47,3.14,2.81,0.7,8.69,4.16,0.8,250.0,0.010429,30.0,22450.0,0.0,2025-07-30,2025-07-28,2025,7
HAB_SCW,36.958,-122.017,WW080625SC,2025-08-06 16:00:00+00:00,15.9,25.0,13.79,14.77,14.28,0.22,9.76,0.67,0.3,250.0,0.016471,680.0,,0.0,2025-08-06,2025-08-04,2025,8
HAB_SCW,36.958,-122.017,WW081325SC,2025-08-13 15:45:00+00:00,15.7,25.0,9.93,8.21,9.07,0.1,4.74,0.67,1.09,250.0,0.719914,1650.0,9600.0,5100.0,2025-08-13,2025-08-11,2025,8
HAB_SCW,36.958,-122.017,WW082025SC,2025-08-20 15:30:00+00:00,17.1,25.0,5.39,5.58,5.48,0.07,2.19,2.11,0.56,250.0,0.314688,540.0,5800.0,0.0,2025-08-20,2025-08-18,2025,8
HAB_SCW,36.958,-122.017,WW082725SC,2025-08-27 16:00:00+00:00,15.4,25.0,5.94,5.46,5.7,1.6,13.39,6.12,5.79,250.0,0.18004,830.0,1925.0,0.0,2025-08-27,2025-08-25,2025,8
HAB_SCW,36.958,-122.017,WW090325SC,2025-09-03 15:30:00+00:00,16.8,25.0,5.06,4.89,4.98,0.1,3.81,1.03,0.46,250.0,0.0,30.0,1825.0,0.0,2025-09-03,2025-09-01,2025,9
HAB_SCW,36.958,-122.017,WW091025SC,2025-09-10 15:15:00+00:00,16.2,25.0,8.96,10.6,9.78,1.62,11.39,6.13,2.98,250.0,0.0,0.0,4500.0,0.0,2025-09-10,2025-09-08,2025,9
HAB_SCW,36.958,-122.017,WW091725SC,2025-09-17 16:00:00+00:00,17.1,25.0,9.44,9.93,9.69,0.69,8.9,2.84,0.79,250.0,0.0,950.0,1950.0,0.0,2025-09-17,2025-09-15,2025,9
HAB_SCW,36.958,-122.017,WW092425SC,2025-09-24 15:30:00+00:00,16.8,25.0,12.07,8.79,10.43,1.48,16.56,3.34,1.33,250.0,0.0,1760.0,350.0,0.0,2025-09-24,2025-09-22,2025,9
HAB_SCW,36.958,-122.017,WW100125SC,2025-10-01 16:00:00+00:00,17.3,25.0,10.76,10.19,10.48,0.87,7.73,2.98,1.14,250.0,0.0,740.0,2375.0,0.0,2025-10-01,2025-09-29,2025,10
HAB_SCW,36.958,-122.017,WW100825SC,2025-10-08 15:30:00+00:00,17.2,25.0,1.46,1.37,1.41,0.34,4.98,1.73,0.6,250.0,0.0,10.0,125.0,0.0,2025-10-08,2025-10-06,2025,10
HAB_SCW,36.958,-122.017,WW101525SC,2025-10-15 15:30:00+00:00,15.7,25.0,3.09,2.57,2.83,0.67,10.0,4.24,1.76,250.0,0.071,70.0,550.0,0.0,2025-10-15,2025-10-13,2025,10
HAB_SCW,36.958,-122.017,WW102225SC,2025-10-22 15:30:00+00:00,15.2,25.0,3.08,2.32,2.7,1.22,12.5,4.18,6.82,250.0,0.0014,0.0,100.0,0.0,2025-10-22,2025-10-20,2025,10
HAB_SCW,36.958,-122.017,WW102925SC,2025-10-29 15:30:00+00:00,14.7,25.0,1.46,1.4,1.43,2.38,14.6,,8.42,250.0,0.0022,0.0,40.0,0.0,2025-10-29,2025-10-27,2025,10
HAB_SCW,36.958,-122.017,WW110525SC,2025-11-05 16:00:00+00:00,14.7,25.0,2.51,2.67,2.59,1.47,10.72,,4.99,250.0,0.000596,0.0,140.0,400.0,2025-11-05,2025-11-03,2025,11
HAB_SCW,36.958,-122.017,WW111225SC,2025-11-12 16:00:00+00:00,14.5,25.0,5.01,5.49,5.25,1.91,18.84,,6.88,250.0,0.000638,180.0,11775.0,0.0,2025-11-12,2025-11-10,2025,11
HAB_SCW,36.958,-122.017,WW111925SC,2025-11-19 16:30:00+00:00,13.9,25.0,1.21,1.07,1.14,,,,,250.0,0.000893,10.0,40.0,0.0,2025-11-19,2025-11-17,2025,11
HAB_SCW,36.958,-122.017,WW112625SC,2025-11-26 16:30:00+00:00,13.5,25.0,1.53,1.2,1.37,,,,,250.0,0.0,0.0,30.0,0.0,2025-11-26,2025-11-24,2025,11
HAB_SCW,36.958,-122.017,WW120325SC,2025-12-03 16:00:00+00:00,13.4,25.0,1.18,0.7,0.94,,,,,250.0,0.0,13.0,13.0,0.0,2025-12-03,2025-12-01,2025,12
HAB_SCW,36.958,-122.017,WW121025SC,2025-12-10 16:30:00+00:00,13.3,25.0,1.11,0.88,0.99,,,,,250.0,0.001176,0.0,0.0,1250.0,2025-12-10,2025-12-08,2025,12
HAB_SCW,36.958,-122.017,WW121725SC,2025-12-17 16:30:00+00:00,14.3,25.0,2.05,1.55,1.8,,,,,250.0,0.000786,0.0,10.0,1200.0,2025-12-17,2025-12-15,2025,12
HAB_SCW,36.958,-122.017,WW010726SC,2026-01-07 17:00:00+00:00,13.9,25.0,0.87,0.86,0.87,,,,,250.0,0.0,0.0,0.0,0.0,2026-01-07,2026-01-05,2026,1
HAB_SCW,36.958,-122.017,WW011426SC,2026-01-14 16:45:00+00:00,13.8,25.0,1.15,1.02,1.08,,,,,250.0,0.0,0.0,0.0,0.0,2026-01-14,2026-01-12,2026,1
HAB_SCW,36.958,-122.017,WW012126SC,2026-01-21 16:30:00+00:00,13.9,25.0,1.91,2.01,1.96,,,,,250.0,0.044253,0.0,0.0,9100.0,2026-01-21,2026-01-19,2026,1
HAB_SCW,36.958,-122.017,WW012826SC,2026-01-28 16:30:00+00:00,14.0,25.0,1.33,1.54,1.44,,,,,250.0,0.174212,20.0,20.0,10750.0,2026-01-28,2026-01-26,2026,1
HAB_SCW,36.958,-122.017,WW020426SC,2026-02-04 16:00:00+00:00,14.0,25.0,1.21,1.29,1.25,,,,,250.0,0.057318,0.0,30.0,7850.0,2026-02-04,2026-02-02,2026,2
HAB_SCW,36.958,-122.017,WW021126SC,2026-02-11 16:30:00+00:00,13.9,25.0,1.89,2.0,1.95,,,,,250.0,0.018686,50.0,0.0,2050.0,2026-02-11,2026-02-09,2026,2
HAB_SCW,36.958,-122.017,WW021826SC,2026-02-18 16:30:00+00:00,13.3,25.0,1.45,1.45,1.45,,,,,250.0,0.0,0.0,0.0,0.0,2026-02-18,2026-02-16,2026,2
HAB_SCW,36.958,-122.017,WW022526SC,2026-02-25 16:30:00+00:00,14.1,25.0,2.74,5.21,3.97,,,,,250.0,0.0,0.0,300.0,0.0,2026-02-25,2026-02-23,2026,2
HAB_SCW,36.958,-122.017,WW030426SC,2026-03-04 16:30:00+00:00,14.3,25.0,2.32,2.45,2.38,,,,,250.0,0.011836,10.0,80.0,1850.0,2026-03-04,2026-03-02,2026,3
HAB_SCW,36.958,-122.017,WW031126SC,2026-03-11 15:30:00+00:00,13.9,25.0,4.54,4.51,4.53,,,,,250.0,0.68544,850.0,1340.0,36700.0,2026-03-11,2026-03-09,2026,3
HAB_SCW,36.958,-122.017,WW031826SC,2026-03-18 16:00:00+00:00,14.0,25.0,5.2,5.76,5.48,,,,,250.0,1.066425,453.0,547.0,86050.0,2026-03-18,2026-03-16,2026,3
HAB_SCW,36.958,-122.017,WW032526SC,2026-03-25 16:00:00+00:00,14.9,25.0,0.87,0.8,0.84,,,,,250.0,0.109848,360.0,0.0,5300.0,2026-03-25,2026-03-23,2026,3
