location_code,latitude,longitude,sampleid,time,temp,chl_volume_filtered,avg_chloro,phosphate,nitrite,ammonium,nitrate,da_volume_filtered,pda,akashiwo_sanguinea,alexandrium_spp,dinophysis_spp,lingulodinium_polyedra,prorocentrum_spp,pseudo_nitzschia_delicatissima_group,pseudo_nitzschia_seriata_group,gymnodinium_spp,other_diatoms,other_dinoflagellates,total_phytoplankton,sample_date,week_start,year,month
SMP,34.008,-118.499,438.0,2017-01-02 21:00:00+00:00,15.8,200.0,0.8,0.5,0.4,3.4,4.1,200.0,0.0,0.0,0.0,0.0,0.0,2244.0,0.0,374.0,0.0,2244.0,374.0,5610.0,2017-01-02,2017-01-02,2017,1
SMP,34.008,-118.499,439.0,2017-01-09 21:00:00+00:00,16.5,200.0,0.9,2.3,5.7,6.62,13.2,200.0,0.0,0.0,0.0,0.0,0.0,1496.0,0.0,0.0,0.0,2244.0,374.0,4862.0,2017-01-09,2017-01-09,2017,1
SMP,34.008,-118.499,440.0,2017-01-16 22:00:00+00:00,16.8,200.0,2.8,0.5,7.6,2.75,2.2,200.0,0.0,374.0,0.0,0.0,0.0,748.0,0.0,0.0,0.0,2244.0,374.0,4862.0,2017-01-16,2017-01-16,2017,1
SMP,34.008,-118.499,441.0,2017-01-23 19:00:00+00:00,15.1,200.0,0.9,0.8,6.6,12.1,14.1,200.0,0.0,0.0,0.0,0.0,0.0,748.0,0.0,0.0,374.0,3740.0,1496.0,6358.0,2017-01-23,2017-01-23,2017,1
SMP,34.008,-118.499,442.0,2017-01-30 19:00:00+00:00,15.9,200.0,0.9,0.6,2.3,3.85,4.0,200.0,0.0,0.0,374.0,0.0,0.0,374.0,748.0,0.0,374.0,1122.0,1496.0,4488.0,2017-01-30,2017-01-30,2017,1
SMP,34.008,-118.499,443.0,2017-02-06 19:00:00+00:00,15.1,200.0,3.1,0.2,2.8,2.69,4.1,200.0,0.0,0.0,0.0,0.0,0.0,2992.0,374.0,0.0,374.0,17952.0,6358.0,28424.0,2017-02-06,2017-02-06,2017,2
SMP,34.008,-118.499,444.0,2017-02-13 21:00:00+00:00,17.0,200.0,0.8,0.5,28.7,14.9,,200.0,0.0,0.0,0.0,0.0,0.0,6358.0,1496.0,0.0,0.0,6358.0,2244.0,16456.0,2017-02-13,2017-02-13,2017,2
SMP,34.008,-118.499,445.0,2017-02-20 21:00:00+00:00,16.9,200.0,0.9,0.4,3.0,1.07,1.6,200.0,0.0,0.0,0.0,0.0,0.0,1496.0,0.0,1122.0,0.0,4488.0,1870.0,11220.0,2017-02-20,2017-02-20,2017,2
SMP,34.008,-118.499,446.0,2017-02-27 23:00:00+00:00,15.1,200.0,0.7,0.7,4.8,3.24,4.3,200.0,0.0,0.0,0.0,0.0,0.0,374.0,748.0,0.0,0.0,3740.0,374.0,5236.0,2017-02-27,2017-02-27,2017,2
SMP,34.008,-118.499,447.0,2017-03-07 01:00:00+00:00,14.8,200.0,1.6,0.9,7.3,5.13,10.6,200.0,0.0,0.0,0.0,0.0,0.0,374.0,1870.0,3740.0,0.0,87516.0,374.0,93874.0,2017-03-07,2017-03-06,2017,3
SMP,34.008,-118.499,448.0,2017-03-13 20:00:00+00:00,17.2,200.0,1.3,0.7,4.5,4.56,5.2,200.0,0.0,0.0,0.0,0.0,0.0,1496.0,43010.0,8602.0,0.0,8976.0,748.0,63206.0,2017-03-13,2017-03-13,2017,3
SMP,34.008,-118.499,449.0,2017-03-20 20:00:00+00:00,18.9,200.0,1.4,0.5,2.6,3.28,1.7,200.0,0.07,0.0,0.0,748.0,0.0,21692.0,1496.0,0.0,0.0,3740.0,6358.0,34034.0,2017-03-20,2017-03-20,2017,3
SMP,34.008,-118.499,450.0,2017-03-27 20:00:00+00:00,15.0,200.0,10.6,0.6,2.7,2.71,6.0,200.0,2.99,0.0,0.0,0.0,0.0,7854.0,2992.0,179520.0,748.0,17952.0,1496.0,210562.0,2017-03-27,2017-03-27,2017,3
SMP,34.008,-118.499,451.0,2017-04-03 20:00:00+00:00,16.8,200.0,2.1,0.5,3.5,2.39,0.0,200.0,3.07,0.0,0.0,1122.0,0.0,33286.0,2992.0,99484.0,0.0,8602.0,1496.0,147730.0,2017-04-03,2017-04-03,2017,4
SMP,34.008,-118.499,452.0,2017-04-10 20:00:00+00:00,16.7,200.0,4.2,0.6,9.7,3.5,3.4,200.0,10.8,0.0,0.0,374.0,0.0,77044.0,0.0,414766.0,0.0,8228.0,1870.0,503404.0,2017-04-10,2017-04-10,2017,4
SMP,34.008,-118.499,453.0,2017-04-17 20:00:00+00:00,18.5,200.0,18.2,0.3,0.8,1.62,1.8,200.0,0.0,4857.75,0.0,0.0,0.0,913257.0,0.0,0.0,0.0,0.0,19431.0,937546.0,2017-04-17,2017-04-17,2017,4
SMP,34.008,-118.499,454.0,2017-04-24 20:00:00+00:00,19.8,200.0,4.2,0.3,0.1,2.0,6.8,200.0,0.0,0.0,0.0,0.0,0.0,1253300.0,0.0,0.0,0.0,14573.0,24289.0,1297019.0,2017-04-24,2017-04-24,2017,4
SMP,34.008,-118.499,455.0,2017-05-01 18:00:00+00:00,17.0,200.0,3.0,0.6,7.1,4.17,41.8,200.0,14.4,0.0,0.0,0.0,0.0,553784.0,0.0,1637062.0,0.0,0.0,24288.75,2219992.0,2017-05-01,2017-05-01,2017,5
SMP,34.008,-118.499,456.0,2017-05-08 18:00:00+00:00,17.9,200.0,6.3,,,,,200.0,0.16,0.0,0.0,0.0,0.0,115940.0,1496.0,47872.0,0.0,4488.0,748.0,170544.0,2017-05-08,2017-05-08,2017,5
SMP,34.008,-118.499,457.0,2017-05-15 18:00:00+00:00,17.9,200.0,1.5,0.5,6.6,2.7,6.4,200.0,1.98,0.0,0.0,0.0,0.0,8602.0,1870.0,112200.0,0.0,5610.0,2618.0,130900.0,2017-05-15,2017-05-15,2017,5
SMP,34.008,-118.499,458.0,2017-05-22 16:00:00+00:00,18.9,200.0,0.3,0.6,0.1,6.3,2.9,200.0,0.05,0.0,0.0,0.0,0.0,13838.0,748.0,10472.0,0.0,1870.0,2618.0,29546.0,2017-05-22,2017-05-22,2017,5
SMP,34.008,-118.499,459.0,2017-05-29 17:00:00+00:00,18.0,200.0,3.6,0.6,0.1,1.9,10.2,200.0,0.05,0.0,0.0,0.0,0.0,42636.0,8976.0,14586.0,1.0,207196.0,15334.0,288729.0,2017-05-29,2017-05-29,2017,5
SMP,34.008,-118.499,460.0,2017-06-05 20:00:00+00:00,20.0,200.0,3.2,0.1,0.1,0.1,1.1,200.0,0.0,748.0,748.0,374.0,748.0,50116.0,0.0,374.0,0.0,14586.0,1496.0,71434.0,2017-06-05,2017-06-05,2017,6
SMP,34.008,-118.499,461.0,2017-06-12 18:00:00+00:00,19.1,200.0,3.4,0.4,0.1,2.2,1.1,200.0,0.0,0.0,374.0,0.0,0.0,6358.0,374.0,4862.0,1122.0,49368.0,3740.0,66199.0,2017-06-12,2017-06-12,2017,6
SMP,34.008,-118.499,462.0,2017-06-19 17:00:00+00:00,20.3,200.0,2.4,0.2,0.1,1.2,9.4,200.0,0.0,0.0,374.0,0.0,0.0,28424.0,374.0,0.0,0.0,20196.0,1870.0,51238.0,2017-06-19,2017-06-19,2017,6
SMP,34.008,-118.499,463.0,2017-06-26 18:00:00+00:00,21.0,200.0,1.2,0.4,0.0,2.2,7.2,200.0,0.0,374.0,0.0,0.0,0.0,4488.0,374.0,1496.0,0.0,7106.0,748.0,14586.0,2017-06-26,2017-06-26,2017,6
SMP,34.008,-118.499,464.0,2017-07-03 18:00:00+00:00,21.8,200.0,2.4,0.3,0.1,0.6,6.7,200.0,0.0,0.0,0.0,0.0,0.0,10472.0,374.0,748.0,0.0,1870.0,0.0,14212.0,2017-07-03,2017-07-03,2017,7
SMP,34.008,-118.499,465.0,2017-07-10 17:00:00+00:00,23.0,200.0,5.3,0.2,0.1,0.5,2.1,200.0,0.0,0.0,0.0,0.0,0.0,10098.0,1870.0,748.0,0.0,7854.0,3740.0,24684.0,2017-07-10,2017-07-10,2017,7
SMP,34.008,-118.499,466.0,2017-07-17 17:00:00+00:00,23.2,200.0,1.4,0.4,0.2,1.0,2.5,200.0,0.0,0.0,0.0,0.0,3740.0,2618.0,0.0,1496.0,0.0,2992.0,4488.0,15334.0,2017-07-17,2017-07-17,2017,7
SMP,34.008,-118.499,467.0,2017-07-24 17:00:00+00:00,24.0,200.0,1.6,0.1,0.0,0.1,0.0,200.0,0.0,374.0,0.0,0.0,9724.0,9350.0,0.0,0.0,374.0,5236.0,2618.0,27676.0,2017-07-24,2017-07-24,2017,7
SMP,34.008,-118.499,468.0,2017-07-31 17:00:00+00:00,24.0,200.0,1.5,0.3,0.1,1.1,0.2,200.0,0.0,0.0,0.0,374.0,8228.0,2618.0,748.0,374.0,748.0,3740.0,2992.0,25432.0,2017-07-31,2017-07-31,2017,7
SMP,34.008,-118.499,469.0,2017-08-07 17:00:00+00:00,24.8,200.0,2.1,0.5,0.1,1.8,0.4,200.0,0.0,0.0,0.0,0.0,4114.0,4488.0,0.0,0.0,0.0,748.0,748.0,10098.0,2017-08-07,2017-08-07,2017,8
SMP,34.008,-118.499,470.0,2017-08-14 17:00:00+00:00,23.7,200.0,1.4,0.4,0.1,1.4,0.4,200.0,0.0,0.0,0.0,0.0,2244.0,4862.0,2244.0,0.0,0.0,4862.0,2244.0,16456.0,2017-08-14,2017-08-14,2017,8
SMP,34.008,-118.499,471.0,2017-08-21 17:00:00+00:00,24.0,200.0,0.2,0.2,0.1,2.6,0.7,200.0,0.0,0.0,0.0,0.0,0.0,3366.0,748.0,0.0,0.0,2992.0,1122.0,8228.0,2017-08-21,2017-08-21,2017,8
SMP,34.008,-118.499,472.0,2017-08-28 21:00:00+00:00,23.8,200.0,0.4,0.3,0.2,2.3,1.0,200.0,0.0,0.0,0.0,0.0,1870.0,748.0,0.0,0.0,0.0,2244.0,1122.0,5984.0,2017-08-28,2017-08-28,2017,8
SMP,34.008,-118.499,473.0,2017-09-04 21:00:00+00:00,25.1,200.0,1.9,0.5,0.2,3.2,0.8,200.0,0.0,0.0,0.0,0.0,1870.0,1122.0,748.0,0.0,0.0,4862.0,748.0,9350.0,2017-09-04,2017-09-04,2017,9
SMP,34.008,-118.499,474.0,2017-09-11 18:00:00+00:00,23.5,200.0,0.0,0.5,0.1,3.5,0.4,200.0,0.0,0.0,0.0,0.0,748.0,0.0,374.0,0.0,0.0,11968.0,374.0,13838.0,2017-09-11,2017-09-11,2017,9
SMP,34.008,-118.499,475.0,2017-09-18 18:00:00+00:00,21.5,200.0,1.3,0.3,0.1,0.6,0.2,200.0,0.0,0.0,0.0,0.0,40392.0,2618.0,0.0,0.0,0.0,17952.0,748.0,61710.0,2017-09-18,2017-09-18,2017,9
SMP,34.008,-118.499,476.0,2017-09-25 18:00:00+00:00,21.4,200.0,1.1,0.6,0.1,1.7,0.3,200.0,0.0,0.0,0.0,0.0,26928.0,16830.0,0.0,0.0,0.0,0.0,1496.0,45628.0,2017-09-25,2017-09-25,2017,9
SMP,34.008,-118.499,477.0,2017-10-02 18:00:00+00:00,22.4,200.0,0.1,0.6,0.1,4.7,0.6,200.0,0.0,0.0,0.0,0.0,22066.0,748.0,0.0,0.0,0.0,748.0,748.0,24310.0,2017-10-02,2017-10-02,2017,10
SMP,34.008,-118.499,478.0,2017-10-09 18:00:00+00:00,21.3,200.0,7.2,0.3,0.0,0.5,0.1,200.0,0.0,0.0,0.0,0.0,453288.0,2992.0,0.0,0.0,0.0,0.0,1496.0,458524.0,2017-10-09,2017-10-09,2017,10
SMP,34.008,-118.499,479.0,2017-10-16 18:00:00+00:00,21.3,200.0,1.5,0.3,0.1,1.6,0.1,200.0,0.0,0.0,0.0,0.0,58718.0,374.0,0.0,0.0,0.0,374.0,374.0,59840.0,2017-10-16,2017-10-16,2017,10
SMP,34.008,-118.499,480.0,2017-10-23 18:00:00+00:00,21.1,200.0,1.2,0.5,0.1,2.8,0.1,200.0,0.0,0.0,0.0,0.0,63580.0,1496.0,0.0,0.0,0.0,0.0,374.0,65450.0,2017-10-23,2017-10-23,2017,10
SMP,34.008,-118.499,481.0,2017-10-30 18:00:00+00:00,20.1,200.0,0.3,0.3,0.1,2.9,0.2,200.0,0.0,0.0,0.0,0.0,6358.0,6732.0,0.0,374.0,0.0,6358.0,3740.0,23562.0,2017-10-30,2017-10-30,2017,10
SMP,34.008,-118.499,482.0,2017-11-06 18:00:00+00:00,20.1,200.0,0.9,0.4,0.2,3.2,0.3,200.0,0.0,0.0,0.0,0.0,2244.0,10846.0,0.0,1496.0,0.0,12342.0,1496.0,31416.0,2017-11-06,2017-11-06,2017,11
SMP,34.008,-118.499,483.0,2017-11-13 19:00:00+00:00,19.9,200.0,,0.1,0.1,4.9,0.3,200.0,0.0,748.0,0.0,0.0,3740.0,43010.0,2992.0,0.0,0.0,4114.0,2618.0,59092.0,2017-11-13,2017-11-13,2017,11
SMP,34.008,-118.499,484.0,2017-11-20 22:00:00+00:00,17.2,200.0,0.2,0.7,0.1,10.1,0.2,200.0,0.0,0.0,0.0,374.0,374.0,4488.0,2618.0,0.0,0.0,5984.0,1122.0,14960.0,2017-11-20,2017-11-20,2017,11
SMP,34.008,-118.499,485.0,2017-11-27 22:00:00+00:00,17.5,200.0,3.3,0.3,0.1,20.3,0.2,200.0,0.0,0.0,374.0,1122.0,8976.0,27676.0,374.0,0.0,0.0,1122.0,5236.0,87142.0,2017-11-27,2017-11-27,2017,11
SMP,34.008,-118.499,486.0,2017-12-04 22:00:00+00:00,16.5,200.0,2.1,0.6,0.4,39.6,1.1,200.0,0.0,0.0,0.0,0.0,2618.0,19448.0,0.0,0.0,0.0,2992.0,11594.0,36652.0,2017-12-04,2017-12-04,2017,12
SMP,34.008,-118.499,487.0,2017-12-11 22:00:00+00:00,17.2,200.0,0.5,0.3,1.9,39.7,0.6,200.0,0.0,0.0,374.0,0.0,748.0,2992.0,0.0,0.0,374.0,2244.0,748.0,7480.0,2017-12-11,2017-12-11,2017,12
SMP,34.008,-118.499,488.0,2017-12-18 22:00:00+00:00,17.3,200.0,1.0,0.3,1.5,7.8,0.7,200.0,0.0,0.0,374.0,0.0,1122.0,4114.0,0.0,2244.0,374.0,25806.0,1496.0,38522.0,2017-12-18,2017-12-18,2017,12
SMP,34.008,-118.499,489.0,2017-12-25 19:00:00+00:00,16.1,200.0,2.2,0.3,3.5,6.7,0.2,200.0,0.0,0.0,0.0,0.0,5236.0,748.0,0.0,0.0,0.0,1122.0,4114.0,11220.0,2017-12-25,2017-12-25,2017,12
SMP,34.008,-118.499,490.0,2018-01-01 19:00:00+00:00,17.3,200.0,0.1,0.3,3.8,6.4,0.7,200.0,0.0,0.0,0.0,0.0,748.0,748.0,0.0,0.0,374.0,1870.0,748.0,4488.0,2018-01-01,2018-01-01,2018,1
SMP,34.008,-118.499,491.0,2018-01-08 19:00:00+00:00,17.3,200.0,0.1,0.4,4.9,4.7,0.8,200.0,0.0,0.0,0.0,374.0,1496.0,374.0,0.0,0.0,0.0,374.0,4488.0,7106.0,2018-01-08,2018-01-08,2018,1
SMP,34.008,-118.499,492.0,2018-01-15 20:00:00+00:00,16.8,200.0,0.1,0.5,2.2,4.1,0.7,200.0,0.0,0.0,0.0,0.0,1122.0,0.0,0.0,0.0,0.0,2992.0,374.0,4488.0,2018-01-15,2018-01-15,2018,1
SMP,34.008,-118.499,493.0,2018-01-22 18:00:00+00:00,16.2,200.0,0.2,0.5,19.2,7.9,1.4,200.0,0.0,0.0,0.0,374.0,2618.0,1870.0,1496.0,0.0,0.0,5610.0,748.0,12716.0,2018-01-22,2018-01-22,2018,1
SMP,34.008,-118.499,494.0,2018-01-29 18:00:00+00:00,15.4,200.0,0.2,0.5,0.8,2.4,0.8,200.0,0.0,0.0,0.0,0.0,1122.0,0.0,0.0,0.0,0.0,6358.0,374.0,8228.0,2018-01-29,2018-01-29,2018,1
SMP,34.008,-118.499,495.0,2018-02-05 20:00:00+00:00,16.4,200.0,1.6,0.3,5.4,3.9,0.2,200.0,0.0,0.0,0.0,0.0,1870.0,68068.0,1496.0,1870.0,0.0,16456.0,1122.0,91256.0,2018-02-05,2018-02-05,2018,2
SMP,34.008,-118.499,496.0,2018-02-12 18:00:00+00:00,16.1,200.0,0.4,0.3,8.4,4.8,0.5,200.0,0.0,0.0,0.0,0.0,1496.0,20196.0,1122.0,748.0,0.0,19448.0,2618.0,45628.0,2018-02-12,2018-02-12,2018,2
SMP,34.008,-118.499,497.0,2018-02-19 18:00:00+00:00,15.7,200.0,0.2,0.3,2.3,0.4,0.2,200.0,0.0,0.0,0.0,0.0,429.0,15440.0,0.0,0.0,0.0,3431.0,2144.0,21445.0,2018-02-19,2018-02-19,2018,2
SMP,34.008,-118.499,498.0,2018-02-26 20:00:00+00:00,13.7,200.0,0.3,0.5,0.9,0.8,3.6,200.0,0.0,0.0,0.0,0.0,0.0,0.0,2244.0,0.0,0.0,16082.0,374.0,19448.0,2018-02-26,2018-02-26,2018,2
SMP,34.008,-118.499,499.0,2018-03-05 20:00:00+00:00,14.8,200.0,2.0,0.5,2.5,1.4,0.4,200.0,0.0,0.0,0.0,0.0,374.0,1870.0,10846.0,22440.0,0.0,274142.0,1496.0,311168.0,2018-03-05,2018-03-05,2018,3
SMP,34.008,-118.499,500.0,2018-03-12 19:00:00+00:00,15.4,200.0,0.3,0.5,3.9,3.8,0.6,200.0,0.0,0.0,0.0,748.0,748.0,1496.0,0.0,0.0,0.0,10098.0,1870.0,14960.0,2018-03-12,2018-03-12,2018,3
SMP,34.008,-118.499,501.0,2018-03-19 19:00:00+00:00,16.2,200.0,0.1,0.7,1.3,2.9,0.8,200.0,0.0,0.0,0.0,374.0,374.0,0.0,0.0,0.0,0.0,4862.0,0.0,5610.0,2018-03-19,2018-03-19,2018,3
SMP,34.008,-118.499,502.0,2018-03-26 19:00:00+00:00,15.3,200.0,0.1,0.3,4.2,3.6,0.4,200.0,0.0,0.0,0.0,0.0,374.0,748.0,0.0,0.0,0.0,2992.0,1870.0,5984.0,2018-03-26,2018-03-26,2018,3
SMP,34.008,-118.499,503.0,2018-04-02 19:00:00+00:00,15.3,200.0,0.1,0.6,7.2,7.2,0.5,200.0,0.0,0.0,0.0,0.0,748.0,3366.0,0.0,0.0,0.0,1496.0,3366.0,8976.0,2018-04-02,2018-04-02,2018,4
SMP,34.008,-118.499,504.0,2018-04-09 19:00:00+00:00,16.2,200.0,0.2,0.5,9.3,4.7,1.3,200.0,0.0,0.0,0.0,374.0,1496.0,13464.0,0.0,0.0,374.0,748.0,3740.0,22440.0,2018-04-09,2018-04-09,2018,4
SMP,34.008,-118.499,505.0,2018-04-16 19:00:00+00:00,16.2,200.0,0.4,0.5,14.1,4.6,0.9,200.0,0.0,0.0,0.0,0.0,0.0,7854.0,5984.0,29920.0,1496.0,21318.0,7480.0,74426.0,2018-04-16,2018-04-16,2018,4
SMP,34.008,-118.499,506.0,2018-04-23 22:00:00+00:00,16.2,200.0,0.4,0.5,16.9,9.0,0.2,200.0,0.0,0.0,0.0,0.0,0.0,6732.0,3740.0,28050.0,374.0,19822.0,2618.0,61336.0,2018-04-23,2018-04-23,2018,4
SMP,34.008,-118.499,507.0,2018-04-30 22:00:00+00:00,17.0,200.0,0.4,0.3,1.9,1.0,0.1,200.0,0.0,5610.0,0.0,374.0,748.0,62832.0,0.0,1870.0,748.0,8602.0,7480.0,88264.0,2018-04-30,2018-04-30,2018,4
SMP,34.008,-118.499,508.0,2018-05-07 22:00:00+00:00,18.8,200.0,0.1,0.4,3.5,4.1,0.2,200.0,0.0,0.0,374.0,0.0,0.0,1870.0,0.0,2244.0,0.0,2244.0,3366.0,10098.0,2018-05-07,2018-05-07,2018,5
SMP,34.008,-118.499,509.0,2018-05-14 19:00:00+00:00,16.8,200.0,2.1,0.3,6.9,3.7,0.5,200.0,0.0,748.0,0.0,748.0,0.0,2992.0,0.0,7480.0,0.0,416636.0,0.0,428604.0,2018-05-14,2018-05-14,2018,5
SMP,34.008,-118.499,510.0,2018-05-21 22:00:00+00:00,17.1,200.0,,0.2,0.1,0.4,1.2,200.0,0.0,0.0,748.0,0.0,0.0,8976.0,3740.0,4488.0,0.0,204204.0,0.0,225522.0,2018-05-21,2018-05-21,2018,5
SMP,34.008,-118.499,511.0,2018-05-28 22:00:00+00:00,18.8,200.0,0.1,0.5,0.2,4.8,3.3,200.0,0.0,0.0,0.0,0.0,0.0,4488.0,0.0,0.0,0.0,0.0,0.0,4488.0,2018-05-28,2018-05-28,2018,5
SMP,34.008,-118.499,512.0,2018-06-04 18:00:00+00:00,19.2,200.0,3.1,0.2,0.1,0.1,1.1,200.0,0.0,0.0,0.0,0.0,3886.2,256489.0,0.0,0.0,0.0,50520.6,19431.0,330327.0,2018-06-04,2018-06-04,2018,6
SMP,34.008,-118.499,513.0,2018-06-11 22:00:00+00:00,21.7,200.0,0.2,0.3,0.2,3.5,8.1,200.0,0.0,0.0,0.0,0.0,374.0,8976.0,0.0,0.0,0.0,2992.0,1496.0,13838.0,2018-06-11,2018-06-11,2018,6
SMP,34.008,-118.499,514.0,2018-06-18 22:00:00+00:00,20.5,200.0,0.2,0.3,10.7,36.1,11.7,200.0,0.0,0.0,0.0,0.0,1496.0,2618.0,0.0,0.0,0.0,748.0,5984.0,10846.0,2018-06-18,2018-06-18,2018,6
SMP,34.008,-118.499,515.0,2018-06-25 22:00:00+00:00,20.9,200.0,0.1,0.4,0.3,5.1,0.7,200.0,0.0,0.0,0.0,0.0,748.0,748.0,2244.0,0.0,0.0,748.0,2992.0,7480.0,2018-06-25,2018-06-25,2018,6
SMP,34.008,-118.499,516.0,2018-07-02 18:00:00+00:00,21.0,200.0,0.2,0.39,0.87,4.77,1.35,200.0,0.0,0.0,0.0,0.0,4114.0,1870.0,0.0,0.0,0.0,0.0,2244.0,8228.0,2018-07-02,2018-07-02,2018,7
SMP,34.008,-118.499,517.0,2018-07-09 18:00:00+00:00,23.2,200.0,0.1,1.2,7.64,7.86,0.01,200.0,0.0,0.0,0.0,0.0,0.0,374.0,0.0,0.0,0.0,2992.0,374.0,3740.0,2018-07-09,2018-07-09,2018,7
SMP,34.008,-118.499,518.0,2018-07-16 18:00:00+00:00,22.4,200.0,0.1,0.4,5.49,2.49,0.43,200.0,0.0,0.0,0.0,0.0,0.0,374.0,0.0,0.0,0.0,0.0,374.0,748.0,2018-07-16,2018-07-16,2018,7
SMP,34.008,-118.499,519.0,2018-07-23 18:00:00+00:00,23.0,200.0,0.1,0.33,1.75,1.88,0.24,200.0,0.0,0.0,0.0,0.0,0.0,0.0,0.0,0.0,0.0,1496.0,0.0,1496.0,2018-07-23,2018-07-23,2018,7
SMP,34.008,-118.499,520.0,2018-07-30 18:00:00+00:00,23.0,200.0,0.2,0.26,2.02,1.74,0.53,200.0,0.0,0.0,0.0,0.0,0.0,4488.0,0.0,0.0,0.0,13838.0,1496.0,19822.0,2018-07-30,2018-07-30,2018,7
SMP,34.008,-118.499,521.0,2018-08-06 18:00:00+00:00,22.8,200.0,0.2,0.09,1.01,0.01,0.93,200.0,0.0,0.0,0.0,0.0,0.0,374.0,0.0,0.0,0.0,10098.0,374.0,10846.0,2018-08-06,2018-08-06,2018,8
SMP,34.008,-118.499,522.0,2018-08-13 18:00:00+00:00,24.9,200.0,0.1,0.51,6.32,6.0,2.8,200.0,0.0,0.0,0.0,0.0,0.0,748.0,0.0,0.0,0.0,2244.0,0.0,3740.0,2018-08-13,2018-08-13,2018,8
SMP,34.008,-118.499,523.0,2018-08-20 18:00:00+00:00,22.8,200.0,0.1,0.54,0.1,2.58,0.06,200.0,0.0,0.0,0.0,0.0,0.0,0.0,0.0,0.0,0.0,0.0,0.0,374.0,2018-08-20,2018-08-20,2018,8
SMP,34.008,-118.499,524.0,2018-08-27 18:00:00+00:00,22.0,200.0,0.4,0.51,2.72,4.66,2.85,200.0,0.0,0.0,0.0,0.0,0.0,0.0,0.0,0.0,0.0,25058.0,0.0,25806.0,2018-08-27,2018-08-27,2018,8
SMP,34.008,-118.499,525.0,2018-09-03 18:00:00+00:00,22.0,200.0,1.6,0.31,4.89,1.18,0.0,200.0,0.0,0.0,0.0,0.0,0.0,748.0,7480.0,0.0,0.0,283866.0,1496.0,293590.0,2018-09-03,2018-09-03,2018,9
SMP,34.008,-118.499,526.0,2018-09-10 20:00:00+00:00,22.1,200.0,0.6,0.19,3.49,0.9,0.61,200.0,0.0,0.0,0.0,0.0,374.0,0.0,1122.0,0.0,0.0,57596.0,0.0,59092.0,2018-09-10,2018-09-10,2018,9
SMP,34.008,-118.499,527.0,2018-09-17 20:00:00+00:00,22.0,200.0,0.2,0.12,2.8,0.25,0.26,200.0,0.0,1122.0,2244.0,0.0,748.0,8228.0,0.0,0.0,3740.0,4488.0,4488.0,26180.0,2018-09-17,2018-09-17,2018,9
SMP,34.008,-118.499,528.0,2018-09-24 21:00:00+00:00,22.0,200.0,0.1,0.17,1.17,0.47,0.66,200.0,0.0,0.0,0.0,0.0,0.0,4862.0,0.0,0.0,0.0,748.0,748.0,7106.0,2018-09-24,2018-09-24,2018,9
SMP,34.008,-118.499,529.0,2018-10-01 20:00:00+00:00,20.6,200.0,0.4,0.56,1.88,0.89,0.49,200.0,0.0,374.0,374.0,0.0,374.0,2618.0,748.0,1122.0,0.0,34034.0,2992.0,44132.0,2018-10-01,2018-10-01,2018,10
SMP,34.008,-118.499,530.0,2018-10-08 21:00:00+00:00,20.9,200.0,1.4,1.2,2.93,1.73,0.33,200.0,0.0,0.0,0.0,0.0,0.0,4488.0,1870.0,748.0,0.0,121176.0,748.0,129030.0,2018-10-08,2018-10-08,2018,10
SMP,34.008,-118.499,531.0,2018-10-15 20:00:00+00:00,20.0,200.0,0.1,0.73,0.25,3.23,0.11,200.0,0.0,0.0,0.0,0.0,0.0,3366.0,0.0,0.0,0.0,3740.0,2618.0,9724.0,2018-10-15,2018-10-15,2018,10
SMP,34.008,-118.499,532.0,2018-10-22 20:00:00+00:00,19.6,200.0,0.3,0.68,0.45,0.87,0.38,200.0,0.0,0.0,0.0,0.0,374.0,9724.0,0.0,0.0,0.0,4862.0,4862.0,20944.0,2018-10-22,2018-10-22,2018,10
SMP,34.008,-118.499,533.0,2018-10-29 20:00:00+00:00,19.3,200.0,0.4,0.48,0.73,3.99,0.57,200.0,0.0,0.0,0.0,0.0,0.0,2618.0,0.0,0.0,0.0,32912.0,374.0,35904.0,2018-10-29,2018-10-29,2018,10
SMP,34.008,-118.499,534.0,2018-11-05 21:00:00+00:00,20.0,200.0,0.2,0.58,2.31,0.91,0.22,200.0,0.0,0.0,0.0,374.0,748.0,5610.0,748.0,1122.0,374.0,16082.0,2618.0,31416.0,2018-11-05,2018-11-05,2018,11
SMP,34.008,-118.499,535.0,2018-11-12 21:00:00+00:00,20.1,200.0,0.6,0.46,0.36,1.06,0.18,200.0,0.0,0.0,0.0,0.0,0.0,1496.0,1496.0,0.0,0.0,63954.0,748.0,70312.0,2018-11-12,2018-11-12,2018,11
SMP,34.008,-118.499,536.0,2018-11-19 21:00:00+00:00,18.3,200.0,0.1,0.55,0.43,0.37,0.0,200.0,0.0,0.0,0.0,0.0,0.0,2992.0,0.0,0.0,0.0,5236.0,1122.0,13464.0,2018-11-19,2018-11-19,2018,11
SMP,34.008,-118.499,537.0,2018-11-26 21:00:00+00:00,18.7,200.0,1.3,0.64,0.52,0.58,0.34,200.0,0.0,0.0,0.0,374.0,1496.0,2244.0,2244.0,2992.0,0.0,46376.0,1496.0,57596.0,2018-11-26,2018-11-26,2018,11
SMP,34.008,-118.499,538.0,2018-12-03 19:00:00+00:00,15.9,200.0,0.4,0.77,1.01,1.6,1.54,200.0,0.0,0.0,0.0,0.0,0.0,0.0,0.0,5236.0,0.0,25058.0,0.0,30294.0,2018-12-03,2018-12-03,2018,12
SMP,34.008,-118.499,539.0,2018-12-10 19:00:00+00:00,15.6,200.0,0.2,0.65,0.47,0.0,0.51,200.0,0.0,0.0,0.0,374.0,2244.0,1122.0,1496.0,1496.0,0.0,8976.0,748.0,16830.0,2018-12-10,2018-12-10,2018,12
SMP,34.008,-118.499,540.0,2018-12-17 19:00:00+00:00,19.1,200.0,0.1,0.43,0.52,7.82,0.83,200.0,0.0,0.0,0.0,0.0,374.0,374.0,374.0,0.0,0.0,4114.0,374.0,5610.0,2018-12-17,2018-12-17,2018,12
SMP,34.008,-118.499,541.0,2018-12-24 19:00:00+00:00,16.5,200.0,0.2,0.51,0.0,1.46,1.14,200.0,0.0,0.0,0.0,0.0,2618.0,1496.0,0.0,0.0,0.0,8976.0,748.0,13838.0,2018-12-24,2018-12-24,2018,12
SMP,34.008,-118.499,542.0,2018-12-31 21:00:00+00:00,14.8,200.0,0.2,0.47,0.58,1.43,0.36,200.0,0.0,0.0,0.0,0.0,0.0,1122.0,1870.0,2244.0,0.0,40766.0,1496.0,47498.0,2018-12-31,2018-12-31,2018,12
SMP,34.008,-118.499,543.0,2019-01-07 22:00:00+00:00,15.0,200.0,0.2,0.59,0.41,0.87,0.64,200.0,0.0,0.0,0.0,0.0,0.0,0.0,0.0,0.0,0.0,9724.0,1496.0,11594.0,2019-01-07,2019-01-07,2019,1
SMP,34.008,-118.499,544.0,2019-01-14 22:00:00+00:00,14.6,200.0,0.2,0.96,0.72,2.55,2.53,200.0,0.0,0.0,0.0,0.0,0.0,0.0,3366.0,0.0,0.0,20944.0,374.0,24684.0,2019-01-14,2019-01-14,2019,1
SMP,34.008,-118.499,545.0,2019-01-21 21:00:00+00:00,15.7,200.0,0.3,0.76,0.58,3.79,1.66,200.0,0.0,0.0,0.0,0.0,0.0,0.0,0.0,0.0,0.0,16830.0,374.0,18326.0,2019-01-21,2019-01-21,2019,1
SMP,34.008,-118.499,546.0,2019-01-28 21:00:00+00:00,15.5,200.0,1.1,0.62,0.8,1.13,0.49,200.0,0.0,0.0,0.0,0.0,0.0,3740.0,8228.0,6732.0,0.0,89386.0,14212.0,123046.0,2019-01-28,2019-01-28,2019,1
SMP,34.008,-118.499,547.0,2019-02-04 21:00:00+00:00,15.0,200.0,0.5,0.85,0.44,6.78,3.54,200.0,0.0,0.0,0.0,0.0,0.0,0.0,7106.0,0.0,0.0,51238.0,0.0,58344.0,2019-02-04,2019-02-04,2019,2
SMP,34.008,-118.499,548.0,2019-02-11 22:00:00+00:00,14.1,200.0,2.6,0.43,0.19,1.63,1.27,200.0,0.0,748.0,0.0,0.0,0.0,748.0,5984.0,7480.0,0.0,173536.0,4488.0,194106.0,2019-02-11,2019-02-11,2019,2
SMP,34.008,-118.499,549.0,2019-02-18 21:00:00+00:00,13.7,200.0,1.0,0.91,0.96,1.99,3.77,200.0,0.0,0.0,0.0,0.0,0.0,0.0,0.0,0.0,0.0,84898.0,0.0,84898.0,2019-02-18,2019-02-18,2019,2
SMP,34.008,-118.499,550.0,2019-02-25 21:00:00+00:00,14.6,200.0,3.2,0.44,0.28,1.42,0.13,200.0,0.0,0.0,0.0,0.0,0.0,0.0,748.0,17952.0,0.0,428978.0,1496.0,449174.0,2019-02-25,2019-02-25,2019,2
SMP,34.008,-118.499,551.0,2019-03-04 21:00:00+00:00,15.3,200.0,2.6,0.0,0.0,0.0,0.0,200.0,0.0,374.0,0.0,0.0,0.0,0.0,6358.0,6732.0,0.0,316778.0,2618.0,332860.0,2019-03-04,2019-03-04,2019,3
SMP,34.008,-118.499,552.0,2019-03-11 20:00:00+00:00,14.2,200.0,0.3,0.6,0.89,5.1,1.94,200.0,0.0,0.0,374.0,1496.0,374.0,4114.0,1870.0,5236.0,0.0,17204.0,8228.0,38896.0,2019-03-11,2019-03-11,2019,3
SMP,34.008,-118.499,553.0,2019-03-18 20:00:00+00:00,16.0,200.0,2.1,0.46,0.51,2.53,0.18,200.0,0.0,0.0,0.0,0.0,0.0,0.0,0.0,38862.0,0.0,621792.0,0.0,660654.0,2019-03-18,2019-03-18,2019,3
SMP,34.008,-118.499,554.0,2019-03-25 20:00:00+00:00,16.1,200.0,0.4,0.53,0.72,2.31,0.21,200.0,0.0,0.0,0.0,748.0,374.0,4114.0,0.0,3740.0,0.0,52360.0,4862.0,65824.0,2019-03-25,2019-03-25,2019,3
SMP,34.008,-118.499,555.0,2019-04-01 20:00:00+00:00,17.3,200.0,0.6,0.31,0.74,1.16,0.71,200.0,0.0,748.0,0.0,3366.0,1496.0,19074.0,0.0,748.0,1496.0,14960.0,2992.0,65824.0,2019-04-01,2019-04-01,2019,4
SMP,34.008,-118.499,556.0,2019-04-08 20:00:00+00:00,16.8,200.0,0.2,0.48,1.39,0.5,1.06,200.0,0.0,0.0,374.0,748.0,0.0,0.0,0.0,0.0,0.0,3740.0,2992.0,26554.0,2019-04-08,2019-04-08,2019,4
SMP,34.008,-118.499,557.0,2019-04-15 20:00:00+00:00,15.5,200.0,0.3,0.55,1.09,0.57,4.39,200.0,0.0,748.0,748.0,374.0,748.0,5610.0,6358.0,6358.0,748.0,9724.0,8976.0,43384.0,2019-04-15,2019-04-15,2019,4
SMP,34.008,-118.499,558.0,2019-04-22 20:00:00+00:00,16.6,200.0,0.7,0.51,0.0,0.23,3.14,200.0,0.0,2244.0,1122.0,1122.0,0.0,0.0,11968.0,11968.0,0.0,22440.0,6732.0,59092.0,2019-04-22,2019-04-22,2019,4
SMP,34.008,-118.499,559.0,2019-04-29 20:00:00+00:00,17.0,200.0,0.4,0.51,0.0,0.0,4.41,200.0,0.12,13464.0,748.0,4114.0,748.0,0.0,374.0,374.0,748.0,2244.0,7854.0,69564.0,2019-04-29,2019-04-29,2019,4
SMP,34.008,-118.499,560.0,2019-05-06 20:00:00+00:00,18.2,200.0,0.4,0.44,0.13,0.0,1.15,200.0,0.0,0.0,0.0,374.0,1870.0,24684.0,0.0,0.0,0.0,5236.0,5236.0,37400.0,2019-05-06,2019-05-06,2019,5
SMP,34.008,-118.499,561.0,2019-05-13 17:00:00+00:00,,200.0,,0.61,2.72,0.45,3.26,200.0,0.0,,,,,,,,,,,,2019-05-13,2019-05-13,2019,5
SMP,34.008,-118.499,562.0,2019-05-20 17:00:00+00:00,16.2,200.0,0.2,0.42,0.0,0.0,0.0,200.0,0.0,374.0,0.0,0.0,1122.0,1496.0,5236.0,1122.0,0.0,11594.0,2618.0,24310.0,2019-05-20,2019-05-20,2019,5
SMP,34.008,-118.499,563.0,2019-05-27 17:00:00+00:00,17.6,200.0,4.7,0.55,0.14,0.0,0.9,200.0,0.0,0.0,0.0,3886.0,50521.0,178765.0,0.0,0.0,0.0,7772.0,3886.0,244831.0,2019-05-27,2019-05-27,2019,5
SMP,34.008,-118.499,564.0,2019-06-03 17:00:00+00:00,16.0,200.0,0.8,0.44,0.0,0.36,1.46,200.0,0.0,748.0,0.0,374.0,2244.0,16082.0,29172.0,28050.0,748.0,18700.0,6358.0,104446.0,2019-06-03,2019-06-03,2019,6
SMP,34.008,-118.499,565.0,2019-06-10 17:00:00+00:00,18.6,200.0,0.9,0.38,1.92,1.01,0.7,200.0,0.0,0.0,0.0,0.0,8976.0,91256.0,0.0,1496.0,748.0,2244.0,1496.0,106216.0,2019-06-10,2019-06-10,2019,6
SMP,34.008,-118.499,566.0,2019-06-17 17:00:00+00:00,17.6,200.0,7.2,0.31,0.33,0.0,0.13,200.0,0.0,0.0,0.0,0.0,265563.0,738378.0,0.0,0.0,0.0,12960.0,103626.0,1120527.0,2019-06-17,2019-06-17,2019,6
SMP,34.008,-118.499,567.0,2019-06-24 17:00:00+00:00,18.4,200.0,0.1,0.42,0.06,0.85,0.28,200.0,0.0,0.0,0.0,0.0,6358.0,3366.0,0.0,0.0,0.0,374.0,3740.0,13838.0,2019-06-24,2019-06-24,2019,6
SMP,34.008,-118.499,568.0,2019-07-01 17:00:00+00:00,21.2,200.0,0.4,0.73,3.25,4.26,0.37,200.0,0.0,0.0,0.0,0.0,7106.0,4488.0,0.0,0.0,0.0,5984.0,4488.0,22066.0,2019-07-01,2019-07-01,2019,7
SMP,34.008,-118.499,569.0,2019-07-08 17:00:00+00:00,20.2,200.0,2.2,0.41,3.45,0.04,0.73,200.0,0.0,0.0,0.0,0.0,117062.0,64328.0,1496.0,0.0,1870.0,17952.0,11594.0,214302.0,2019-07-08,2019-07-08,2019,7
SMP,34.008,-118.499,570.0,2019-07-15 17:00:00+00:00,21.2,200.0,0.3,0.35,0.07,1.6,0.71,200.0,0.0,0.0,0.0,0.0,2244.0,24684.0,748.0,0.0,748.0,11968.0,11594.0,52734.0,2019-07-15,2019-07-15,2019,7
SMP,34.008,-118.499,571.0,2019-07-22 17:00:00+00:00,22.1,200.0,0.7,0.19,0.21,1.41,0.24,200.0,0.0,0.0,0.0,0.0,0.0,1870.0,42636.0,2244.0,0.0,12716.0,1870.0,61710.0,2019-07-22,2019-07-22,2019,7
SMP,34.008,-118.499,572.0,2019-07-29 17:00:00+00:00,21.8,200.0,6.0,0.16,0.82,0.88,0.54,200.0,0.0,0.0,0.0,0.0,0.0,6471.0,103626.0,0.0,0.0,2040255.0,12953.0,2163304.0,2019-07-29,2019-07-29,2019,7
SMP,34.008,-118.499,573.0,2019-08-05 18:00:00+00:00,20.8,200.0,1.8,0.17,0.35,1.48,0.29,200.0,0.0,374.0,0.0,0.0,14586.0,2618.0,1122.0,0.0,374.0,61336.0,2618.0,84524.0,2019-08-05,2019-08-05,2019,8
SMP,34.008,-118.499,574.0,2019-08-12 20:00:00+00:00,20.1,200.0,0.2,0.26,1.23,1.7,0.31,200.0,0.0,0.0,0.0,0.0,2992.0,1496.0,1496.0,0.0,374.0,6358.0,1122.0,13838.0,2019-08-12,2019-08-12,2019,8
SMP,34.008,-118.499,575.0,2019-08-19 15:00:00+00:00,20.8,200.0,3.6,0.16,1.39,0.77,0.67,200.0,0.0,0.0,0.0,0.0,25806.0,19074.0,0.0,0.0,2992.0,15708.0,9350.0,74052.0,2019-08-19,2019-08-19,2019,8
SMP,34.008,-118.499,576.0,2019-08-26 17:00:00+00:00,23.3,200.0,2.0,0.21,1.23,1.47,0.31,200.0,0.0,0.0,0.0,0.0,1122.0,4114.0,748.0,0.0,0.0,75548.0,748.0,83776.0,2019-08-26,2019-08-26,2019,8
SMP,34.008,-118.499,577.0,2019-09-02 17:00:00+00:00,23.2,200.0,3.7,0.01,0.96,0.88,1.84,200.0,0.0,0.0,0.0,0.0,1122.0,374.0,0.0,0.0,374.0,135762.0,0.0,139128.0,2019-09-02,2019-09-02,2019,9
SMP,34.008,-118.499,578.0,2019-09-09 17:00:00+00:00,20.9,200.0,2.3,0.22,0.09,0.61,1.58,200.0,0.0,0.0,0.0,374.0,53856.0,5610.0,0.0,0.0,374.0,2618.0,7480.0,72182.0,2019-09-09,2019-09-09,2019,9
SMP,34.008,-118.499,579.0,2019-09-16 17:00:00+00:00,21.5,200.0,0.6,0.25,0.15,2.34,2.4,200.0,0.0,0.0,0.0,0.0,5610.0,374.0,374.0,0.0,0.0,4862.0,374.0,11594.0,2019-09-16,2019-09-16,2019,9
SMP,34.008,-118.499,580.0,2019-09-23 17:00:00+00:00,21.7,200.0,0.8,0.1,0.15,0.49,2.67,200.0,0.0,0.0,0.0,0.0,8602.0,2244.0,748.0,0.0,374.0,2992.0,3740.0,19448.0,2019-09-23,2019-09-23,2019,9
SMP,34.008,-118.499,581.0,2019-09-30 17:00:00+00:00,19.1,200.0,0.9,0.14,0.05,0.04,0.0,200.0,0.0,0.0,0.0,0.0,374.0,17578.0,374.0,0.0,0.0,8228.0,2244.0,28798.0,2019-09-30,2019-09-30,2019,9
SMP,34.008,-118.499,582.0,2019-10-07 19:30:00+00:00,20.6,200.0,0.8,0.23,0.08,2.36,0.0,200.0,0.0,0.0,0.0,0.0,2992.0,3366.0,0.0,0.0,374.0,13090.0,1496.0,21318.0,2019-10-07,2019-10-07,2019,10
SMP,34.008,-118.499,583.0,2019-10-14 17:00:00+00:00,19.1,200.0,0.9,0.13,0.01,1.84,0.22,200.0,0.0,0.0,0.0,0.0,18700.0,1870.0,1122.0,0.0,748.0,16830.0,1870.0,42636.0,2019-10-14,2019-10-14,2019,10
SMP,34.008,-118.499,584.0,2019-10-21 17:00:00+00:00,18.9,200.0,1.4,0.1,0.0,1.99,0.11,200.0,0.0,0.0,0.0,748.0,24684.0,20944.0,0.0,748.0,4114.0,8228.0,14212.0,110704.0,2019-10-21,2019-10-21,2019,10
SMP,34.008,-118.499,585.0,2019-10-28 17:00:00+00:00,18.8,200.0,2.0,0.15,0.06,1.33,0.07,200.0,0.0,0.0,374.0,0.0,15708.0,1870.0,0.0,0.0,1122.0,2992.0,748.0,24684.0,2019-10-28,2019-10-28,2019,10
SMP,34.008,-118.499,586.0,2019-11-04 19:00:00+00:00,18.2,200.0,2.3,0.14,0.05,0.36,0.34,200.0,0.0,0.0,0.0,374.0,4114.0,2992.0,0.0,0.0,0.0,2618.0,2992.0,13090.0,2019-11-04,2019-11-04,2019,11
SMP,34.008,-118.499,587.0,2019-11-11 18:00:00+00:00,17.3,200.0,1.6,0.14,0.07,1.56,0.35,200.0,0.0,0.0,0.0,0.0,6358.0,374.0,0.0,374.0,374.0,5236.0,2992.0,16830.0,2019-11-11,2019-11-11,2019,11
SMP,34.008,-118.499,588.0,2019-11-18 18:00:00+00:00,17.5,200.0,4.0,0.47,0.0,0.26,0.12,200.0,0.0,0.0,0.0,1122.0,175406.0,4488.0,0.0,0.0,374.0,1496.0,1122.0,193358.0,2019-11-18,2019-11-18,2019,11
SMP,34.008,-118.499,589.0,2019-11-25 18:00:00+00:00,16.8,200.0,2.0,0.24,0.02,0.97,0.23,200.0,0.0,0.0,0.0,374.0,26554.0,4488.0,0.0,748.0,0.0,1870.0,374.0,35156.0,2019-11-25,2019-11-25,2019,11
SMP,34.008,-118.499,590.0,2019-12-02 19:00:00+00:00,15.2,200.0,1.5,0.25,0.05,0.72,0.16,200.0,0.0,0.0,0.0,0.0,4862.0,1870.0,0.0,0.0,0.0,4862.0,1122.0,16830.0,2019-12-02,2019-12-02,2019,12
SMP,34.008,-118.499,591.0,2019-12-09 19:00:00+00:00,16.5,200.0,0.4,0.25,0.02,1.38,0.18,200.0,0.0,0.0,0.0,0.0,0.0,2618.0,0.0,0.0,0.0,374.0,0.0,3740.0,2019-12-09,2019-12-09,2019,12
SMP,34.008,-118.499,592.0,2019-12-16 19:00:00+00:00,15.3,200.0,0.8,0.37,0.27,1.72,0.74,200.0,0.0,0.0,0.0,374.0,748.0,748.0,0.0,0.0,0.0,8602.0,1496.0,12342.0,2019-12-16,2019-12-16,2019,12
SMP,34.008,-118.499,593.0,2019-12-23 19:00:00+00:00,15.2,200.0,1.0,0.29,0.09,1.76,0.23,200.0,0.0,0.0,0.0,0.0,374.0,0.0,3366.0,0.0,0.0,2244.0,0.0,5984.0,2019-12-23,2019-12-23,2019,12
SMP,34.008,-118.499,594.0,2019-12-30 19:00:00+00:00,14.7,200.0,1.5,0.25,0.0,2.47,0.44,200.0,0.0,0.0,0.0,0.0,0.0,0.0,0.0,0.0,0.0,20196.0,0.0,20196.0,2019-12-30,2019-12-30,2019,12
SMP,34.008,-118.499,595.0,2020-01-06 19:00:00+00:00,15.4,200.0,0.5,0.24,0.0,1.97,0.0,200.0,0.0,0.0,0.0,0.0,748.0,748.0,1870.0,0.0,0.0,4862.0,1496.0,9724.0,2020-01-06,2020-01-06,2020,1
SMP,34.008,-118.499,596.0,2020-01-13 19:00:00+00:00,14.8,200.0,0.2,0.53,0.42,2.3,3.68,200.0,0.0,0.0,0.0,0.0,0.0,0.0,0.0,0.0,0.0,1870.0,2244.0,5236.0,2020-01-13,2020-01-13,2020,1
SMP,34.008,-118.499,597.0,2020-01-20 19:00:00+00:00,14.7,200.0,0.3,0.42,0.0,0.96,0.0,200.0,0.0,0.0,0.0,0.0,0.0,374.0,0.0,0.0,0.0,4862.0,374.0,6358.0,2020-01-20,2020-01-20,2020,1
SMP,34.008,-118.499,598.0,2020-01-27 19:00:00+00:00,15.5,200.0,2.0,0.43,0.0,1.39,0.23,200.0,0.0,748.0,0.0,0.0,4488.0,7106.0,1870.0,0.0,748.0,11220.0,3740.0,23188.0,2020-01-27,2020-01-27,2020,1
SMP,34.008,-118.499,599.0,2020-02-03 17:00:00+00:00,14.2,200.0,1.2,0.41,0.0,0.41,0.0,200.0,0.0,0.0,0.0,374.0,1122.0,8602.0,0.0,2244.0,0.0,8976.0,1122.0,22440.0,2020-02-03,2020-02-03,2020,2
SMP,34.008,-118.499,600.0,2020-02-10 19:00:00+00:00,15.0,200.0,2.5,0.53,0.0,3.11,0.54,200.0,0.0,0.0,0.0,0.0,1122.0,748.0,748.0,5610.0,0.0,29172.0,1496.0,39644.0,2020-02-10,2020-02-10,2020,2
SMP,34.008,-118.499,601.0,2020-02-17 19:00:00+00:00,15.8,200.0,3.1,0.43,0.0,1.67,0.4,200.0,0.0,0.0,0.0,0.0,0.0,0.0,1496.0,5984.0,0.0,41514.0,374.0,49368.0,2020-02-17,2020-02-17,2020,2
SMP,34.008,-118.499,602.0,2020-02-24 19:00:00+00:00,16.7,200.0,2.2,0.47,0.0,1.25,0.21,200.0,0.0,0.0,0.0,374.0,1122.0,4862.0,0.0,0.0,0.0,34782.0,1122.0,43010.0,2020-02-24,2020-02-24,2020,2
SMP,34.008,-118.499,603.0,2020-03-02 19:00:00+00:00,16.3,200.0,3.2,0.41,0.0,1.04,0.0,200.0,0.0,0.0,0.0,0.0,10846.0,2992.0,0.0,748.0,0.0,22066.0,2244.0,39270.0,2020-03-02,2020-03-02,2020,3
SMP,34.008,-118.499,604.0,2020-03-09 18:00:00+00:00,16.2,200.0,1.1,0.4,0.0,1.54,0.0,200.0,0.0,0.0,0.0,0.0,5610.0,2618.0,0.0,1122.0,0.0,13090.0,374.0,22814.0,2020-03-09,2020-03-09,2020,3
SMP,34.008,-118.499,605.0,2020-03-16 18:00:00+00:00,16.2,200.0,0.4,0.58,0.0,3.3,0.3,200.0,0.0,0.0,0.0,0.0,0.0,374.0,0.0,0.0,0.0,4488.0,1122.0,5984.0,2020-03-16,2020-03-16,2020,3
SMP,34.008,-118.499,606.0,2020-03-23 18:00:00+00:00,17.0,200.0,0.9,0.53,0.0,1.65,0.66,200.0,0.0,0.0,0.0,0.0,0.0,0.0,1122.0,0.0,0.0,12342.0,1870.0,15834.0,2020-03-23,2020-03-23,2020,3
SMP,34.008,-118.499,607.0,2020-03-30 18:00:00+00:00,16.7,200.0,0.0,0.58,0.0,2.05,0.0,200.0,0.0,0.0,0.0,0.0,748.0,0.0,0.0,0.0,0.0,748.0,0.0,,2020-03-30,2020-03-30,2020,3
SMP,34.008,-118.499,608.0,2020-04-20 18:00:00+00:00,17.9,200.0,0.2,0.46,0.0,1.11,0.0,200.0,0.0,0.0,0.0,0.0,3366.0,0.0,374.0,0.0,0.0,1496.0,1496.0,6732.0,2020-04-20,2020-04-20,2020,4
SMP,34.008,-118.499,609.0,2020-04-27 18:00:00+00:00,18.0,200.0,2.1,0.41,0.0,0.0,0.0,200.0,0.0,0.0,0.0,0.0,20944.0,1122.0,748.0,0.0,0.0,1870.0,2992.0,27676.0,2020-04-27,2020-04-27,2020,4
SMP,34.008,-118.499,610.0,2020-05-04 18:00:00+00:00,20.8,200.0,18.9,0.33,0.33,0.29,0.58,200.0,0.06,0.0,0.0,0.0,16788384.0,283693.0,0.0,0.0,0.0,0.0,0.0,17072076.0,2020-05-04,2020-05-04,2020,5
SMP,34.008,-118.499,611.0,2020-05-11 18:00:00+00:00,20.2,200.0,24.4,1.01,0.16,3.61,0.16,200.0,0.0,0.0,0.0,0.0,3400425.0,0.0,0.0,0.0,0.0,0.0,0.0,3400425.0,2020-05-11,2020-05-11,2020,5
SMP,34.008,-118.499,612.0,2020-05-18 18:00:00+00:00,20.1,200.0,3.9,0.64,0.6,1.81,0.47,200.0,0.0,0.0,0.0,1870.0,29920.0,0.0,0.0,0.0,7480.0,2244.0,30668.0,72182.0,2020-05-18,2020-05-18,2020,5
SMP,34.008,-118.499,613.0,2020-05-25 18:00:00+00:00,18.3,200.0,1.5,0.36,0.0,1.93,0.0,200.0,0.0,0.0,0.0,748.0,748.0,0.0,12342.0,0.0,0.0,53108.0,1122.0,68068.0,2020-05-25,2020-05-25,2020,5
SMP,34.008,-118.499,614.0,2020-06-01 18:00:00+00:00,19.3,200.0,,0.41,0.0,1.6,0.0,200.0,0.0,0.0,0.0,0.0,0.0,19431.0,291465.0,0.0,0.0,524637.0,0.0,835533.0,2020-06-01,2020-06-01,2020,6
SMP,34.008,-118.499,615.0,2020-06-08 18:00:00+00:00,20.1,200.0,1.8,0.77,0.15,3.41,3.91,200.0,0.0,0.0,0.0,0.0,748.0,0.0,3366.0,0.0,0.0,13464.0,0.0,17578.0,2020-06-08,2020-06-08,2020,6
SMP,34.008,-118.499,616.0,2020-06-15 18:00:00+00:00,20.3,200.0,1.2,0.35,0.0,2.11,0.0,200.0,0.0,0.0,0.0,0.0,0.0,1122.0,1496.0,0.0,0.0,17204.0,0.0,19822.0,2020-06-15,2020-06-15,2020,6
SMP,34.008,-118.499,617.0,2020-06-22 18:00:00+00:00,19.9,200.0,3.8,0.62,0.27,2.54,0.24,200.0,0.0,0.0,0.0,0.0,2618.0,5610.0,0.0,0.0,0.0,1496.0,0.0,10846.0,2020-06-22,2020-06-22,2020,6
SMP,34.008,-118.499,618.0,2020-06-29 18:00:00+00:00,20.6,200.0,0.1,0.8,0.0,1.9,0.44,200.0,0.0,0.0,0.0,748.0,16830.0,26928.0,0.0,0.0,0.0,748.0,748.0,45628.0,2020-06-29,2020-06-29,2020,6
SMP,34.008,-118.499,619.0,2020-07-06 18:00:00+00:00,21.0,200.0,0.0,0.38,0.0,1.54,0.0,200.0,0.0,0.0,0.0,0.0,0.0,1870.0,0.0,0.0,0.0,0.0,0.0,1870.0,2020-07-06,2020-07-06,2020,7
SMP,34.008,-118.499,620.0,2020-07-13 18:00:00+00:00,21.5,200.0,1.4,0.49,0.0,3.66,0.0,200.0,0.0,0.0,0.0,0.0,0.0,0.0,0.0,0.0,0.0,748.0,0.0,748.0,2020-07-13,2020-07-13,2020,7
SMP,34.008,-118.499,621.0,2020-07-20 18:00:00+00:00,20.6,200.0,2.3,0.4,0.0,0.85,0.0,200.0,0.0,0.0,0.0,0.0,6358.0,0.0,0.0,0.0,0.0,2618.0,748.0,10098.0,2020-07-20,2020-07-20,2020,7
SMP,34.008,-118.499,622.0,2020-07-27 18:00:00+00:00,16.9,200.0,,0.35,0.0,0.66,1.2,200.0,0.0,0.0,748.0,0.0,41140.0,19074.0,0.0,0.0,748.0,1122.0,1122.0,67694.0,2020-07-27,2020-07-27,2020,7
SMP,34.008,-118.499,623.0,2020-08-03 18:00:00+00:00,18.9,200.0,,0.42,0.0,0.41,0.0,200.0,0.0,748.0,0.0,0.0,1122.0,17204.0,0.0,2992.0,374.0,1496.0,7480.0,31416.0,2020-08-03,2020-08-03,2020,8
SMP,34.008,-118.499,624.0,2020-08-10 18:00:00+00:00,17.2,200.0,,0.31,0.0,0.43,0.27,200.0,0.0,0.0,0.0,374.0,374.0,1496.0,4114.0,374.0,374.0,6732.0,748.0,14960.0,2020-08-10,2020-08-10,2020,8
SMP,34.008,-118.499,625.0,2020-08-17 18:00:00+00:00,19.1,200.0,,0.36,0.0,0.4,0.0,200.0,0.0,0.0,0.0,0.0,0.0,1122.0,0.0,1122.0,0.0,5236.0,1496.0,8976.0,2020-08-17,2020-08-17,2020,8
SMP,34.008,-118.499,626.0,2020-08-24 18:00:00+00:00,20.7,200.0,,0.35,0.0,0.46,0.0,200.0,0.0,0.0,0.0,0.0,0.0,748.0,0.0,374.0,0.0,2244.0,748.0,5236.0,2020-08-24,2020-08-24,2020,8
SMP,34.008,-118.499,627.0,2020-08-31 18:00:00+00:00,21.3,200.0,,0.57,0.0,2.17,0.0,200.0,0.0,0.0,1870.0,0.0,0.0,2244.0,0.0,0.0,0.0,5600.0,1120.0,1870.0,2020-08-31,2020-08-31,2020,8
SMP,34.008,-118.499,628.0,2020-09-07 18:00:00+00:00,19.8,200.0,,0.16,0.0,0.0,0.0,200.0,0.0,0.0,0.0,0.0,0.0,3740.0,0.0,750.0,0.0,2240.0,6730.0,8600.0,2020-09-07,2020-09-07,2020,9
SMP,34.008,-118.499,629.0,2020-09-14 18:00:00+00:00,20.6,200.0,,0.24,0.0,0.64,0.0,200.0,0.0,0.0,0.0,1500.0,370.0,2618.0,1120.0,0.0,0.0,3370.0,2240.0,6560.0,2020-09-14,2020-09-14,2020,9
SMP,34.008,-118.499,630.0,2020-09-21 18:00:00+00:00,20.4,200.0,,0.26,0.0,1.38,0.0,200.0,0.0,0.0,0.0,0.0,0.0,8228.0,1870.0,370.0,0.0,4860.0,370.0,1120.0,2020-09-21,2020-09-21,2020,9
SMP,34.008,-118.499,631.0,2020-09-28 18:00:00+00:00,20.7,200.0,,0.34,0.0,2.01,0.25,200.0,0.0,0.0,0.0,0.0,0.0,0.0,0.0,0.0,0.0,0.0,374.0,1496.0,2020-09-28,2020-09-28,2020,9
SMP,34.008,-118.499,632.0,2020-10-05 18:00:00+00:00,20.7,200.0,,0.45,0.28,0.59,0.21,200.0,0.0,0.0,0.0,0.0,370.0,0.0,0.0,0.0,0.0,370.0,0.0,374.0,2020-10-05,2020-10-05,2020,10
SMP,34.008,-118.499,633.0,2020-10-12 18:00:00+00:00,20.4,200.0,,0.19,0.0,0.61,0.0,200.0,0.0,0.0,0.0,0.0,0.0,0.0,0.0,0.0,0.0,0.0,27302.0,27302.0,2020-10-12,2020-10-12,2020,10
SMP,34.008,-118.499,634.0,2020-10-17 18:00:00+00:00,19.9,200.0,,0.27,0.0,0.55,0.0,200.0,0.0,0.0,0.0,0.0,0.0,750.0,0.0,0.0,0.0,2990.0,2240.0,6730.0,2020-10-17,2020-10-12,2020,10
SMP,34.008,-118.499,635.0,2020-10-26 18:00:00+00:00,18.8,200.0,,0.31,0.0,1.68,0.0,200.0,0.0,0.0,0.0,0.0,750.0,750.0,0.0,0.0,0.0,5240.0,0.0,10470.0,2020-10-26,2020-10-26,2020,10
SMP,34.008,-118.499,636.0,2020-11-02 19:00:00+00:00,18.1,200.0,,0.26,0.0,0.31,0.0,200.0,0.0,0.0,0.0,370.0,0.0,1500.0,0.0,370.0,0.0,3370.0,1120.0,8230.0,2020-11-02,2020-11-02,2020,11
SMP,34.008,-118.499,637.0,2020-11-09 19:00:00+00:00,13.8,200.0,,0.62,0.74,1.73,4.08,200.0,0.0,0.0,0.0,0.0,0.0,0.0,0.0,0.0,0.0,16460.0,0.0,16830.0,2020-11-09,2020-11-09,2020,11
SMP,34.008,-118.499,638.0,2020-11-16 19:00:00+00:00,14.6,200.0,,0.29,0.3,0.26,0.88,200.0,0.0,0.0,0.0,0.0,0.0,370.0,370.0,1500.0,0.0,7480.0,750.0,10470.0,2020-11-16,2020-11-16,2020,11
SMP,34.008,-118.499,639.0,2020-11-23 19:00:00+00:00,14.7,200.0,,0.4,0.0,0.61,0.31,200.0,0.0,0.0,0.0,0.0,0.0,5610.0,12300.0,4100.0,0.0,17950.0,5240.0,45600.0,2020-11-23,2020-11-23,2020,11
SMP,34.008,-118.499,640.0,2020-11-30 23:00:00+00:00,13.9,200.0,,0.43,0.0,0.74,0.35,200.0,0.0,0.0,0.0,1500.0,750.0,2600.0,750.0,0.0,17600.0,2600.0,5240.0,31400.0,2020-11-30,2020-11-30,2020,11
SMP,34.008,-118.499,641.0,2020-12-07 19:00:00+00:00,13.6,200.0,,0.39,0.0,0.57,0.21,200.0,0.0,0.0,0.0,748.0,374.0,748.0,0.0,0.0,0.0,1870.0,3366.0,7854.0,2020-12-07,2020-12-07,2020,12
SMP,34.008,-118.499,642.0,2020-12-14 19:00:00+00:00,14.1,200.0,,0.53,0.2,1.93,2.39,200.0,0.0,0.0,0.0,0.0,0.0,1496.0,0.0,0.0,0.0,9724.0,1496.0,13464.0,2020-12-14,2020-12-14,2020,12
SMP,34.008,-118.499,643.0,2020-12-21 19:00:00+00:00,13.7,200.0,,0.39,0.12,1.19,0.25,200.0,0.0,0.0,0.0,374.0,0.0,748.0,8602.0,3740.0,0.0,0.0,2618.0,16456.0,2020-12-21,2020-12-21,2020,12
SMP,34.008,-118.499,644.0,2020-12-28 19:00:00+00:00,13.5,200.0,,0.6,0.58,1.61,1.53,200.0,0.0,0.0,0.0,748.0,374.0,374.0,1870.0,1496.0,0.0,23936.0,4488.0,33286.0,2020-12-28,2020-12-28,2020,12
SMP,34.008,-118.499,645.0,2021-01-04 19:00:00+00:00,13.9,200.0,0.99,0.48,0.29,0.65,1.46,200.0,0.0,0.0,0.0,1870.0,1870.0,8976.0,3366.0,2244.0,0.0,29920.0,7106.0,55352.0,2021-01-04,2021-01-04,2021,1
SMP,34.008,-118.499,646.0,2021-01-11 19:00:00+00:00,13.6,200.0,1.27,0.55,0.2,0.68,0.78,200.0,0.0,0.0,0.0,2618.0,12716.0,59466.0,748.0,5236.0,2618.0,27302.0,14960.0,125664.0,2021-01-11,2021-01-11,2021,1
SMP,34.008,-118.499,647.0,2021-01-18 19:00:00+00:00,14.3,200.0,3.07,0.26,0.0,0.0,0.0,200.0,0.0,0.0,0.0,0.0,1122.0,10472.0,0.0,0.0,374.0,53108.0,11594.0,77418.0,2021-01-18,2021-01-18,2021,1
SMP,34.008,-118.499,648.0,2021-01-26 19:00:00+00:00,13.3,200.0,0.46,0.6,0.57,1.97,3.45,200.0,0.0,0.0,374.0,374.0,1870.0,1870.0,748.0,0.0,0.0,4488.0,3740.0,13464.0,2021-01-26,2021-01-25,2021,1
SMP,34.008,-118.499,649.0,2021-02-01 19:00:00+00:00,13.3,200.0,0.37,0.66,0.45,2.22,4.4,200.0,0.0,0.0,0.0,0.0,0.0,0.0,0.0,0.0,0.0,7106.0,374.0,7480.0,2021-02-01,2021-02-01,2021,2
SMP,34.008,-118.499,650.0,2021-02-08 19:00:00+00:00,13.6,200.0,1.5,0.35,0.1,0.48,0.3,200.0,0.0,0.0,0.0,374.0,0.0,3740.0,0.0,6700.0,0.0,34800.0,1870.0,47500.0,2021-02-08,2021-02-08,2021,2
SMP,34.008,-118.499,651.0,2021-02-15 17:00:00+00:00,12.4,200.0,0.88,0.64,0.37,2.18,5.83,200.0,0.0,0.0,0.0,0.0,1500.0,0.0,6000.0,14200.0,0.0,99100.0,1120.0,121900.0,2021-02-15,2021-02-15,2021,2
SMP,34.008,-118.499,652.0,2021-02-22 19:00:00+00:00,13.4,200.0,2.37,0.71,0.3,0.46,4.09,200.0,0.0,0.0,0.0,0.0,748.0,0.0,2990.0,2990.0,0.0,16080.0,0.0,22814.0,2021-02-22,2021-02-22,2021,2
SMP,34.008,-118.499,653.0,2021-03-01 19:00:00+00:00,14.9,200.0,1.51,0.61,0.15,1.33,0.36,200.0,,0.0,0.0,0.0,8600.0,748.0,10098.0,3740.0,0.0,46376.0,4862.0,75174.0,2021-03-01,2021-03-01,2021,3
SMP,34.008,-118.499,654.0,2021-03-08 19:00:00+00:00,15.6,200.0,2.4,0.67,0.2,2.26,0.04,200.0,0.0,0.0,0.0,2244.0,417900.0,6730.0,1498.0,2244.0,0.0,28424.0,20944.0,380730.0,2021-03-08,2021-03-08,2021,3
SMP,34.008,-118.499,655.0,2021-03-15 18:00:00+00:00,13.8,200.0,3.53,0.66,0.28,0.47,2.14,200.0,0.0,0.0,0.0,748.0,289100.0,4110.0,2992.0,2244.0,0.0,17200.0,14960.0,331738.0,2021-03-15,2021-03-15,2021,3
SMP,34.008,-118.499,656.0,2021-03-22 18:00:00+00:00,15.1,200.0,8.04,0.34,0.14,0.0,0.31,200.0,0.0,0.0,0.0,0.0,0.0,374.0,16456.0,29920.0,0.0,931260.0,6732.0,984742.0,2021-03-22,2021-03-22,2021,3
SMP,34.008,-118.499,657.0,2021-03-29 18:00:00+00:00,12.6,200.0,1.68,0.54,0.13,1.58,0.49,200.0,0.1,0.0,0.0,0.0,4488.0,5984.0,1496.0,39644.0,0.0,284988.0,17952.0,354552.0,2021-03-29,2021-03-29,2021,3
SMP,34.008,-118.499,658.0,2021-04-05 18:00:00+00:00,14.1,200.0,2.62,0.3,0.0,0.66,0.39,200.0,0.33,0.0,0.0,1496.0,3366.0,11220.0,750.0,18700.0,0.0,21318.0,78166.0,135388.0,2021-04-05,2021-04-05,2021,4
SMP,34.008,-118.499,659.0,2021-04-12 16:00:00+00:00,16.6,200.0,4.14,0.33,0.0,1.43,0.22,200.0,0.0,0.0,0.0,1496.0,17578.0,49368.0,0.0,0.0,9724.0,2244.0,11594.0,92752.0,2021-04-12,2021-04-12,2021,4
SMP,34.008,-118.499,660.0,2021-04-19 16:00:00+00:00,15.2,200.0,1.44,0.72,0.15,1.06,0.71,200.0,0.0,0.0,0.0,374.0,18325.0,68442.0,1496.0,374.0,374.0,5236.0,9724.0,104720.0,2021-04-19,2021-04-19,2021,4
SMP,34.008,-118.499,661.0,2021-04-26 18:00:00+00:00,14.9,200.0,1.7,0.52,0.13,0.38,0.6,200.0,0.0,0.0,0.0,1870.0,8602.0,15708.0,7480.0,748.0,0.0,43758.0,1870.0,80784.0,2021-04-26,2021-04-26,2021,4
SMP,34.008,-118.499,662.0,2021-05-03 16:00:00+00:00,14.4,200.0,6.99,0.65,0.33,0.98,0.31,200.0,0.0,0.0,0.0,0.0,0.0,129605.0,485775.0,277863.0,0.0,557087.0,0.0,1450330.0,2021-05-03,2021-05-03,2021,5
SMP,34.008,-118.499,663.0,2021-05-10 16:00:00+00:00,17.2,200.0,1.51,0.43,0.25,0.47,0.46,200.0,0.2,374.0,0.0,374.0,13838.0,30294.0,11968.0,8602.0,374.0,9724.0,3366.0,79288.0,2021-05-10,2021-05-10,2021,5
SMP,34.008,-118.499,664.0,2021-05-17 16:00:00+00:00,16.8,200.0,0.94,0.43,0.0,0.55,0.24,200.0,0.0,374.0,0.0,0.0,3740.0,51612.0,748.0,748.0,374.0,5610.0,4114.0,67320.0,2021-05-17,2021-05-17,2021,5
SMP,34.008,-118.499,665.0,2021-05-24 16:00:00+00:00,16.3,200.0,0.91,0.43,0.0,0.29,0.2,200.0,0.0,0.0,374.0,0.0,3740.0,34782.0,0.0,0.0,0.0,4488.0,2992.0,46376.0,2021-05-24,2021-05-24,2021,5
SMP,34.008,-118.499,666.0,2021-05-31 16:00:00+00:00,17.8,200.0,2.44,0.32,0.0,1.2,0.22,200.0,0.0,748.0,0.0,0.0,21318.0,46002.0,1496.0,1870.0,3740.0,20196.0,13464.0,109582.0,2021-05-31,2021-05-31,2021,5
SMP,34.008,-118.499,667.0,2021-06-07 18:00:00+00:00,17.8,200.0,1.03,0.43,0.12,1.15,0.35,200.0,0.0,0.0,0.0,374.0,5610.0,49700.0,0.0,0.0,750.0,4114.0,6358.0,67320.0,2021-06-07,2021-06-07,2021,6
SMP,34.008,-118.499,668.0,2021-06-14 18:00:00+00:00,19.3,200.0,0.66,0.28,0.0,1.18,0.21,200.0,0.0,0.0,0.0,374.0,1533.0,4114.0,2618.0,4114.0,750.0,11968.0,4114.0,44132.0,2021-06-14,2021-06-14,2021,6
SMP,34.008,-118.499,669.0,2021-06-21 18:00:00+00:00,20.0,200.0,1.39,0.29,0.15,0.0,0.1,200.0,0.0,0.0,0.0,374.0,19074.0,5610.0,748.0,1496.0,1496.0,748.0,6732.0,36652.0,2021-06-21,2021-06-21,2021,6
SMP,34.008,-118.499,670.0,2021-06-28 18:00:00+00:00,20.5,200.0,0.62,0.18,0.0,0.27,0.04,200.0,0.0,0.0,0.0,0.0,0.0,0.0,46380.0,1870.0,374.0,13838.0,1122.0,63580.0,2021-06-28,2021-06-28,2021,6
SMP,34.008,-118.499,671.0,2021-07-05 18:00:00+00:00,20.5,200.0,0.8,0.32,0.23,0.0,0.29,200.0,0.0,0.0,0.0,0.0,748.0,748.0,748.0,748.0,374.0,16830.0,2992.0,23188.0,2021-07-05,2021-07-05,2021,7
SMP,34.008,-118.499,672.0,2021-07-12 17:00:00+00:00,21.2,200.0,0.63,0.37,0.0,0.0,0.0,200.0,0.0,0.0,0.0,0.0,1496.0,0.0,748.0,1122.0,0.0,44506.0,1870.0,50864.0,2021-07-12,2021-07-12,2021,7
SMP,34.008,-118.499,673.0,2021-07-19 17:00:00+00:00,21.5,200.0,0.54,0.3,0.6,0.57,0.03,200.0,0.0,0.0,0.0,0.0,1496.0,0.0,750.0,750.0,374.0,27676.0,0.0,31042.0,2021-07-19,2021-07-19,2021,7
SMP,34.008,-118.499,674.0,2021-07-26 17:00:00+00:00,20.2,200.0,1.77,0.58,0.19,2.01,0.34,200.0,0.0,0.0,748.0,748.0,94622.0,11220.0,0.0,0.0,748.0,14960.0,6358.0,130152.0,2021-07-26,2021-07-26,2021,7
SMP,34.008,-118.499,675.0,2021-08-02 17:00:00+00:00,19.2,200.0,1.27,0.53,0.11,0.03,0.02,200.0,0.0,0.0,0.0,374.0,46750.0,1122.0,0.0,1870.0,2244.0,29920.0,3740.0,86394.0,2021-08-02,2021-08-02,2021,8
SMP,34.008,-118.499,676.0,2021-08-09 17:00:00+00:00,18.4,200.0,1.06,0.24,0.0,0.0,0.0,200.0,0.0,0.0,0.0,0.0,10472.0,5610.0,0.0,748.0,0.0,172040.0,2618.0,192236.0,2021-08-09,2021-08-09,2021,8
SMP,34.008,-118.499,677.0,2021-08-16 18:00:00+00:00,21.0,200.0,0.81,0.52,0.31,0.29,0.65,200.0,0.0,0.0,0.0,0.0,13838.0,748.0,0.0,748.0,0.0,62458.0,2244.0,82654.0,2021-08-16,2021-08-16,2021,8
SMP,34.008,-118.499,678.0,2021-08-23 18:00:00+00:00,17.8,200.0,1.28,0.41,0.0,0.24,0.0,200.0,0.0,0.0,0.0,0.0,35904.0,1496.0,0.0,0.0,748.0,1870.0,7106.0,47498.0,2021-08-23,2021-08-23,2021,8
SMP,34.008,-118.499,679.0,2021-08-30 17:00:00+00:00,18.8,200.0,1.86,0.4,0.0,0.0,0.0,200.0,0.0,0.0,0.0,0.0,56848.0,1122.0,0.0,0.0,748.0,1122.0,5236.0,66946.0,2021-08-30,2021-08-30,2021,8
SMP,34.008,-118.499,680.0,2021-09-06 18:00:00+00:00,19.6,200.0,1.24,0.31,0.0,0.32,0.0,200.0,0.0,0.0,0.0,0.0,5984.0,1122.0,0.0,0.0,374.0,8228.0,5610.0,22066.0,2021-09-06,2021-09-06,2021,9
SMP,34.008,-118.499,681.0,2021-09-13 17:00:00+00:00,18.3,200.0,1.03,0.33,0.0,0.0,0.0,200.0,0.0,0.0,0.0,0.0,17578.0,4114.0,0.0,0.0,748.0,4114.0,5236.0,32538.0,2021-09-13,2021-09-13,2021,9
SMP,34.008,-118.499,682.0,2021-09-20 18:00:00+00:00,18.7,200.0,1.11,0.27,0.11,0.53,0.0,200.0,0.0,0.0,0.0,374.0,5236.0,0.0,0.0,0.0,0.0,9724.0,2618.0,17952.0,2021-09-20,2021-09-20,2021,9
SMP,34.008,-118.499,683.0,2021-09-27 17:00:00+00:00,18.4,200.0,1.88,0.38,0.0,0.21,0.0,200.0,0.0,0.0,0.0,0.0,52734.0,5610.0,0.0,0.0,748.0,11594.0,3366.0,74800.0,2021-09-27,2021-09-27,2021,9
SMP,34.008,-118.499,684.0,2021-10-04 18:00:00+00:00,19.3,200.0,0.93,0.24,0.0,0.52,0.0,200.0,0.0,0.0,0.0,748.0,2244.0,1122.0,0.0,0.0,748.0,8602.0,4488.0,17952.0,2021-10-04,2021-10-04,2021,10
SMP,34.008,-118.499,685.0,2021-10-11 18:00:00+00:00,17.4,200.0,1.07,0.54,0.29,0.82,1.31,200.0,0.0,0.0,0.0,0.0,13464.0,748.0,748.0,0.0,748.0,10472.0,4862.0,31042.0,2021-10-11,2021-10-11,2021,10
SMP,34.008,-118.499,686.0,2021-10-18 18:00:00+00:00,16.6,200.0,4.4,0.5,0.11,0.0,0.0,200.0,0.0,0.0,0.0,0.0,48246.0,14586.0,748.0,2244.0,748.0,75548.0,10098.0,152966.0,2021-10-18,2021-10-18,2021,10
SMP,34.008,-118.499,687.0,2021-10-25 18:00:00+00:00,15.8,200.0,2.75,0.53,0.09,0.33,0.06,200.0,0.0,0.0,0.0,0.0,37774.0,7480.0,15334.0,8228.0,374.0,152592.0,16082.0,238238.0,2021-10-25,2021-10-25,2021,10
SMP,34.008,-118.499,688.0,2021-11-01 18:00:00+00:00,16.3,200.0,1.03,0.53,0.09,3.67,0.06,200.0,0.0,0.0,0.0,748.0,27302.0,11968.0,0.0,0.0,374.0,10846.0,8228.0,60214.0,2021-11-01,2021-11-01,2021,11
SMP,34.008,-118.499,689.0,2021-11-08 19:00:00+00:00,16.1,200.0,3.14,0.79,0.19,0.38,,200.0,0.0,0.0,0.0,1496.0,165682.0,49368.0,0.0,0.0,14960.0,1496.0,16456.0,250206.0,2021-11-08,2021-11-08,2021,11
SMP,34.008,-118.499,690.0,2021-11-15 19:59:00+00:00,17.0,200.0,1.6,0.58,0.19,0.62,,200.0,0.0,0.0,0.0,2244.0,83028.0,4862.0,0.0,0.0,748.0,3366.0,5236.0,103598.0,2021-11-15,2021-11-15,2021,11
SMP,34.008,-118.499,691.0,2021-11-22 19:00:00+00:00,15.6,200.0,16.72,0.32,0.06,0.1,0.04,200.0,0.0,0.0,0.0,0.0,441320.0,64328.0,0.0,0.0,748.0,0.0,2992.0,509388.0,2021-11-22,2021-11-22,2021,11
SMP,34.008,-118.499,692.0,2021-11-29 19:00:00+00:00,15.9,200.0,2.37,0.81,0.29,1.82,0.12,200.0,0.0,0.0,0.0,0.0,22814.0,13838.0,0.0,748.0,748.0,1870.0,6732.0,46750.0,2021-11-29,2021-11-29,2021,11
SMP,34.008,-118.499,693.0,2021-12-06 19:00:00+00:00,15.7,200.0,7.29,0.71,0.13,0.35,0.08,200.0,0.0,0.0,0.0,0.0,34408.0,11968.0,0.0,1122.0,0.0,2992.0,4862.0,55352.0,2021-12-06,2021-12-06,2021,12
SMP,34.008,-118.499,694.0,2021-12-13 19:00:00+00:00,15.2,200.0,1.95,0.46,0.06,2.72,,200.0,0.0,0.0,0.0,748.0,16456.0,8976.0,748.0,374.0,0.0,748.0,2244.0,30294.0,2021-12-13,2021-12-13,2021,12
SMP,34.008,-118.499,695.0,2021-12-20 19:00:00+00:00,14.7,200.0,1.23,0.53,0.38,2.64,1.25,200.0,0.0,0.0,0.0,374.0,748.0,0.0,0.0,0.0,0.0,36278.0,2244.0,40018.0,2021-12-20,2021-12-20,2021,12
SMP,34.008,-118.499,696.0,2021-12-27 19:00:00+00:00,14.4,200.0,1.9,0.76,0.73,2.98,2.8,200.0,0.0,0.0,0.0,0.0,0.0,1496.0,1496.0,0.0,0.0,25432.0,748.0,29172.0,2021-12-27,2021-12-27,2021,12
SMP,34.008,-118.499,697.0,2022-01-03 19:30:00+00:00,14.0,200.0,0.63,0.8,0.42,2.86,3.22,200.0,0.0,0.0,0.0,0.0,0.0,748.0,1122.0,0.0,0.0,29546.0,3366.0,34782.0,2022-01-03,2022-01-03,2022,1
SMP,34.008,-118.499,698.0,2022-01-10 18:30:00+00:00,14.1,200.0,0.65,0.55,0.32,2.1,1.51,200.0,0.0,0.0,0.0,374.0,9350.0,1496.0,0.0,1870.0,0.0,7854.0,5236.0,26180.0,2022-01-10,2022-01-10,2022,1
SMP,34.008,-118.499,699.0,2022-01-17 17:30:00+00:00,14.4,200.0,0.67,0.57,0.22,1.7,0.44,200.0,0.0,0.0,0.0,0.0,21692.0,1870.0,0.0,0.0,374.0,2244.0,3740.0,29920.0,2022-01-17,2022-01-17,2022,1
SMP,34.008,-118.499,700.0,2022-01-24 18:30:00+00:00,14.7,200.0,2.74,0.35,0.09,0.52,0.06,200.0,0.0,0.0,0.0,748.0,62832.0,32164.0,0.0,3740.0,748.0,1870.0,11220.0,113322.0,2022-01-24,2022-01-24,2022,1
SMP,34.008,-118.499,701.0,2022-01-31 18:30:00+00:00,14.6,200.0,0.62,0.47,0.2,1.45,0.22,200.0,0.0,0.0,0.0,374.0,13838.0,10846.0,0.0,1496.0,748.0,4114.0,5236.0,37026.0,2022-01-31,2022-01-31,2022,1
SMP,34.008,-118.499,702.0,2022-02-07 19:00:00+00:00,14.8,200.0,1.4,0.26,0.14,0.43,0.0,200.0,0.0,0.0,0.0,374.0,153714.0,25432.0,0.0,0.0,748.0,2992.0,7480.0,190740.0,2022-02-07,2022-02-07,2022,2
SMP,34.008,-118.499,703.0,2022-02-14 19:00:00+00:00,16.0,200.0,0.98,0.26,0.0,0.76,0.0,200.0,0.0,0.0,0.0,1122.0,43010.0,8228.0,0.0,0.0,748.0,1870.0,3740.0,59092.0,2022-02-14,2022-02-14,2022,2
SMP,34.008,-118.499,704.0,2022-02-21 19:00:00+00:00,15.8,200.0,0.73,0.35,0.11,1.55,0.0,200.0,0.0,0.0,0.0,0.0,3366.0,1496.0,2992.0,14960.0,0.0,26180.0,1496.0,50490.0,2022-02-21,2022-02-21,2022,2
SMP,34.008,-118.499,705.0,2022-02-28 19:00:00+00:00,14.3,200.0,5.51,0.44,0.0,0.0,0.0,200.0,0.0,0.0,0.0,0.0,4488.0,1496.0,68816.0,19448.0,0.0,364276.0,1496.0,460020.0,2022-02-28,2022-02-28,2022,2
SMP,34.008,-118.499,706.0,2022-03-07 19:00:00+00:00,14.4,200.0,0.37,0.49,0.17,2.54,1.62,200.0,0.0,0.0,0.0,374.0,5236.0,1122.0,0.0,1870.0,0.0,19074.0,1870.0,29546.0,2022-03-07,2022-03-07,2022,3
SMP,34.008,-118.499,707.0,2022-03-14 18:00:00+00:00,15.6,200.0,27.36,0.95,0.2,0.44,0.0,200.0,0.0,0.0,0.0,374.0,120054.0,11594.0,0.0,0.0,0.0,8976.0,8602.0,149600.0,2022-03-14,2022-03-14,2022,3
SMP,34.008,-118.499,708.0,2022-03-21 18:00:00+00:00,14.6,200.0,1.78,0.53,0.13,0.84,0.76,200.0,0.0,0.0,0.0,1122.0,31416.0,8228.0,0.0,374.0,0.0,7480.0,8228.0,56848.0,2022-03-21,2022-03-21,2022,3
SMP,34.008,-118.499,709.0,2022-03-28 18:00:00+00:00,15.5,200.0,5.34,0.95,0.18,2.44,1.67,200.0,0.0,0.0,0.0,0.0,4862.0,6358.0,17578.0,20944.0,0.0,97240.0,2992.0,151470.0,2022-03-28,2022-03-28,2022,3
SMP,34.008,-118.499,710.0,2022-04-04 18:00:00+00:00,15.1,200.0,3.53,0.61,0.0,0.98,0.0,200.0,0.0,0.0,0.0,748.0,2992.0,5610.0,0.0,0.0,374.0,2618.0,3366.0,15708.0,2022-04-04,2022-04-04,2022,4
SMP,34.008,-118.499,711.0,2022-04-11 16:00:00+00:00,17.1,200.0,2.71,0.4,0.13,0.85,0.0,200.0,0.0,0.0,0.0,0.0,1122.0,2244.0,1496.0,0.0,0.0,5236.0,1122.0,11220.0,2022-04-11,2022-04-11,2022,4
SMP,34.008,-118.499,712.0,2022-04-18 16:00:00+00:00,14.6,200.0,7.61,0.57,0.1,0.83,0.0,200.0,0.0,0.0,0.0,0.0,2618.0,3740.0,748.0,5984.0,0.0,79662.0,7480.0,100606.0,2022-04-18,2022-04-18,2022,4
SMP,34.008,-118.499,713.0,2022-04-25 16:00:00+00:00,15.4,200.0,13.02,0.79,0.18,0.42,0.0,200.0,0.0,0.0,0.0,0.0,36652.0,11220.0,0.0,4488.0,1496.0,31790.0,24684.0,111078.0,2022-04-25,2022-04-25,2022,4
SMP,34.008,-118.499,714.0,2022-05-02 18:00:00+00:00,16.7,200.0,1.7,0.0,0.0,0.81,0.0,200.0,0.0,0.0,0.0,374.0,4488.0,28798.0,0.0,2618.0,1496.0,43384.0,16082.0,97614.0,2022-05-02,2022-05-02,2022,5
SMP,34.008,-118.499,715.0,2022-05-09 18:00:00+00:00,15.2,200.0,11.13,0.03,0.26,0.73,0.03,200.0,0.0,0.0,0.0,19431.0,126301.5,422624.25,0.0,0.0,0.0,82582.0,116586.0,767525.0,2022-05-09,2022-05-09,2022,5
SMP,34.008,-118.499,716.0,2022-05-16 18:00:00+00:00,16.6,200.0,12.52,0.0,0.0,0.3,0.0,200.0,0.0,0.0,0.0,11658.6,58293.0,264261.6,7772.4,0.0,58293.0,116586.0,27203.4,551840.0,2022-05-16,2022-05-16,2022,5
SMP,34.008,-118.499,717.0,2022-05-23 18:00:00+00:00,16.6,200.0,4.12,0.22,0.0,1.18,0.22,200.0,0.1,0.0,0.0,3886.2,19431.0,77724.0,85496.4,3886.2,0.0,687857.0,50521.0,928802.0,2022-05-23,2022-05-23,2022,5
SMP,34.008,-118.499,718.0,2022-05-30 16:00:00+00:00,17.7,200.0,0.92,0.82,0.17,1.2,0.82,200.0,0.0,0.0,0.0,0.0,1496.0,18700.0,0.0,0.0,0.0,6732.0,4488.0,31416.0,2022-05-30,2022-05-30,2022,5
SMP,34.008,-118.499,719.0,2022-06-06 18:00:00+00:00,20.2,200.0,8.93,0.0,0.17,0.29,0.0,200.0,0.0,0.0,0.0,7772.4,963777.6,85496.4,0.0,0.0,0.0,7772.4,73837.8,1142542.8,2022-06-06,2022-06-06,2022,6
SMP,34.008,-118.499,720.0,2022-06-13 18:00:00+00:00,20.5,200.0,2.6,0.0,0.0,0.69,0.0,200.0,0.0,0.0,0.0,374.0,33660.0,25806.0,0.0,0.0,0.0,55352.0,27676.0,146234.0,2022-06-13,2022-06-13,2022,6
SMP,34.008,-118.499,721.0,2022-06-20 16:00:00+00:00,20.6,200.0,1.48,0.0,0.0,0.0,0.0,200.0,0.0,0.0,0.0,0.0,1496.0,5610.0,0.0,0.0,748.0,195602.0,7106.0,212806.0,2022-06-20,2022-06-20,2022,6
SMP,34.008,-118.499,722.0,2022-06-27 17:00:00+00:00,19.0,200.0,1.58,0.27,0.0,2.03,0.27,200.0,0.0,374.0,0.0,374.0,5610.0,26554.0,0.0,0.0,748.0,5610.0,38148.0,80036.0,2022-06-27,2022-06-27,2022,6
SMP,34.008,-118.499,723.0,2022-07-04 17:00:00+00:00,19.6,200.0,0.75,0.64,0.12,2.86,0.64,200.0,0.0,0.0,0.0,748.0,1496.0,748.0,0.0,0.0,374.0,9350.0,6358.0,20570.0,2022-07-04,2022-07-04,2022,7
SMP,34.008,-118.499,724.0,2022-07-11 18:00:00+00:00,20.0,200.0,2.03,0.0,0.0,0.0,0.0,200.0,0.0,0.0,0.0,0.0,0.0,748.0,374.0,0.0,374.0,12342.0,374.0,14586.0,2022-07-11,2022-07-11,2022,7
SMP,34.008,-118.499,725.0,2022-07-18 18:00:00+00:00,21.0,200.0,2.64,0.0,0.0,0.39,0.0,200.0,0.0,0.0,0.0,0.0,5984.0,5610.0,0.0,0.0,0.0,35904.0,7106.0,54604.0,2022-07-18,2022-07-18,2022,7
SMP,34.008,-118.499,726.0,2022-07-25 18:00:00+00:00,20.0,200.0,1.96,0.2,0.0,0.26,0.2,200.0,0.0,0.0,0.0,374.0,2244.0,2244.0,0.0,2244.0,0.0,28050.0,5984.0,41140.0,2022-07-25,2022-07-25,2022,7
SMP,34.008,-118.499,727.0,2022-08-01 18:00:00+00:00,20.4,200.0,0.56,0.28,0.0,1.96,0.28,200.0,0.0,0.0,0.0,374.0,374.0,1496.0,0.0,0.0,0.0,51238.0,4114.0,57596.0,2022-08-01,2022-08-01,2022,8
SMP,34.008,-118.499,728.0,2022-08-08 18:00:00+00:00,21.3,200.0,2.89,0.0,0.0,0.34,0.0,200.0,0.0,0.0,0.0,374.0,103972.0,7480.0,0.0,0.0,0.0,12342.0,17204.0,141746.0,2022-08-08,2022-08-08,2022,8
SMP,34.008,-118.499,729.0,2022-08-15 18:00:00+00:00,18.5,200.0,1.67,0.0,0.12,1.27,0.0,200.0,0.0,0.0,0.0,0.0,16082.0,8602.0,0.0,2992.0,0.0,136510.0,12342.0,177276.0,2022-08-15,2022-08-15,2022,8
SMP,34.008,-118.499,730.0,2022-08-22 18:00:00+00:00,21.9,200.0,1.0,0.0,0.0,0.8,0.0,200.0,0.0,0.0,0.0,0.0,1870.0,9350.0,2992.0,0.0,0.0,71060.0,1496.0,89386.0,2022-08-22,2022-08-22,2022,8
SMP,34.008,-118.499,731.0,2022-08-29 18:00:00+00:00,21.3,200.0,0.77,0.0,0.0,0.81,0.0,200.0,0.0,0.0,0.0,0.0,14212.0,22814.0,0.0,0.0,374.0,6732.0,3366.0,48246.0,2022-08-29,2022-08-29,2022,8
SMP,34.008,-118.499,732.0,2022-09-05 18:00:00+00:00,20.2,200.0,1.06,0.71,0.4,1.99,0.0,200.0,0.0,0.0,0.0,0.0,374.0,1122.0,0.0,0.0,0.0,12342.0,4488.0,18700.0,2022-09-05,2022-09-05,2022,9
SMP,34.008,-118.499,733.0,2022-09-12 08:00:00+00:00,22.5,200.0,0.86,0.37,0.03,2.44,0.0,200.0,0.0,0.0,0.0,0.0,374.0,0.0,748.0,0.0,0.0,65450.0,374.0,68068.0,2022-09-12,2022-09-12,2022,9
SMP,34.008,-118.499,734.0,2022-09-19 18:00:00+00:00,22.5,200.0,0.69,0.52,0.03,2.47,0.2,200.0,0.0,0.0,0.0,0.0,11220.0,1122.0,0.0,0.0,0.0,2618.0,3366.0,18326.0,2022-09-19,2022-09-19,2022,9
SMP,34.008,-118.499,735.0,2022-09-26 18:00:00+00:00,22.1,200.0,0.57,0.4,0.05,1.84,0.0,200.0,0.0,0.0,0.0,0.0,2618.0,374.0,0.0,0.0,0.0,2992.0,1122.0,7480.0,2022-09-26,2022-09-26,2022,9
SMP,34.008,-118.499,736.0,2022-10-03 18:00:00+00:00,20.8,200.0,0.3,0.58,0.11,3.87,0.33,200.0,,0.0,0.0,0.0,374.0,1122.0,0.0,0.0,0.0,1870.0,748.0,4488.0,2022-10-03,2022-10-03,2022,10
SMP,34.008,-118.499,737.0,2022-10-10 18:00:00+00:00,20.1,200.0,0.9,0.48,0.12,1.84,0.17,200.0,0.0,0.0,0.0,0.0,4862.0,2244.0,0.0,0.0,0.0,748.0,748.0,8602.0,2022-10-10,2022-10-10,2022,10
SMP,34.008,-118.499,738.0,2022-10-17 18:00:00+00:00,17.8,200.0,0.38,0.56,0.06,2.55,0.65,200.0,0.0,0.0,0.0,0.0,0.0,748.0,0.0,0.0,0.0,374.0,748.0,2244.0,2022-10-17,2022-10-17,2022,10
SMP,34.008,-118.499,739.0,2022-10-24 18:00:00+00:00,19.3,200.0,0.2,0.62,0.03,4.47,0.0,200.0,0.0,0.0,0.0,0.0,374.0,374.0,0.0,0.0,0.0,7106.0,1122.0,9724.0,2022-10-24,2022-10-24,2022,10
SMP,34.008,-118.499,740.0,2022-10-31 18:00:00+00:00,18.0,200.0,1.09,0.48,0.09,1.08,0.41,200.0,0.0,0.0,0.0,0.0,21318.0,19448.0,0.0,0.0,0.0,30294.0,5236.0,77045.0,2022-10-31,2022-10-31,2022,10
SMP,34.008,-118.499,741.0,2022-11-07 18:00:00+00:00,15.7,200.0,2.01,1.16,0.9,3.22,7.1,200.0,0.0,0.0,0.0,1870.0,26554.0,16456.0,0.0,0.0,748.0,1496.0,12716.0,61338.0,2022-11-07,2022-11-07,2022,11
SMP,34.008,-118.499,742.0,2022-11-14 19:00:00+00:00,15.8,200.0,0.63,0.53,0.2,1.2,1.1,200.0,0.0,0.0,0.0,0.0,6358.0,7106.0,16830.0,5610.0,0.0,105842.0,5610.0,148107.0,2022-11-14,2022-11-14,2022,11
SMP,34.008,-118.499,743.0,2022-11-21 19:00:00+00:00,15.9,200.0,0.89,0.74,0.09,5.45,0.51,200.0,0.0,0.0,0.0,0.0,0.0,748.0,0.0,0.0,0.0,0.0,1496.0,2996.0,2022-11-21,2022-11-21,2022,11
SMP,34.008,-118.499,744.0,2022-11-28 19:00:00+00:00,16.3,200.0,0.65,0.74,0.11,2.79,0.21,200.0,0.0,0.0,0.0,0.0,3740.0,374.0,1496.0,748.0,0.0,5236.0,3740.0,16087.0,2022-11-28,2022-11-28,2022,11
SMP,34.008,-118.499,745.0,2022-12-05 19:00:00+00:00,16.5,200.0,1.06,0.83,0.18,8.75,1.33,200.0,0.0,0.0,0.0,0.0,748.0,0.0,0.0,0.0,0.0,1122.0,748.0,2618.0,2022-12-05,2022-12-05,2022,12
SMP,34.008,-118.499,746.0,2022-12-12 19:00:00+00:00,15.0,200.0,4.27,1.23,0.54,3.04,3.61,200.0,0.039,0.0,0.0,374.0,25806.0,748.0,0.0,0.0,0.0,5984.0,4862.0,38522.0,2022-12-12,2022-12-12,2022,12
SMP,34.008,-118.499,747.0,2022-12-19 19:00:00+00:00,14.3,200.0,3.1,0.82,0.33,2.17,2.09,200.0,0.096,0.0,0.0,748.0,3366.0,0.0,8976.0,16082.0,0.0,65076.0,0.0,95370.0,2022-12-19,2022-12-19,2022,12
SMP,34.008,-118.499,748.0,2022-12-26 19:00:00+00:00,14.8,200.0,6.81,0.58,0.13,0.4,0.1,200.0,0.044,0.0,0.0,0.0,39644.0,22066.0,4488.0,20944.0,748.0,115192.0,13090.0,217668.0,2022-12-26,2022-12-26,2022,12
SMP,34.008,-118.499,749.0,2023-01-02 19:00:00+00:00,14.8,200.0,1.46,0.65,0.19,2.92,1.4,200.0,0.0,0.0,0.0,0.0,1870.0,0.0,0.0,2618.0,0.0,5984.0,374.0,11220.0,2023-01-02,2023-01-02,2023,1
SMP,34.008,-118.499,750.0,2023-01-09 19:00:00+00:00,14.9,200.0,0.65,0.63,0.26,2.4,2.23,200.0,0.0,0.0,0.0,0.0,374.0,0.0,748.0,0.0,0.0,748.0,374.0,2244.0,2023-01-09,2023-01-09,2023,1
SMP,34.008,-118.499,751.0,2023-01-16 19:00:00+00:00,12.1,200.0,1.33,0.64,0.2,2.73,3.06,200.0,0.0,0.0,0.0,374.0,3740.0,374.0,0.0,0.0,0.0,748.0,0.0,11968.0,2023-01-16,2023-01-16,2023,1
SMP,34.008,-118.499,752.0,2023-01-23 19:00:00+00:00,13.2,200.0,0.88,0.72,0.54,2.98,6.02,200.0,0.0,0.0,0.0,0.0,0.0,0.0,748.0,0.0,0.0,12342.0,0.0,13464.0,2023-01-23,2023-01-23,2023,1
SMP,34.008,-118.499,753.0,2023-01-30 19:00:00+00:00,14.2,200.0,4.87,0.51,0.19,0.89,1.62,200.0,0.0,0.0,0.0,1870.0,1122.0,7106.0,1496.0,0.0,748.0,103972.0,23562.0,140250.0,2023-01-30,2023-01-30,2023,1
SMP,34.008,-118.499,754.0,2023-02-06 18:00:00+00:00,14.0,200.0,1.9,0.51,0.16,2.36,1.17,200.0,0.0,0.0,0.0,0.0,0.0,0.0,1122.0,748.0,0.0,41514.0,1496.0,45254.0,2023-02-06,2023-02-06,2023,2
SMP,34.008,-118.499,755.0,2023-02-13 18:00:00+00:00,13.7,200.0,2.67,0.48,0.19,2.22,1.61,200.0,0.0,0.0,0.0,0.0,374.0,374.0,7106.0,374.0,0.0,204204.0,1122.0,213929.0,2023-02-13,2023-02-13,2023,2
SMP,34.008,-118.499,756.0,2023-02-20 19:00:00+00:00,13.3,200.0,3.84,0.69,0.42,2.88,5.62,200.0,0.0,374.0,0.0,748.0,748.0,2992.0,6732.0,12716.0,748.0,170918.0,1496.0,198222.0,2023-02-20,2023-02-20,2023,2
SMP,34.008,-118.499,757.0,2023-02-27 19:00:00+00:00,13.8,200.0,5.36,1.05,0.51,2.44,6.31,200.0,0.0,0.0,0.0,374.0,374.0,1496.0,8228.0,0.0,374.0,119306.0,2244.0,132396.0,2023-02-27,2023-02-27,2023,2
SMP,34.008,-118.499,758.0,2023-03-06 20:00:00+00:00,14.0,200.0,2.81,0.57,0.26,2.14,3.84,200.0,0.026,0.0,0.0,0.0,0.0,2244.0,11220.0,46750.0,0.0,224400.0,1496.0,286110.0,2023-03-06,2023-03-06,2023,3
SMP,34.008,-118.499,759.0,2023-03-13 16:30:00+00:00,14.0,200.0,3.66,0.54,0.24,3.21,3.86,200.0,0.065,0.0,0.0,748.0,374.0,4114.0,6732.0,52734.0,748.0,110704.0,12716.0,189244.0,2023-03-13,2023-03-13,2023,3
SMP,34.008,-118.499,760.0,2023-03-20 17:00:00+00:00,14.5,200.0,26.91,0.81,0.18,0.29,0.92,200.0,0.035,0.0,0.0,38862.0,9716.0,558836.0,4858.0,34004.0,0.0,155448.0,738378.0,1544959.0,2023-03-20,2023-03-20,2023,3
SMP,34.008,-118.499,761.0,2023-03-27 17:30:00+00:00,12.8,200.0,1.86,1.52,0.39,2.13,10.7,200.0,0.0,0.0,0.0,374.0,374.0,5984.0,4488.0,2244.0,0.0,74052.0,6732.0,94248.0,2023-03-27,2023-03-27,2023,3
SMP,34.008,-118.499,762.0,2023-04-03 17:30:00+00:00,14.2,200.0,12.41,0.9,0.0,0.41,0.85,200.0,0.059,0.0,0.0,748.0,748.0,84524.0,0.0,41888.0,0.0,11220.0,106216.0,245344.0,2023-04-03,2023-04-03,2023,4
SMP,34.008,-118.499,763.0,2023-04-10 18:00:00+00:00,14.0,200.0,4.7,1.28,0.16,3.39,1.31,200.0,0.0,0.0,0.0,0.0,0.0,139903.0,27203.0,27203.0,0.0,718947.0,29147.0,942404.0,2023-04-10,2023-04-10,2023,4
SMP,34.008,-118.499,764.0,2023-04-17 19:00:00+00:00,15.0,200.0,13.89,0.88,0.75,2.44,,200.0,0.084,0.0,0.0,3886.0,0.0,314782.0,38862.0,330327.0,0.0,353644.0,23317.0,1251356.0,2023-04-17,2023-04-17,2023,4
SMP,34.008,-118.499,765.0,2023-04-24 17:30:00+00:00,15.8,200.0,10.97,0.87,0.0,0.23,0.0,200.0,0.02,0.0,0.0,0.0,0.0,108814.0,0.0,190424.0,0.0,93269.0,97155.0,493547.0,2023-04-24,2023-04-24,2023,4
SMP,34.008,-118.499,766.0,2023-05-01 17:00:00+00:00,15.2,200.0,14.04,1.91,0.11,1.79,0.0,200.0,0.0,0.0,0.0,0.0,0.0,1646777.0,0.0,68009.0,0.0,9716.0,204026.0,1928527.0,2023-05-01,2023-05-01,2023,5
SMP,34.008,-118.499,767.0,2023-05-08 19:00:00+00:00,16.8,200.0,11.24,1.09,0.0,0.94,0.0,200.0,0.0,0.0,0.0,0.0,0.0,320612.0,0.0,97155.0,0.0,29289.0,72866.0,514922.0,2023-05-08,2023-05-08,2023,5
SMP,34.008,-118.499,768.0,2023-05-15 17:00:00+00:00,16.6,200.0,17.63,1.99,0.13,0.47,0.0,200.0,0.0,0.0,0.0,0.0,0.0,3206115.0,0.0,19431.0,0.0,0.0,48578.0,3274124.0,2023-05-15,2023-05-15,2023,5
SMP,34.008,-118.499,769.0,2023-05-22 17:00:00+00:00,17.1,200.0,7.14,1.49,0.31,9.81,0.96,200.0,0.095,0.0,0.0,2615.0,0.0,9350.0,3366.0,0.0,374.0,55352.0,2244.0,73304.0,2023-05-22,2023-05-22,2023,5
SMP,34.008,-118.499,770.0,2023-05-29 17:00:00+00:00,17.3,200.0,31.43,1.18,0.13,0.74,0.0,200.0,0.0,0.0,0.0,13464.0,0.0,11594.0,0.0,0.0,374.0,5610.0,8602.0,40018.0,2023-05-29,2023-05-29,2023,5
SMP,34.008,-118.499,771.0,2023-06-05 18:30:00+00:00,17.6,200.0,5.55,0.85,0.13,2.21,1.62,200.0,0.0,0.0,0.0,0.0,0.0,3366.0,0.0,0.0,0.0,14960.0,2992.0,21318.0,2023-06-05,2023-06-05,2023,6
SMP,34.008,-118.499,772.0,2023-06-12 17:00:00+00:00,17.5,200.0,9.73,1.15,0.0,1.99,0.27,200.0,0.0,0.0,0.0,374.0,374.0,11594.0,0.0,0.0,0.0,1122.0,5236.0,19074.0,2023-06-12,2023-06-12,2023,6
SMP,34.008,-118.499,773.0,2023-06-19 17:00:00+00:00,18.6,200.0,5.72,0.85,0.0,0.33,0.21,200.0,0.0,0.0,0.0,0.0,0.0,4488.0,748.0,748.0,0.0,0.0,748.0,7854.0,2023-06-19,2023-06-19,2023,6
SMP,34.008,-118.499,774.0,2023-06-26 17:00:00+00:00,17.3,200.0,5.37,0.83,0.0,0.0,0.0,200.0,0.0,0.0,0.0,0.0,0.0,6732.0,19074.0,1122.0,0.0,18326.0,1496.0,49368.0,2023-06-26,2023-06-26,2023,6
SMP,34.008,-118.499,775.0,2023-07-03 20:00:00+00:00,19.6,200.0,6.58,0.85,0.0,0.76,0.22,200.0,0.0,0.0,0.0,0.0,374.0,1122.0,1122.0,0.0,0.0,2618.0,374.0,7106.0,2023-07-03,2023-07-03,2023,7
SMP,34.008,-118.499,776.0,2023-07-10 18:00:00+00:00,19.7,200.0,7.48,0.72,0.0,0.31,0.0,200.0,0.0,0.0,0.0,0.0,0.0,374.0,0.0,374.0,0.0,7106.0,0.0,10472.0,2023-07-10,2023-07-10,2023,7
SMP,34.008,-118.499,777.0,2023-07-17 18:00:00+00:00,21.2,200.0,4.67,0.71,0.0,0.0,0.0,200.0,0.041,0.0,0.0,0.0,748.0,1122.0,0.0,374.0,0.0,58718.0,1122.0,68068.0,2023-07-17,2023-07-17,2023,7
SMP,34.008,-118.499,778.0,2023-07-24 20:00:00+00:00,21.1,200.0,1.65,1.04,0.0,4.01,0.3,200.0,0.0,0.0,0.0,0.0,4114.0,748.0,0.0,0.0,0.0,3366.0,748.0,14586.0,2023-07-24,2023-07-24,2023,7
SMP,34.008,-118.499,779.0,2023-07-31 20:00:00+00:00,22.5,200.0,0.89,1.03,0.0,4.55,0.3,200.0,0.0,0.0,0.0,0.0,0.0,748.0,0.0,0.0,0.0,2992.0,0.0,9350.0,2023-07-31,2023-07-31,2023,7
SMP,34.008,-118.499,780.0,2023-08-07 18:30:00+00:00,23.2,200.0,1.86,0.33,0.08,3.02,0.2,200.0,0.0,0.0,0.0,0.0,0.0,1122.0,0.0,0.0,0.0,374.0,374.0,1870.0,2023-08-07,2023-08-07,2023,8
SMP,34.008,-118.499,781.0,2023-08-14 17:30:00+00:00,22.5,200.0,3.71,0.26,0.04,0.37,0.03,200.0,0.0,0.0,0.0,0.0,50490.0,1122.0,0.0,0.0,0.0,0.0,1870.0,54230.0,2023-08-14,2023-08-14,2023,8
SMP,34.008,-118.499,782.0,2023-08-21 18:00:00+00:00,17.5,200.0,1.53,0.91,0.28,2.82,3.17,200.0,0.0,0.0,0.0,0.0,22814.0,748.0,0.0,0.0,0.0,67320.0,0.0,92004.0,2023-08-21,2023-08-21,2023,8
SMP,34.008,-118.499,783.0,2023-08-28 20:30:00+00:00,21.2,200.0,13.06,0.28,0.18,0.99,1.03,200.0,0.0,0.0,0.0,0.0,12716.0,0.0,0.0,0.0,0.0,1496.0,0.0,14960.0,2023-08-28,2023-08-28,2023,8
SMP,34.008,-118.499,784.0,2023-09-04 18:00:00+00:00,21.1,200.0,3.32,0.41,0.08,0.92,0.54,200.0,0.0,0.0,0.0,0.0,74052.0,748.0,1122.0,0.0,0.0,17952.0,5984.0,100606.0,2023-09-04,2023-09-04,2023,9
SMP,34.008,-118.499,785.0,2023-09-11 18:00:00+00:00,21.9,200.0,13.69,0.31,0.08,0.25,0.21,200.0,0.0,0.0,0.0,0.0,65824.0,0.0,4488.0,0.0,0.0,78540.0,83028.0,234872.0,2023-09-11,2023-09-11,2023,9
SMP,34.008,-118.499,786.0,2023-09-18 18:00:00+00:00,16.9,200.0,1.09,0.43,0.04,2.9,0.2,200.0,0.0,0.0,0.0,0.0,0.0,8976.0,0.0,0.0,0.0,748.0,0.0,11220.0,2023-09-18,2023-09-18,2023,9
SMP,34.008,-118.499,787.0,2023-09-25 18:00:00+00:00,19.4,200.0,1.51,0.26,0.07,2.78,0.0,200.0,0.0,0.0,0.0,0.0,0.0,748.0,0.0,0.0,0.0,2244.0,374.0,5236.0,2023-09-25,2023-09-25,2023,9
SMP,34.008,-118.499,788.0,2023-10-02 18:00:00+00:00,18.6,200.0,2.0,0.25,0.01,0.74,0.02,200.0,0.0,0.0,0.0,0.0,0.0,4862.0,0.0,0.0,0.0,13090.0,1496.0,25432.0,2023-10-02,2023-10-02,2023,10
SMP,34.008,-118.499,789.0,2023-10-09 18:00:00+00:00,19.2,200.0,2.59,0.28,0.07,0.82,0.29,200.0,0.0,0.0,0.0,0.0,2992.0,2618.0,0.0,0.0,0.0,38522.0,1122.0,46750.0,2023-10-09,2023-10-09,2023,10
SMP,34.008,-118.499,790.0,2023-10-16 17:30:00+00:00,18.7,200.0,0.72,0.33,0.08,1.98,0.66,200.0,0.0,0.0,748.0,374.0,1870.0,374.0,0.0,0.0,0.0,2244.0,374.0,6732.0,2023-10-16,2023-10-16,2023,10
SMP,34.008,-118.499,791.0,2023-10-24 19:00:00+00:00,18.5,200.0,3.15,0.24,0.05,0.53,0.02,200.0,0.0,0.0,0.0,0.0,14960.0,8602.0,0.0,0.0,0.0,3740.0,5610.0,33660.0,2023-10-24,2023-10-23,2023,10
SMP,34.008,-118.499,792.0,2023-10-30 19:00:00+00:00,17.5,200.0,1.26,0.21,0.08,0.7,0.05,200.0,0.0,0.0,0.0,0.0,748.0,374.0,0.0,0.0,0.0,43626.0,2992.0,49742.0,2023-10-30,2023-10-30,2023,10
SMP,34.008,-118.499,793.0,2023-11-06 19:00:00+00:00,17.9,200.0,0.69,0.32,0.07,2.31,0.2,200.0,0.0,0.0,0.0,0.0,4488.0,2992.0,0.0,0.0,0.0,748.0,748.0,11968.0,2023-11-06,2023-11-06,2023,11
SMP,34.008,-118.499,794.0,2023-11-13 22:00:00+00:00,17.4,200.0,1.68,0.55,0.16,3.01,0.75,200.0,0.0,0.0,0.0,0.0,3740.0,374.0,0.0,0.0,0.0,2244.0,1870.0,10472.0,2023-11-13,2023-11-13,2023,11
SMP,34.008,-118.499,795.0,2023-11-20 20:00:00+00:00,17.2,200.0,6.77,0.42,0.07,0.16,0.13,200.0,0.0,0.0,0.0,374.0,7106.0,748.0,0.0,0.0,0.0,4610.0,1496.0,17578.0,2023-11-20,2023-11-20,2023,11
SMP,34.008,-118.499,796.0,2023-11-27 19:00:00+00:00,17.1,200.0,5.91,0.51,0.09,1.52,0.37,200.0,0.025,0.0,0.0,0.0,374.0,748.0,0.0,0.0,0.0,374.0,1496.0,4114.0,2023-11-27,2023-11-27,2023,11
SMP,34.008,-118.499,797.0,2023-12-04 19:00:00+00:00,17.0,200.0,2.26,0.43,0.04,0.69,0.0,200.0,0.0,0.0,0.0,0.0,4488.0,5610.0,0.0,0.0,0.0,2992.0,3740.0,19074.0,2023-12-04,2023-12-04,2023,12
SMP,34.008,-118.499,798.0,2023-12-11 19:00:00+00:00,16.4,200.0,0.71,0.43,0.07,1.8,0.32,200.0,0.0,0.0,0.0,374.0,1122.0,748.0,0.0,0.0,0.0,1496.0,374.0,5236.0,2023-12-11,2023-12-11,2023,12
SMP,34.008,-118.499,799.0,2023-12-18 19:00:00+00:00,16.7,200.0,2.51,0.41,0.03,1.76,0.34,200.0,0.046,0.0,0.0,0.0,4862.0,2992.0,0.0,0.0,0.0,5610.0,1496.0,16082.0,2023-12-18,2023-12-18,2023,12
SMP,34.008,-118.499,800.0,2023-12-25 19:00:00+00:00,16.9,200.0,0.79,0.47,0.07,2.25,0.42,200.0,0.0,0.0,0.0,0.0,1870.0,1122.0,0.0,0.0,0.0,2992.0,1496.0,8602.0,2023-12-25,2023-12-25,2023,12
SMP,34.008,-118.499,801.0,2024-01-01 19:00:00+00:00,16.4,200.0,3.66,,,,,200.0,0.0,374.0,0.0,0.0,3740.0,4488.0,0.0,0.0,0.0,4862.0,748.0,14960.0,2024-01-01,2024-01-01,2024,1
SMP,34.008,-118.499,802.0,2024-01-08 20:00:00+00:00,14.6,200.0,0.65,0.45,0.08,0.85,0.17,200.0,0.0,0.0,0.0,0.0,1870.0,0.0,0.0,0.0,0.0,2618.0,374.0,6358.0,2024-01-08,2024-01-08,2024,1
SMP,34.008,-118.499,803.0,2024-01-15 19:00:00+00:00,14.4,200.0,0.83,0.43,0.04,4.74,0.38,200.0,0.0,0.0,0.0,0.0,748.0,,2244.0,3366.0,0.0,75922.0,0.0,83028.0,2024-01-15,2024-01-15,2024,1
SMP,34.008,-118.499,804.0,2024-01-22 21:00:00+00:00,14.9,200.0,4.74,0.35,0.08,0.54,0.34,200.0,0.0,0.0,0.0,0.0,7772.0,0.0,85496.0,66065.0,0.0,617906.0,0.0,777240.0,2024-01-22,2024-01-22,2024,1
SMP,34.008,-118.499,805.0,2024-01-29 19:00:00+00:00,16.0,200.0,1.44,0.36,0.18,0.32,0.2,200.0,0.0,0.0,0.0,0.0,2992.0,374.0,748.0,748.0,0.0,95744.0,1122.0,102476.0,2024-01-29,2024-01-29,2024,1
SMP,34.008,-118.499,806.0,2024-02-05 22:00:00+00:00,15.3,200.0,1.35,0.88,0.19,1.21,1.1,200.0,0.0,0.0,0.0,0.0,374.0,0.0,0.0,374.0,0.0,5984.0,1496.0,8976.0,2024-02-05,2024-02-05,2024,2
SMP,34.008,-118.499,807.0,2024-02-12 19:00:00+00:00,15.2,200.0,0.59,0.51,0.22,2.41,2.56,200.0,0.0,0.0,0.0,0.0,748.0,0.0,748.0,749.0,0.0,11968.0,0.0,14960.0,2024-02-12,2024-02-12,2024,2
SMP,34.008,-118.499,808.0,2024-02-19 19:00:00+00:00,15.0,200.0,4.53,0.52,0.21,1.57,0.97,200.0,0.0,0.0,0.0,748.0,19822.0,1122.0,0.0,1496.0,0.0,7584.0,3366.0,35156.0,2024-02-19,2024-02-19,2024,2
SMP,34.008,-118.499,809.0,2024-02-26 19:00:00+00:00,15.2,200.0,2.73,0.39,0.17,1.51,1.04,200.0,0.0,0.0,0.0,748.0,1496.0,374.0,748.0,0.0,374.0,374.0,5236.0,10098.0,2024-02-26,2024-02-26,2024,2
SMP,34.008,-118.499,810.0,2024-03-04 19:00:00+00:00,15.2,200.0,3.0,,,,,200.0,0.0,0.0,0.0,374.0,47124.0,3366.0,0.0,0.0,0.0,1122.0,22066.0,74800.0,2024-03-04,2024-03-04,2024,3
SMP,34.008,-118.499,811.0,2024-03-11 20:00:00+00:00,14.9,200.0,1.5,0.28,0.45,1.54,4.2,200.0,0.0,0.0,0.0,0.0,4862.0,0.0,6358.0,1122.0,0.0,34034.0,1122.0,49742.0,2024-03-11,2024-03-11,2024,3
SMP,34.008,-118.499,812.0,2024-03-18 18:00:00+00:00,15.1,200.0,1.96,0.6,0.39,0.79,5.56,200.0,0.0,0.0,0.0,0.0,0.0,0.0,6732.0,11594.0,0.0,64328.0,374.0,89012.0,2024-03-18,2024-03-18,2024,3
SMP,34.008,-118.499,813.0,2024-03-25 20:00:00+00:00,15.4,200.0,2.37,0.79,0.27,0.59,9.0,200.0,0.0,0.0,0.0,748.0,748.0,748.0,2244.0,3740.0,0.0,209440.0,2992.0,224400.0,2024-03-25,2024-03-25,2024,3
SMP,34.008,-118.499,814.0,2024-04-01 21:00:00+00:00,15.6,200.0,1.36,0.71,0.12,0.82,6.2,200.0,0.0,0.0,0.0,374.0,0.0,1870.0,0.0,3740.0,0.0,84150.0,1476.0,92752.0,2024-04-01,2024-04-01,2024,4
SMP,34.008,-118.499,815.0,2024-04-08 21:00:00+00:00,15.5,200.0,4.1,0.4,0.11,0.64,1.54,200.0,0.0,0.0,0.0,0.0,0.0,3886.0,0.0,58293.0,0.0,2852047.0,3886.0,2728112.0,2024-04-08,2024-04-08,2024,4
SMP,34.008,-118.499,816.0,2024-04-15 18:00:00+00:00,15.0,200.0,1.38,0.63,,1.86,1.91,200.0,0.0,0.0,0.0,748.0,748.0,13090.0,0.0,5610.0,0.0,67694.0,1122.0,89760.0,2024-04-15,2024-04-15,2024,4
SMP,34.008,-118.499,817.0,2024-04-22 21:00:00+00:00,15.2,200.0,6.91,0.5,,2.02,0.58,200.0,0.0,0.0,0.0,2244.0,6358.0,27302.0,748.0,5236.0,0.0,40392.0,2244.0,85646.0,2024-04-22,2024-04-22,2024,4
SMP,34.008,-118.499,818.0,2024-04-29 18:00:00+00:00,15.5,200.0,17.29,1.91,,0.68,0.1,200.0,0.0,0.0,0.0,748.0,2618.0,96118.0,748.0,0.0,0.0,6358.0,9350.0,116688.0,2024-04-29,2024-04-29,2024,4
SMP,34.008,-118.499,819.0,2024-05-06 21:00:00+00:00,15.8,200.0,6.18,1.55,1.0,0.98,15.32,200.0,0.0,0.0,0.0,0.0,2992.0,29172.0,0.0,0.0,0.0,4114.0,4114.0,41888.0,2024-05-06,2024-05-06,2024,5
SMP,34.008,-118.499,820.0,2024-05-13 21:00:00+00:00,18.1,200.0,21.36,0.89,,0.37,0.16,200.0,0.046,0.0,0.0,5610.0,5984.0,49368.0,4862.0,11220.0,11220.0,7480.0,11594.0,108834.0,2024-05-13,2024-05-13,2024,5
SMP,34.008,-118.499,821.0,2024-05-20 19:00:00+00:00,17.5,200.0,21.43,1.33,,0.45,,200.0,0.0,0.0,0.0,5984.0,1870.0,3740.0,0.0,0.0,0.0,1496.0,14212.0,28050.0,2024-05-20,2024-05-20,2024,5
SMP,34.008,-118.499,822.0,2024-05-28 00:00:00+00:00,17.8,200.0,11.97,0.73,,0.24,,200.0,0.0,0.0,0.0,1870.0,4862.0,11968.0,1122.0,0.0,1122.0,1496.0,10098.0,33660.0,2024-05-28,2024-05-27,2024,5
SMP,34.008,-118.499,823.0,2024-06-04 00:00:00+00:00,17.8,200.0,15.9,0.83,,0.59,,200.0,0.0,0.0,0.0,0.0,2992.0,5236.0,5236.0,0.0,374.0,6732.0,19822.0,42636.0,2024-06-04,2024-06-03,2024,6
SMP,34.008,-118.499,824.0,2024-06-10 21:00:00+00:00,18.4,200.0,2.16,0.39,,0.54,0.14,200.0,0.0,0.0,0.0,0.0,0.0,1122.0,0.0,0.0,0.0,3366.0,1496.0,6732.0,2024-06-10,2024-06-10,2024,6
SMP,34.008,-118.499,825.0,2024-06-17 21:00:00+00:00,19.4,200.0,1.42,0.43,0.16,1.53,0.17,200.0,0.0,0.0,0.0,748.0,748.0,9724.0,1496.0,0.0,4114.0,41140.0,9350.0,68442.0,2024-06-17,2024-06-17,2024,6
SMP,34.008,-118.499,826.0,2024-06-24 21:00:00+00:00,20.0,200.0,0.75,0.27,,0.21,,200.0,0.0,0.0,0.0,0.0,0.0,1496.0,1496.0,0.0,0.0,122672.0,20196.0,146608.0,2024-06-24,2024-06-24,2024,6
SMP,34.008,-118.499,827.0,2024-07-01 21:00:00+00:00,20.8,200.0,2.49,0.27,,,,200.0,0.034,0.0,0.0,0.0,748.0,18326.0,72930.0,0.0,1122.0,97614.0,11594.0,203082.0,2024-07-01,2024-07-01,2024,7
SMP,34.008,-118.499,828.0,2024-07-08 21:00:00+00:00,20.8,200.0,1.37,0.33,,0.27,,200.0,0.0,0.0,0.0,0.0,5236.0,23936.0,0.0,0.0,0.0,28424.0,9724.0,68068.0,2024-07-08,2024-07-08,2024,7
SMP,34.008,-118.499,829.0,2024-07-15 21:00:00+00:00,21.8,200.0,2.42,0.43,,,,200.0,0.0,0.0,0.0,0.0,1496.0,14212.0,2244.0,0.0,0.0,112948.0,10472.0,142868.0,2024-07-15,2024-07-15,2024,7
SMP,34.008,-118.499,830.0,2024-07-22 19:00:00+00:00,21.6,200.0,0.61,0.38,,0.31,,200.0,0.0,0.0,0.0,0.0,0.0,0.0,38862.0,0.0,0.0,2156841.0,4858.0,2200561.0,2024-07-22,2024-07-22,2024,7
SMP,34.008,-118.499,883.0,2024-07-28 19:00:00+00:00,21.5,200.0,0.36,0.41,0.1,0.06,0.0,200.0,0.0,0.0,0.0,0.0,0.0,1870.0,0.0,0.0,0.0,6358.0,1870.0,10472.0,2024-07-28,2024-07-22,2024,7
SMP,34.008,-118.499,831.0,2024-07-29 22:00:00+00:00,21.0,200.0,1.28,0.75,0.11,0.91,,200.0,0.0,0.0,0.0,0.0,4858.0,19431.0,9716.0,9716.0,0.0,485775.0,4858.0,539210.0,2024-07-29,2024-07-29,2024,7
SMP,34.008,-118.499,832.0,2024-08-05 17:00:00+00:00,18.5,200.0,2.27,0.54,0.15,1.39,,200.0,0.0,0.0,0.0,0.0,0.0,31090.0,11659.0,7772.0,0.0,244831.0,27204.0,322555.0,2024-08-05,2024-08-05,2024,8
SMP,34.008,-118.499,833.0,2024-08-12 18:00:00+00:00,20.8,200.0,0.91,0.19,,0.31,,200.0,0.0,0.0,0.0,0.0,374.0,28424.0,2992.0,0.0,0.0,5984.0,6732.0,45254.0,2024-08-12,2024-08-12,2024,8
SMP,34.008,-118.499,834.0,2024-08-19 20:00:00+00:00,23.5,200.0,0.91,0.3,,0.28,,200.0,0.0,0.0,0.0,0.0,0.0,15708.0,0.0,0.0,0.0,80784.0,6732.0,103972.0,2024-08-19,2024-08-19,2024,8
SMP,34.008,-118.499,835.0,2024-08-26 18:00:00+00:00,23.4,200.0,1.43,0.26,,,,200.0,0.0,0.0,0.0,0.0,4488.0,10098.0,2244.0,0.0,5984.0,126038.0,11968.0,161568.0,2024-08-26,2024-08-26,2024,8
SMP,34.008,-118.499,836.0,2024-09-02 18:00:00+00:00,23.5,200.0,0.8,0.37,,,,200.0,0.0,0.0,0.0,0.0,374.0,2244.0,0.0,0.0,2244.0,34782.0,374.0,40766.0,2024-09-02,2024-09-02,2024,9
SMP,34.008,-118.499,837.0,2024-09-09 18:00:00+00:00,20.5,200.0,2.14,0.5,0.11,0.64,,200.0,0.0,0.0,0.0,0.0,0.0,1496.0,3740.0,0.0,0.0,90134.0,2618.0,99858.0,2024-09-09,2024-09-09,2024,9
SMP,34.008,-118.499,838.0,2024-09-16 18:00:00+00:00,20.0,200.0,0.73,0.38,,0.4,0.25,200.0,0.0,0.0,0.0,0.0,0.0,374.0,0.0,748.0,0.0,32164.0,1496.0,36278.0,2024-09-16,2024-09-16,2024,9
SMP,34.008,-118.499,839.0,2024-09-23 18:00:00+00:00,20.0,200.0,4.3,0.44,,0.45,0.27,200.0,0.0,0.0,0.0,0.0,374.0,3740.0,748.0,0.0,0.0,1870.0,2618.0,14960.0,2024-09-23,2024-09-23,2024,9
SMP,34.008,-118.499,840.0,2024-09-30 18:00:00+00:00,19.0,200.0,6.8,0.4,,0.95,0.25,200.0,0.0,0.0,0.0,374.0,1122.0,1496.0,0.0,0.0,0.0,2244.0,7480.0,14586.0,2024-09-30,2024-09-30,2024,9
SMP,34.008,-118.499,841.0,2024-10-07 18:00:00+00:00,19.0,200.0,2.3,0.44,0.2,2.06,0.41,200.0,0.0,1122.0,0.0,0.0,4488.0,3740.0,3366.0,1122.0,374.0,8602.0,4862.0,28801.0,2024-10-07,2024-10-07,2024,10
SMP,34.008,-118.499,842.0,2024-10-14 21:00:00+00:00,20.0,200.0,14.0,0.49,,,0.11,200.0,0.0,0.0,0.0,0.0,110704.0,13464.0,0.0,0.0,374.0,14212.0,23562.0,164186.0,2024-10-14,2024-10-14,2024,10
SMP,34.008,-118.499,843.0,2024-10-21 21:00:00+00:00,19.5,200.0,33.8,0.5,0.3,0.32,0.37,200.0,0.0,0.0,0.0,6471.0,3024759.0,472821.0,0.0,0.0,0.0,0.0,213735.0,3721672.0,2024-10-21,2024-10-21,2024,10
SMP,34.008,-118.499,844.0,2024-10-28 18:00:00+00:00,16.5,200.0,2.6,0.29,0.47,3.29,0.19,200.0,0.0,0.0,0.0,2244.0,46750.0,3740.0,0.0,374.0,1870.0,748.0,72556.0,128656.0,2024-10-28,2024-10-28,2024,10
SMP,34.008,-118.499,845.0,2024-11-04 22:00:00+00:00,15.5,200.0,0.63,0.86,0.68,4.31,3.47,200.0,0.0,0.0,0.0,0.0,1122.0,0.0,0.0,0.0,0.0,1870.0,14960.0,24684.0,2024-11-04,2024-11-04,2024,11
SMP,34.008,-118.499,846.0,2024-11-11 19:00:00+00:00,16.8,200.0,7.6,0.63,0.27,2.92,0.6,200.0,0.0,0.0,0.0,374.0,14960.0,6732.0,748.0,2244.0,0.0,95744.0,3740.0,128656.0,2024-11-11,2024-11-11,2024,11
SMP,34.008,-118.499,847.0,2024-11-18 19:00:00+00:00,15.0,200.0,1.8,0.73,0.32,3.25,4.9,200.0,0.0,0.0,0.0,1496.0,13838.0,4114.0,748.0,0.0,0.0,12716.0,2244.0,36278.0,2024-11-18,2024-11-18,2024,11
SMP,34.008,-118.499,848.0,2024-11-25 19:00:00+00:00,15.0,200.0,1.3,0.6,0.33,2.58,4.19,200.0,0.0,0.0,0.0,0.0,374.0,748.0,0.0,0.0,0.0,9350.0,374.0,14960.0,2024-11-25,2024-11-25,2024,11
SMP,34.008,-118.499,849.0,2024-12-02 19:00:00+00:00,15.5,200.0,0.78,0.53,0.17,1.48,1.56,200.0,0.0,0.0,0.0,0.0,0.0,0.0,0.0,0.0,0.0,4760.0,680.0,6188.0,2024-12-02,2024-12-02,2024,12
SMP,34.008,-118.499,850.0,2024-12-09 21:00:00+00:00,15.0,200.0,4.03,0.39,0.06,1.37,0.43,200.0,0.0,0.0,0.0,2244.0,2244.0,18326.0,0.0,0.0,0.0,1870.0,10472.0,39270.0,2024-12-09,2024-12-09,2024,12
SMP,34.008,-118.499,851.0,2024-12-16 21:00:00+00:00,16.0,200.0,3.66,,,,,200.0,0.0,0.0,0.0,374.0,3740.0,29546.0,0.0,748.0,0.0,4488.0,13090.0,54230.0,2024-12-16,2024-12-16,2024,12
SMP,34.008,-118.499,852.0,2024-12-23 21:00:00+00:00,16.0,200.0,4.6,0.52,0.03,1.8,0.08,200.0,0.0,0.0,0.0,374.0,374.0,11220.0,0.0,0.0,0.0,5236.0,7106.0,28424.0,2024-12-23,2024-12-23,2024,12
SMP,34.008,-118.499,853.0,2024-12-30 21:00:00+00:00,15.5,200.0,3.92,0.53,0.63,3.88,1.5,200.0,0.0,0.0,0.0,1496.0,2992.0,86394.0,0.0,0.0,0.0,1122.0,7854.0,100606.0,2024-12-30,2024-12-30,2024,12
SMP,34.008,-118.499,854.0,2025-01-06 21:00:00+00:00,15.5,200.0,17.32,0.57,0.03,0.75,0.0,200.0,0.0,0.0,0.0,2992.0,2992.0,320144.0,0.0,2244.0,0.0,16456.0,22440.0,367268.0,2025-01-06,2025-01-06,2025,1
SMP,34.008,-118.499,855.0,2025-01-13 21:00:00+00:00,15.0,200.0,8.55,0.33,0.18,1.06,0.98,200.0,0.0,0.0,0.0,0.0,2244.0,15708.0,30668.0,34408.0,0.0,236368.0,14212.0,334730.0,2025-01-13,2025-01-13,2025,1
SMP,34.008,-118.499,856.0,2025-01-20 22:00:00+00:00,15.0,200.0,2.43,0.46,0.26,1.81,0.61,200.0,0.086,0.0,0.0,748.0,374.0,28798.0,13090.0,3366.0,0.0,138006.0,0.0,185504.0,2025-01-20,2025-01-20,2025,1
SMP,34.008,-118.499,857.0,2025-01-27 22:00:00+00:00,15.0,200.0,1.14,0.56,0.17,2.05,1.99,200.0,0.0,0.0,0.0,0.0,0.0,8228.0,374.0,1122.0,0.0,12716.0,1122.0,25058.0,2025-01-27,2025-01-27,2025,1
SMP,34.008,-118.499,858.0,2025-02-03 21:00:00+00:00,14.2,200.0,0.69,0.55,0.28,4.59,2.26,200.0,0.0,0.0,0.0,374.0,0.0,1122.0,0.0,374.0,0.0,1870.0,748.0,4488.0,2025-02-03,2025-02-03,2025,2
SMP,34.008,-118.499,859.0,2025-02-10 21:00:00+00:00,16.0,200.0,0.88,0.6,0.17,1.9,1.33,200.0,0.032,0.0,0.0,0.0,0.0,748.0,1496.0,3366.0,0.0,4488.0,374.0,10472.0,2025-02-10,2025-02-10,2025,2
SMP,34.008,-118.499,860.0,2025-02-17 21:00:00+00:00,16.0,200.0,0.53,0.86,0.37,2.66,3.6,200.0,0.0,0.0,0.0,0.0,0.0,0.0,374.0,0.0,0.0,2244.0,5236.0,8602.0,2025-02-17,2025-02-17,2025,2
SMP,34.008,-118.499,861.0,2025-02-24 20:00:00+00:00,16.0,200.0,5.26,0.49,0.1,0.97,0.77,200.0,0.261,0.0,0.0,2244.0,0.0,13464.0,0.0,20196.0,0.0,15708.0,9724.0,61336.0,2025-02-24,2025-02-24,2025,2
SMP,34.008,-118.499,862.0,2025-03-03 19:00:00+00:00,14.2,200.0,1.54,0.94,0.21,1.88,6.09,200.0,0.43,0.0,0.0,374.0,0.0,1870.0,1870.0,18326.0,0.0,26180.0,748.0,49742.0,2025-03-03,2025-03-03,2025,3
SMP,34.008,-118.499,863.0,2025-03-10 19:00:00+00:00,14.9,200.0,6.68,0.68,0.29,2.16,4.96,200.0,2.475,0.0,0.0,6412.0,6412.0,6412.0,0.0,1528442.0,0.0,0.0,0.0,1547679.0,2025-03-10,2025-03-10,2025,3
SMP,34.008,-118.499,864.0,2025-03-17 18:00:00+00:00,14.8,200.0,15.62,0.58,0.09,0.4,0.21,200.0,1.238,0.0,0.0,0.0,6412.0,6412.0,0.0,1042667.0,0.0,187703.0,0.0,1243195.0,2025-03-17,2025-03-17,2025,3
SMP,34.008,-118.499,865.0,2025-03-24 18:00:00+00:00,16.1,200.0,5.68,0.4,0.26,0.69,0.66,200.0,2.268,0.0,0.0,748.0,0.0,35156.0,0.0,121924.0,0.0,14960.0,13464.0,186252.0,2025-03-24,2025-03-24,2025,3
SMP,34.008,-118.499,866.0,2025-03-31 18:00:00+00:00,15.1,200.0,7.38,0.35,0.07,1.47,0.22,200.0,1.692,0.0,748.0,1496.0,748.0,71060.0,0.0,55352.0,0.0,7840.0,51612.0,188496.0,2025-03-31,2025-03-31,2025,3
SMP,34.008,-118.499,867.0,2025-04-07 18:00:00+00:00,13.3,200.0,21.27,0.39,0.18,1.15,0.32,200.0,2.025,0.0,0.0,0.0,0.0,48578.0,0.0,218599.0,0.0,514922.0,38862.0,825818.0,2025-04-07,2025-04-07,2025,4
SMP,34.008,-118.499,868.0,2025-04-14 18:00:00+00:00,14.8,200.0,5.38,0.35,0.76,7.58,0.56,200.0,0.266,0.0,0.0,0.0,0.0,19431.0,0.0,217627.0,0.0,104927.0,15543.0,361417.0,2025-04-14,2025-04-14,2025,4
SMP,34.008,-118.499,869.0,2025-04-21 18:00:00+00:00,16.2,75.0,14.2,2.92,0.32,1.15,0.56,50.0,0.0,0.0,11428.0,8096.0,0.0,809625.0,0.0,0.0,0.0,8690.0,0.0,869630.0,2025-04-21,2025-04-21,2025,4
SMP,34.008,-118.499,870.0,2025-04-28 19:00:00+00:00,16.9,200.0,5.04,0.72,0.12,0.45,0.68,200.0,0.0,0.0,7772.0,0.0,0.0,435254.0,0.0,0.0,0.0,0.0,19431.0,462458.0,2025-04-28,2025-04-28,2025,4
SMP,34.008,-118.499,871.0,2025-05-05 21:00:00+00:00,17.1,200.0,32.3,0.3,0.19,2.54,0.39,200.0,0.0,0.0,0.0,1122.0,0.0,43758.0,0.0,0.0,0.0,10846.0,10846.0,67320.0,2025-05-05,2025-05-05,2025,5
SMP,34.008,-118.499,872.0,2025-05-12 20:00:00+00:00,18.9,200.0,0.83,0.84,0.38,0.68,0.31,200.0,0.0,0.0,0.0,0.0,748.0,7854.0,3740.0,0.0,0.0,20570.0,2618.0,37774.0,2025-05-12,2025-05-12,2025,5
SMP,34.008,-118.499,873.0,2025-05-19 21:00:00+00:00,19.0,200.0,0.25,0.29,0.09,4.79,0.28,200.0,0.0,0.0,0.0,374.0,0.0,3740.0,0.0,0.0,0.0,16830.0,7854.0,31042.0,2025-05-19,2025-05-19,2025,5
SMP,34.008,-118.499,874.0,2025-05-26 21:00:00+00:00,20.0,200.0,0.37,0.2,0.06,0.11,0.28,200.0,0.0,0.0,0.0,374.0,0.0,2618.0,748.0,748.0,0.0,31790.0,7854.0,46750.0,2025-05-26,2025-05-26,2025,5
SMP,34.008,-118.499,875.0,2025-06-02 21:00:00+00:00,19.8,200.0,0.11,0.16,0.06,0.03,0.2,200.0,0.0,0.0,0.0,0.0,0.0,2244.0,748.0,0.0,0.0,10846.0,3366.0,19074.0,2025-06-02,2025-06-02,2025,6
SMP,34.008,-118.499,876.0,2025-06-09 19:00:00+00:00,18.5,200.0,0.36,0.29,0.05,0.06,0.34,200.0,0.0,0.0,0.0,0.0,0.0,748.0,748.0,374.0,0.0,17204.0,1496.0,20570.0,2025-06-09,2025-06-09,2025,6
SMP,34.008,-118.499,877.0,2025-06-16 19:00:00+00:00,20.0,200.0,0.22,0.18,0.05,0.13,0.25,200.0,0.083,0.0,0.0,0.0,0.0,374.0,0.0,748.0,0.0,1122.0,0.0,2244.0,2025-06-16,2025-06-16,2025,6
SMP,34.008,-118.499,878.0,2025-06-23 18:00:00+00:00,20.5,200.0,0.08,0.13,0.08,0.09,0.11,200.0,0.0,0.0,0.0,0.0,0.0,748.0,14212.0,6732.0,0.0,233376.0,0.0,255068.0,2025-06-23,2025-06-23,2025,6
SMP,34.008,-118.499,879.0,2025-06-30 21:00:00+00:00,22.0,200.0,0.23,0.29,0.16,0.84,0.5,200.0,0.0,0.0,0.0,0.0,374.0,0.0,0.0,1122.0,0.0,16456.0,375.0,18326.0,2025-06-30,2025-06-30,2025,6
SMP,34.008,-118.499,880.0,2025-07-07 18:00:00+00:00,21.0,200.0,0.28,0.36,0.19,0.92,0.08,200.0,0.0,0.0,0.0,0.0,748.0,5984.0,748.0,0.0,0.0,115192.0,1476.0,124916.0,2025-07-07,2025-07-07,2025,7
SMP,34.008,-118.499,881.0,2025-07-14 17:00:00+00:00,20.0,200.0,0.5,0.29,0.12,0.3,0.6,200.0,0.0,0.0,0.0,0.0,0.0,12716.0,0.0,0.0,0.0,54604.0,748.0,69190.0,2025-07-14,2025-07-14,2025,7
SMP,34.008,-118.499,882.0,2025-07-21 19:00:00+00:00,20.8,200.0,0.95,0.21,0.16,1.44,0.24,200.0,0.0,0.0,0.0,0.0,374.0,46376.0,0.0,0.0,0.0,0.0,748.0,47498.0,2025-07-21,2025-07-21,2025,7
SMP,34.008,-118.499,884.0,2025-08-04 21:00:00+00:00,21.5,200.0,0.45,0.15,0.09,0.13,0.09,200.0,0.0,0.0,0.0,0.0,0.0,2244.0,0.0,374.0,0.0,6358.0,2992.0,16082.0,2025-08-04,2025-08-04,2025,8
SMP,34.008,-118.499,885.0,2025-08-11 19:00:00+00:00,21.8,200.0,1.02,0.27,0.1,0.42,0.06,200.0,0.0,0.0,0.0,0.0,0.0,374.0,0.0,0.0,0.0,748.0,2614.0,3740.0,2025-08-11,2025-08-11,2025,8
SMP,34.008,-118.499,886.0,2025-08-18 19:00:00+00:00,22.0,200.0,2.05,0.18,0.02,0.08,0.0,200.0,0.0,0.0,0.0,0.0,0.0,9350.0,0.0,0.0,0.0,2992.0,4114.0,16830.0,2025-08-18,2025-08-18,2025,8
SMP,34.008,-118.499,887.0,2025-08-25 21:00:00+00:00,23.8,200.0,1.74,0.28,0.06,0.21,0.28,200.0,0.0,0.0,0.0,0.0,0.0,0.0,0.0,1122.0,0.0,31042.0,748.0,35156.0,2025-08-25,2025-08-25,2025,8
SMP,34.008,-118.499,888.0,2025-09-01 21:00:00+00:00,23.5,200.0,1.59,0.26,0.08,0.38,0.97,200.0,0.0,0.0,0.0,0.0,0.0,1122.0,0.0,0.0,0.0,12342.0,2618.0,16830.0,2025-09-01,2025-09-01,2025,9
SMP,34.008,-118.499,889.0,2025-09-08 21:00:00+00:00,23.5,200.0,1.09,0.15,0.03,0.07,0.26,200.0,0.0,748.0,0.0,0.0,0.0,0.0,1122.0,374.0,0.0,11220.0,374.0,14212.0,2025-09-08,2025-09-08,2025,9
SMP,34.008,-118.499,890.0,2025-09-15 22:00:00+00:00,23.0,200.0,2.05,0.2,0.06,0.04,0.2,200.0,0.0,0.0,0.0,0.0,0.0,374.0,0.0,0.0,0.0,7106.0,0.0,7480.0,2025-09-15,2025-09-15,2025,9
SMP,34.008,-118.499,891.0,2025-09-22 21:00:00+00:00,23.0,200.0,1.5,0.09,0.03,0.04,0.02,200.0,0.0,0.0,0.0,0.0,0.0,1122.0,0.0,0.0,0.0,4488.0,1122.0,8228.0,2025-09-22,2025-09-22,2025,9
SMP,34.008,-118.499,892.0,2025-09-29 21:00:00+00:00,21.0,200.0,1.57,0.27,0.03,0.0,2.57,200.0,0.0,0.0,0.0,0.0,0.0,748.0,0.0,0.0,0.0,7106.0,5610.0,16830.0,2025-09-29,2025-09-29,2025,9
SMP,34.008,-118.499,893.0,2025-10-06 21:00:00+00:00,21.0,200.0,1.94,0.24,0.0,0.07,6.29,200.0,0.0,0.0,0.0,742.0,374.0,2992.0,0.0,0.0,742.0,4488.0,5610.0,24310.0,2025-10-06,2025-10-06,2025,10
SMP,34.008,-118.499,894.0,2025-10-13 22:00:00+00:00,19.0,200.0,2.57,0.7,0.3,1.97,2.45,200.0,0.0,0.0,0.0,374.0,0.0,748.0,0.0,0.0,0.0,19448.0,1122.0,22440.0,2025-10-13,2025-10-13,2025,10
SMP,34.008,-118.499,895.0,2025-10-20 21:00:00+00:00,20.5,200.0,1.36,0.32,0.05,0.26,0.0,200.0,0.0,0.0,0.0,0.0,0.0,748.0,1496.0,0.0,0.0,125664.0,1122.0,131274.0,2025-10-20,2025-10-20,2025,10
SMP,34.008,-118.499,896.0,2025-10-27 21:00:00+00:00,18.5,200.0,0.73,0.3,0.25,1.14,0.08,200.0,0.0,0.0,0.0,1122.0,0.0,374.0,0.0,748.0,0.0,2992.0,374.0,9350.0,2025-10-27,2025-10-27,2025,10
SMP,34.008,-118.499,897.0,2025-11-03 21:00:00+00:00,19.0,200.0,1.37,0.38,0.17,0.92,0.17,200.0,0.0,0.0,0.0,0.0,0.0,1122.0,0.0,748.0,0.0,10472.0,2244.0,14960.0,2025-11-03,2025-11-03,2025,11
SMP,34.008,-118.499,898.0,2025-11-10 21:00:00+00:00,18.5,200.0,0.89,0.36,0.41,1.73,0.16,200.0,0.0,0.0,0.0,0.0,0.0,374.0,0.0,0.0,0.0,18700.0,2244.0,22814.0,2025-11-10,2025-11-10,2025,11
SMP,34.008,-118.499,899.0,2025-11-17 18:00:00+00:00,18.0,200.0,0.27,0.33,0.06,0.75,0.63,200.0,0.0,0.0,0.0,0.0,0.0,0.0,0.0,0.0,0.0,37400.0,0.0,37400.0,2025-11-17,2025-11-17,2025,11
SMP,34.008,-118.499,900.0,2025-11-24 21:00:00+00:00,18.0,200.0,0.23,0.4,0.14,0.27,0.73,200.0,0.0,0.0,0.0,0.0,0.0,0.0,0.0,374.0,0.0,12342.0,374.0,14212.0,2025-11-24,2025-11-24,2025,11
SMP,34.008,-118.499,901.0,2025-12-01 21:00:00+00:00,18.0,200.0,0.43,0.39,0.19,0.86,0.0,200.0,0.0,0.0,0.0,0.0,0.0,374.0,0.0,0.0,0.0,18700.0,2244.0,21692.0,2025-12-01,2025-12-01,2025,12
SMP,34.008,-118.499,902.0,2025-12-08 21:00:00+00:00,17.4,200.0,0.62,,,,,200.0,0.0,0.0,0.0,0.0,374.0,1870.0,0.0,0.0,0.0,11594.0,5236.0,19822.0,2025-12-08,2025-12-08,2025,12
SMP,34.008,-118.499,903.0,2025-12-15 21:00:00+00:00,19.0,200.0,0.33,0.62,0.23,1.21,0.09,200.0,0.0,0.0,0.0,0.0,0.0,12342.0,0.0,0.0,0.0,10472.0,0.0,26180.0,2025-12-15,2025-12-15,2025,12
SMP,34.008,-118.499,904.0,2025-12-26 21:00:00+00:00,16.8,100.0,0.5,0.91,1.14,3.99,4.94,200.0,0.0,0.0,0.0,0.0,0.0,1246.6666,0.0,1246.6666,0.0,8103.0,0.0,11345.0,2025-12-26,2025-12-22,2025,12
SMP,34.008,-118.499,905.0,2025-12-29 19:00:00+00:00,16.7,200.0,0.24,,,,,200.0,0.0,0.0,0.0,0.0,0.0,374.0,0.0,374.0,0.0,9724.0,0.0,11220.0,2025-12-29,2025-12-29,2025,12
SMP,34.008,-118.499,906.0,2026-01-05 19:00:00+00:00,17.2,200.0,0.83,0.44,0.42,2.22,1.77,200.0,0.0,0.0,0.0,0.0,0.0,748.0,0.0,0.0,0.0,4114.0,374.0,6358.0,2026-01-05,2026-01-05,2026,1
SMP,34.008,-118.499,907.0,2026-01-12 19:00:00+00:00,17.0,200.0,0.84,,,,,200.0,0.0,0.0,0.0,0.0,0.0,2992.0,1496.0,0.0,0.0,18700.0,1496.0,25806.0,2026-01-12,2026-01-12,2026,1
SMP,34.008,-118.499,908.0,2026-01-19 21:00:00+00:00,17.0,200.0,,,,,,200.0,0.0,0.0,0.0,0.0,0.0,7106.0,2618.0,0.0,0.0,10846.0,3366.0,24684.0,2026-01-19,2026-01-19,2026,1
SMP,34.008,-118.499,909.0,2026-01-26 22:00:00+00:00,17.0,200.0,,,,,,200.0,0.0,0.0,0.0,0.0,0.0,5160.0,0.0,374.0,0.0,2618.0,3740.0,13464.0,2026-01-26,2026-01-26,2026,1
SMP,34.008,-118.499,910.0,2026-02-02 22:00:00+00:00,17.0,200.0,,,,,,200.0,0.0,0.0,0.0,0.0,0.0,3366.0,0.0,0.0,0.0,1496.0,374.0,5236.0,2026-02-02,2026-02-02,2026,2
SMP,34.008,-118.499,911.0,2026-02-09 20:30:00+00:00,18.0,200.0,,,,,,200.0,0.0,0.0,0.0,1122.0,0.0,1870.0,748.0,0.0,0.0,4862.0,374.0,8976.0,2026-02-09,2026-02-09,2026,2
SMP,34.008,-118.499,912.0,2026-02-16 19:00:00+00:00,16.2,200.0,,,,,,200.0,0.0,0.0,0.0,374.0,0.0,2244.0,0.0,0.0,0.0,9350.0,1122.0,13464.0,2026-02-16,2026-02-16,2026,2
SMP,34.008,-118.499,913.0,2026-02-23 20:30:00+00:00,17.8,200.0,,,,,,200.0,0.0,0.0,0.0,1870.0,748.0,4488.0,4114.0,748.0,748.0,26180.0,3366.0,44506.0,2026-02-23,2026-02-23,2026,2
SMP,34.008,-118.499,914.0,2026-03-02 20:30:00+00:00,17.9,200.0,,,,,,200.0,0.038,0.0,0.0,0.0,0.0,0.0,3886.0,318668.0,0.0,139903.0,0.0,462458.0,2026-03-02,2026-03-02,2026,3
SMP,34.008,-118.499,915.0,2026-03-09 21:00:00+00:00,17.8,200.0,,,,,,200.0,,0.0,0.0,0.0,0.0,374.0,3366.0,10472.0,0.0,30294.0,374.0,44880.0,2026-03-09,2026-03-09,2026,3
SMP,34.008,-118.499,916.0,2026-03-16 21:00:00+00:00,18.0,200.0,,,,,,200.0,,0.0,0.0,0.0,374.0,2244.0,5984.0,12342.0,0.0,43758.0,1496.0,66572.0,2026-03-16,2026-03-16,2026,3
SMP,34.008,-118.499,917.0,2026-03-23 21:00:00+00:00,,200.0,,,,,,200.0,,0.0,0.0,0.0,0.0,2244.0,748.0,748.0,0.0,4488.0,1496.0,10098.0,2026-03-23,2026-03-23,2026,3
SMP,34.008,-118.499,918.0,2026-03-30 21:00:00+00:00,20.0,200.0,,,,,,200.0,,0.0,0.0,0.0,0.0,748.0,748.0,0.0,0.0,7480.0,748.0,10846.0,2026-03-30,2026-03-30,2026,3
