location_code,latitude,longitude,depth,sampleid,time,temp,chl_volume_filtered,avg_chloro,phosphate,silicate,nitrite_nitrate,da_volume_filtered,pda,akashiwo_sanguinea,alexandrium_spp,dinophysis_spp,lingulodinium_polyedra,prorocentrum_spp,pseudo_nitzschia_delicatissima_group,pseudo_nitzschia_seriata_group,ceratium_spp,cochlodinium_spp,gymnodinium_spp,sample_date,week_start,year,month
HAB_MWII,36.603683,-121.889275,5.0,17004.0,2017-01-04 16:15:00+00:00,12.1,25.0,5.68,0.52,6.31,5.37,50.0,0.0138,214.0,428.0,0.0,0.0,0.0,450.0,41412.0,,,,2017-01-04,2017-01-02,2017,1
HAB_MWII,36.603683,-121.889275,5.0,17011.0,2017-01-11 16:15:00+00:00,12.4,25.0,4.99,0.73,8.0,7.23,50.0,0.0012,214.0,642.0,1070.0,0.0,1070.0,0.0,450.0,,,,2017-01-11,2017-01-09,2017,1
HAB_MWII,36.603683,-121.889275,5.0,17018.0,2017-01-18 16:30:00+00:00,12.6,25.0,7.65,0.97,11.56,7.96,50.0,0.0005,0.0,428.0,0.0,0.0,214.0,0.0,0.0,,,,2017-01-18,2017-01-16,2017,1
HAB_MWII,36.603683,-121.889275,5.0,17025.0,2017-01-25 16:15:00+00:00,12.6,25.0,4.2,0.82,11.07,7.35,50.0,0.0003,0.0,0.0,0.0,0.0,0.0,0.0,0.0,,,,2017-01-25,2017-01-23,2017,1
HAB_MWII,36.603683,-121.889275,5.0,17032.0,2017-02-01 16:15:00+00:00,13.0,25.0,3.3,0.79,10.67,7.95,50.0,0.0002,0.0,0.0,0.0,0.0,0.0,0.0,0.0,,,,2017-02-01,2017-01-30,2017,2
HAB_MWII,36.603683,-121.889275,5.0,17039.0,2017-02-08 16:15:00+00:00,13.2,25.0,2.96,0.71,9.23,5.22,50.0,0.0002,0.0,0.0,214.0,0.0,0.0,0.0,0.0,,,,2017-02-08,2017-02-06,2017,2
HAB_MWII,36.603683,-121.889275,5.0,17046.0,2017-02-15 16:20:00+00:00,14.2,25.0,7.01,0.63,9.11,4.91,50.0,0.0002,0.0,0.0,428.0,0.0,0.0,214.0,428.0,,,,2017-02-15,2017-02-13,2017,2
HAB_MWII,36.603683,-121.889275,5.0,17053.0,2017-02-22 16:20:00+00:00,12.9,25.0,4.17,0.51,8.29,4.34,50.0,0.0002,0.0,0.0,0.0,0.0,214.0,0.0,0.0,,,,2017-02-22,2017-02-20,2017,2
HAB_MWII,36.603683,-121.889275,5.0,17060.0,2017-03-01 16:30:00+00:00,13.6,25.0,6.64,0.68,16.44,7.26,50.0,0.0003,0.0,0.0,0.0,0.0,0.0,0.0,0.0,,,,2017-03-01,2017-02-27,2017,3
HAB_MWII,36.603683,-121.889275,5.0,17068.0,2017-03-09 16:15:00+00:00,13.9,25.0,12.21,0.36,5.65,2.83,50.0,0.0,0.0,0.0,0.0,0.0,0.0,675.0,225.0,,,,2017-03-09,2017-03-06,2017,3
HAB_MWII,36.603683,-121.889275,5.0,17074.0,2017-03-15 15:15:00+00:00,14.4,25.0,8.99,0.31,2.15,1.18,50.0,0.0,0.0,0.0,0.0,0.0,0.0,0.0,0.0,,,,2017-03-15,2017-03-13,2017,3
HAB_MWII,36.603683,-121.889275,5.0,17081.0,2017-03-22 16:00:00+00:00,13.4,25.0,5.65,0.24,1.63,1.34,50.0,0.0009,0.0,0.0,0.0,0.0,0.0,855.0,3421.0,,,,2017-03-22,2017-03-20,2017,3
HAB_MWII,36.603683,-121.889275,5.0,17088.0,2017-03-29 16:00:00+00:00,14.1,25.0,5.6,0.34,4.53,1.83,50.0,0.0024,0.0,0.0,214.0,0.0,0.0,495.0,4456.0,,,,2017-03-29,2017-03-27,2017,3
HAB_MWII,36.603683,-121.889275,5.0,17095.0,2017-04-05 15:30:00+00:00,13.1,25.0,6.79,0.68,12.77,10.69,50.0,0.0021,0.0,0.0,0.0,0.0,0.0,0.0,2000.0,,,,2017-04-05,2017-04-03,2017,4
HAB_MWII,36.603683,-121.889275,5.0,17102.0,2017-04-12 15:30:00+00:00,12.8,25.0,18.9,0.45,10.41,4.14,50.0,0.4019,0.0,0.0,214.0,0.0,0.0,3622.0,41648.0,,,,2017-04-12,2017-04-10,2017,4
HAB_MWII,36.603683,-121.889275,5.0,17109.0,2017-04-19 15:30:00+00:00,13.9,25.0,13.12,0.44,4.43,2.61,50.0,0.0757,214.0,0.0,642.0,0.0,0.0,8618.0,34471.0,,,,2017-04-19,2017-04-17,2017,4
HAB_MWII,36.603683,-121.889275,5.0,17123.0,2017-05-03 15:30:00+00:00,14.5,25.0,11.53,1.05,14.58,9.78,50.0,0.0166,214.0,0.0,214.0,0.0,0.0,11713.0,4555.0,,,,2017-05-03,2017-05-01,2017,5
HAB_MWII,36.603683,-121.889275,5.0,17130.0,2017-05-10 15:30:00+00:00,12.5,25.0,5.38,0.89,15.68,8.58,50.0,0.0185,0.0,0.0,0.0,0.0,214.0,745.0,36508.0,,,,2017-05-10,2017-05-08,2017,5
HAB_MWII,36.603683,-121.889275,5.0,17137.0,2017-05-17 15:30:00+00:00,12.7,25.0,12.5,1.05,11.93,7.53,50.0,0.7076,0.0,0.0,0.0,0.0,0.0,16269.0,12025.0,,,,2017-05-17,2017-05-15,2017,5
HAB_MWII,36.603683,-121.889275,5.0,17144.0,2017-05-24 15:15:00+00:00,13.2,25.0,95.5,0.41,6.14,1.07,50.0,0.7076,0.0,0.0,0.0,0.0,0.0,19509.0,305637.0,,,,2017-05-24,2017-05-22,2017,5
HAB_MWII,36.603683,-121.889275,5.0,17151.0,2017-05-31 15:30:00+00:00,14.0,25.0,18.6,0.17,3.1,0.1,50.0,0.3517,0.0,0.0,214.0,0.0,0.0,5621.0,64642.0,,,,2017-05-31,2017-05-29,2017,5
HAB_MWII,36.603683,-121.889275,5.0,17158.0,2017-06-07 16:40:00+00:00,14.1,25.0,37.6,0.6,8.13,5.03,50.0,2.2362,0.0,0.0,214.0,0.0,0.0,6086.0,146059.0,,,,2017-06-07,2017-06-05,2017,6
HAB_MWII,36.603683,-121.889275,5.0,17165.0,2017-06-14 16:30:00+00:00,14.3,25.0,13.56,0.36,3.21,1.68,50.0,0.8473,0.0,0.0,0.0,0.0,0.0,8012.0,72111.0,,,,2017-06-14,2017-06-12,2017,6
HAB_MWII,36.603683,-121.889275,5.0,17179.0,2017-06-28 16:00:00+00:00,16.6,25.0,11.54,0.24,5.21,0.55,50.0,,0.0,0.0,214.0,0.0,214.0,13666.0,83948.0,,,,2017-06-28,2017-06-26,2017,6
HAB_MWII,36.603683,-121.889275,5.0,17186.0,2017-07-05 19:00:00+00:00,15.1,25.0,24.3,0.26,0.87,1.14,50.0,1.2646,214.0,0.0,0.0,0.0,214.0,20829.0,276730.0,,,,2017-07-05,2017-07-03,2017,7
HAB_MWII,36.603683,-121.889275,5.0,17193.0,2017-07-12 15:30:00+00:00,14.4,25.0,22.46,0.41,3.86,1.26,50.0,1.1035,214.0,0.0,0.0,0.0,214.0,8842.0,167996.0,,,,2017-07-12,2017-07-10,2017,7
HAB_MWII,36.603683,-121.889275,5.0,17200.0,2017-07-19 15:30:00+00:00,14.6,25.0,46.05,,,,50.0,,428.0,0.0,214.0,0.0,214.0,9757.0,478080.0,,,,2017-07-19,2017-07-17,2017,7
HAB_MWII,36.603683,-121.889275,5.0,17207.0,2017-07-26 16:00:00+00:00,15.4,25.0,35.89,,,,50.0,,0.0,0.0,0.0,0.0,0.0,6090.0,196920.0,,,,2017-07-26,2017-07-24,2017,7
HAB_MWII,36.603683,-121.889275,5.0,17214.0,2017-08-02 15:20:00+00:00,15.7,25.0,34.2,,,,50.0,,0.0,428.0,214.0,0.0,214.0,19335.0,156442.0,,,,2017-08-02,2017-07-31,2017,8
HAB_MWII,36.603683,-121.889275,5.0,17221.0,2017-08-09 15:30:00+00:00,18.1,25.0,26.43,,,,50.0,,1070.0,428.0,856.0,0.0,428.0,17330.0,5176.0,,,,2017-08-09,2017-08-07,2017,8
HAB_MWII,36.603683,-121.889275,5.0,17228.0,2017-08-16 15:30:00+00:00,15.3,25.0,35.8,,,,50.0,,214.0,214.0,1284.0,0.0,428.0,214.0,3826.0,,,,2017-08-16,2017-08-14,2017,8
HAB_MWII,36.603683,-121.889275,5.0,17235.0,2017-08-23 16:30:00+00:00,15.2,25.0,12.6,,,,50.0,,0.0,40.0,20.0,0.0,10.0,20.0,2025.0,,,,2017-08-23,2017-08-21,2017,8
HAB_MWII,36.603683,-121.889275,5.0,17242.0,2017-08-30 15:30:00+00:00,16.1,25.0,12.34,,,,50.0,,0.0,80.0,20.0,0.0,10.0,10.0,943.0,,,,2017-08-30,2017-08-28,2017,8
HAB_MWII,36.603683,-121.889275,5.0,17249.0,2017-09-06 15:15:00+00:00,17.4,25.0,14.16,,,,50.0,,10.0,10.0,10.0,0.0,10.0,5602.0,17739.0,,,,2017-09-06,2017-09-04,2017,9
HAB_MWII,36.603683,-121.889275,5.0,17256.0,2017-09-13 15:30:00+00:00,18.9,25.0,33.7,,,,50.0,,10.0,2357.0,1886.0,10.0,4008.0,0.0,0.0,,,,2017-09-13,2017-09-11,2017,9
HAB_MWII,36.603683,-121.889275,5.0,17263.0,2017-09-20 15:20:00+00:00,17.0,25.0,6.9,,,,50.0,,10.0,10.0,675.0,10.0,2700.0,75.0,75.0,,,,2017-09-20,2017-09-18,2017,9
HAB_MWII,36.603683,-121.889275,5.0,17270.0,2017-09-27 15:20:00+00:00,18.7,25.0,23.73,,,,50.0,,1000.0,0.0,1000.0,10.0,20041.0,0.0,0.0,,,,2017-09-27,2017-09-25,2017,9
HAB_MWII,36.603683,-121.889275,5.0,17277.0,2017-10-04 16:05:00+00:00,15.6,25.0,10.27,,,,50.0,,10.0,40.0,0.0,10.0,3536.0,1650.0,200.0,,,,2017-10-04,2017-10-02,2017,10
HAB_MWII,36.603683,-121.889275,5.0,17284.0,2017-10-11 15:30:00+00:00,13.8,25.0,14.48,,,,50.0,,1000.0,10.0,10.0,10.0,4000.0,934.0,3310.0,,,,2017-10-11,2017-10-09,2017,10
HAB_MWII,36.603683,-121.889275,5.0,17291.0,2017-10-18 15:15:00+00:00,13.3,25.0,15.94,,,,50.0,,5187.0,0.0,10.0,10.0,7652.0,0.0,0.0,,,,2017-10-18,2017-10-16,2017,10
HAB_MWII,36.603683,-121.889275,5.0,17298.0,2017-10-25 15:15:00+00:00,14.6,25.0,7.8,,,,50.0,,1000.0,0.0,10.0,1000.0,1000.0,0.0,200.0,,,,2017-10-25,2017-10-23,2017,10
HAB_MWII,36.603683,-121.889275,5.0,17305.0,2017-11-01 16:00:00+00:00,13.3,25.0,9.46,,,,50.0,,3000.0,0.0,10.0,4000.0,5000.0,1798.0,8780.0,,,,2017-11-01,2017-10-30,2017,11
HAB_MWII,36.603683,-121.889275,5.0,17312.0,2017-11-08 16:15:00+00:00,14.5,25.0,39.68,,,,50.0,,1000.0,0.0,10.0,39570.0,10713.0,20.0,0.0,,,,2017-11-08,2017-11-06,2017,11
HAB_MWII,36.603683,-121.889275,5.0,17319.0,2017-11-15 16:30:00+00:00,15.4,25.0,39.4,,,,50.0,,5000.0,0.0,30.0,5000.0,21171.0,0.0,0.0,,,,2017-11-15,2017-11-13,2017,11
HAB_MWII,36.603683,-121.889275,5.0,17326.0,2017-11-22 17:30:00+00:00,15.9,25.0,23.67,,,,50.0,,10000.0,0.0,30.0,5000.0,10000.0,0.0,20.0,,,,2017-11-22,2017-11-20,2017,11
HAB_MWII,36.603683,-121.889275,5.0,17333.0,2017-11-29 17:20:00+00:00,14.2,25.0,25.83,,,,50.0,,13675.0,0.0,100.0,2500.0,5000.0,20.0,0.0,,,,2017-11-29,2017-11-27,2017,11
HAB_MWII,36.603683,-121.889275,5.0,17340.0,2017-12-06 16:30:00+00:00,12.1,25.0,4.67,,,,50.0,,5000.0,0.0,30.0,0.0,500.0,338.0,338.0,,,,2017-12-06,2017-12-04,2017,12
HAB_MWII,36.603683,-121.889275,5.0,17354.0,2017-12-20 17:00:00+00:00,13.3,25.0,9.6,,,,50.0,,10000.0,0.0,30.0,10000.0,5000.0,6069.0,457.0,,,,2017-12-20,2017-12-18,2017,12
HAB_MWII,36.603683,-121.889275,5.0,18003.0,2018-01-03 16:30:00+00:00,14.1,,10.18,,,,50.0,,500.0,0.0,10.0,2000.0,1000.0,563.0,563.0,,,,2018-01-03,2018-01-01,2018,1
HAB_MWII,36.603683,-121.889275,5.0,18010.0,2018-01-10 18:00:00+00:00,14.5,,7.06,,,,50.0,,250.0,0.0,10.0,0.0,250.0,0.0,0.0,,,,2018-01-10,2018-01-08,2018,1
HAB_MWII,36.603683,-121.889275,5.0,18017.0,2018-01-17 19:00:00+00:00,15.1,,6.78,,,,50.0,,250.0,0.0,20.0,0.0,250.0,3166.0,1560.0,,,,2018-01-17,2018-01-15,2018,1
HAB_MWII,36.603683,-121.889275,5.0,18024.0,2018-01-24 17:00:00+00:00,14.0,,6.33,,,,50.0,,500.0,0.0,10.0,500.0,500.0,0.0,0.0,,,,2018-01-24,2018-01-22,2018,1
HAB_MWII,36.603683,-121.889275,5.0,18031.0,2018-01-31 16:30:00+00:00,13.3,,7.0,,,,50.0,,1000.0,0.0,20.0,1000.0,1000.0,684.0,2917.0,,,,2018-01-31,2018-01-29,2018,1
HAB_MWII,36.603683,-121.889275,5.0,18038.0,2018-02-07 16:30:00+00:00,13.7,,19.99,,,,50.0,,0.0,0.0,30.0,2000.0,2000.0,6558.0,7396.0,,,,2018-02-07,2018-02-05,2018,2
HAB_MWII,36.603683,-121.889275,5.0,18045.0,2018-02-14 16:30:00+00:00,13.2,,32.15,,,,50.0,,1000.0,10.0,10.0,1000.0,5000.0,12153.0,18455.0,,,,2018-02-14,2018-02-12,2018,2
HAB_MWII,36.603683,-121.889275,5.0,18053.0,2018-02-22 18:00:00+00:00,12.3,,39.0,,,,50.0,,20000.0,10.0,10.0,2000.0,48614.0,0.0,50.0,,,,2018-02-22,2018-02-19,2018,2
HAB_MWII,36.603683,-121.889275,5.0,18059.0,2018-02-28 16:30:00+00:00,12.4,,12.19,,,,50.0,,10000.0,20.0,10.0,1500.0,14629.0,2251.0,2251.0,,,,2018-02-28,2018-02-26,2018,2
HAB_MWII,36.603683,-121.889275,5.0,18066.0,2018-03-07 16:30:00+00:00,12.5,,11.6,,,,50.0,,5176.0,10.0,10.0,500.0,5000.0,50.0,50.0,,,,2018-03-07,2018-03-05,2018,3
HAB_MWII,36.603683,-121.889275,5.0,18074.0,2018-03-15 15:30:00+00:00,12.6,,15.0,,,,50.0,,1000.0,50.0,50.0,500.0,500.0,1800.0,2701.0,,,,2018-03-15,2018-03-12,2018,3
HAB_MWII,36.603683,-121.889275,5.0,18080.0,2018-03-21 17:30:00+00:00,14.4,,7.5,,,,50.0,,0.0,0.0,10.0,0.0,100.0,4704.0,3848.0,,,,2018-03-21,2018-03-19,2018,3
HAB_MWII,36.603683,-121.889275,5.0,18087.0,2018-03-28 17:00:00+00:00,14.8,,8.68,,,,50.0,,0.0,10.0,10.0,0.0,0.0,3133.0,7670.0,,,,2018-03-28,2018-03-26,2018,3
HAB_MWII,36.603683,-121.889275,5.0,18101.0,2018-04-11 16:30:00+00:00,15.2,,14.75,,,,50.0,,0.0,0.0,10.0,0.0,100.0,98435.0,13423.0,,,,2018-04-11,2018-04-09,2018,4
HAB_MWII,36.603683,-121.889275,5.0,18108.0,2018-04-18 16:00:00+00:00,14.4,,10.8,,,,50.0,,500.0,0.0,10.0,0.0,500.0,11109.0,3133.0,,,,2018-04-18,2018-04-16,2018,4
HAB_MWII,36.603683,-121.889275,5.0,18115.0,2018-04-25 15:30:00+00:00,14.0,,19.8,,,,50.0,,10000.0,0.0,10.0,0.0,1000.0,72387.0,28151.0,,,,2018-04-25,2018-04-23,2018,4
HAB_MWII,36.603683,-121.889275,5.0,18122.0,2018-05-02 17:00:00+00:00,14.8,,18.89,,,,50.0,,15000.0,0.0,100.0,0.0,1500.0,6681.0,11375.0,,,,2018-05-02,2018-04-30,2018,5
HAB_MWII,36.603683,-121.889275,5.0,18129.0,2018-05-09 17:00:00+00:00,15.6,,59.3,,,,50.0,,20954.0,10.0,10.0,0.0,7587.0,4204.0,4935.0,,,,2018-05-09,2018-05-07,2018,5
HAB_MWII,36.603683,-121.889275,5.0,18136.0,2018-05-16 15:30:00+00:00,14.5,,57.0,,,,50.0,,8025.0,10.0,10.0,0.0,2900.0,5685.0,51161.0,,,,2018-05-16,2018-05-14,2018,5
HAB_MWII,36.603683,-121.889275,5.0,18143.0,2018-05-23 16:30:00+00:00,15.8,,18.18,,,,50.0,,3000.0,20.0,1000.0,1500.0,2500.0,4026.0,5336.0,,,,2018-05-23,2018-05-21,2018,5
HAB_MWII,36.603683,-121.889275,5.0,18150.0,2018-05-30 15:30:00+00:00,14.7,,57.78,,,,50.0,,4681.0,0.0,10.0,0.0,2229.0,17963.0,17258.0,,,,2018-05-30,2018-05-28,2018,5
HAB_MWII,36.603683,-121.889275,5.0,18171.0,2018-06-20 16:30:00+00:00,13.4,,115.0,,,,50.0,,0.0,0.0,10.0,0.0,500.0,135751.0,18511.0,,,,2018-06-20,2018-06-18,2018,6
HAB_MWII,36.603683,-121.889275,5.0,18178.0,2018-06-27 17:00:00+00:00,15.6,,19.1,,,,50.0,,0.0,0.0,10.0,0.0,5000.0,2236.0,1553.0,,,,2018-06-27,2018-06-25,2018,6
HAB_MWII,36.603683,-121.889275,5.0,18192.0,2018-07-11 15:30:00+00:00,15.1,,26.5,,,,50.0,,500.0,0.0,10.0,0.0,10000.0,103285.0,1043.0,,,,2018-07-11,2018-07-09,2018,7
HAB_MWII,36.603683,-121.889275,5.0,18199.0,2018-07-18 15:30:00+00:00,17.2,,31.3,,,,50.0,,10000.0,30.0,100.0,0.0,20000.0,197563.0,1996.0,,,,2018-07-18,2018-07-16,2018,7
HAB_MWII,36.603683,-121.889275,5.0,18206.0,2018-07-25 16:30:00+00:00,16.4,,48.8,,,,50.0,,5000.0,50.0,7930.0,0.0,50586.0,2357.0,0.0,,,,2018-07-25,2018-07-23,2018,7
HAB_MWII,36.603683,-121.889275,5.0,18213.0,2018-08-01 18:00:00+00:00,15.8,,47.8,,,,50.0,,800.0,200.0,1000.0,0.0,7288.0,11403.0,600.0,,,,2018-08-01,2018-07-30,2018,8
HAB_MWII,36.603683,-121.889275,5.0,18220.0,2018-08-08 15:30:00+00:00,14.5,,39.4,,,,50.0,,3600.0,100.0,1071.0,0.0,12217.0,69000.0,4093.0,,,,2018-08-08,2018-08-06,2018,8
HAB_MWII,36.603683,-121.889275,5.0,18227.0,2018-08-15 17:30:00+00:00,14.2,,25.8,,,,50.0,,100.0,10.0,10.0,0.0,500.0,32165.0,20565.0,,,,2018-08-15,2018-08-13,2018,8
HAB_MWII,36.603683,-121.889275,5.0,18234.0,2018-08-22 16:30:00+00:00,14.8,,21.4,,,,50.0,,0.0,0.0,300.0,0.0,5000.0,0.0,1714.0,,,,2018-08-22,2018-08-20,2018,8
HAB_MWII,36.603683,-121.889275,5.0,18241.0,2018-08-29 16:30:00+00:00,16.2,,20.8,,,,50.0,,0.0,10.0,200.0,0.0,4000.0,1934.0,424.0,,,,2018-08-29,2018-08-27,2018,8
HAB_MWII,36.603683,-121.889275,5.0,18248.0,2018-09-05 16:00:00+00:00,15.6,,13.9,,,,50.0,,0.0,10.0,1000.0,500.0,10000.0,212.0,431.0,,,,2018-09-05,2018-09-03,2018,9
HAB_MWII,36.603683,-121.889275,5.0,18255.0,2018-09-12 16:00:00+00:00,15.6,,35.3,,,,50.0,,0.0,0.0,500.0,500.0,6859.0,34870.0,7142.0,,,,2018-09-12,2018-09-10,2018,9
HAB_MWII,36.603683,-121.889275,5.0,18262.0,2018-09-19 15:30:00+00:00,14.3,,44.6,,,,50.0,,200.0,0.0,1000.0,0.0,20000.0,116436.0,87838.0,,,,2018-09-19,2018-09-17,2018,9
HAB_MWII,36.603683,-121.889275,5.0,18269.0,2018-09-26 16:10:00+00:00,13.9,,25.4,,,,50.0,,160.0,10.0,1600.0,0.0,10000.0,2118.0,14172.0,,,,2018-09-26,2018-09-24,2018,9
HAB_MWII,36.603683,-121.889275,5.0,18276.0,2018-10-03 17:20:00+00:00,15.9,,20.6,,,,50.0,,0.0,0.0,429.0,0.0,857.0,643.0,0.0,,,,2018-10-03,2018-10-01,2018,10
HAB_MWII,36.603683,-121.889275,5.0,18283.0,2018-10-10 17:30:00+00:00,16.5,,14.0,,,,50.0,,10.0,0.0,200.0,0.0,200.0,0.0,0.0,,,,2018-10-10,2018-10-08,2018,10
HAB_MWII,36.603683,-121.889275,5.0,18290.0,2018-10-17 17:15:00+00:00,16.8,,6.8,,,,50.0,,0.0,0.0,1286.0,0.0,3644.0,0.0,0.0,,,,2018-10-17,2018-10-15,2018,10
HAB_MWII,36.603683,-121.889275,5.0,18297.0,2018-10-24 15:45:00+00:00,16.4,,18.0,,,,50.0,,0.0,0.0,10000.0,0.0,5000.0,2778.0,2366.0,,,,2018-10-24,2018-10-22,2018,10
HAB_MWII,36.603683,-121.889275,5.0,18304.0,2018-10-31 16:00:00+00:00,14.3,,9.4,,,,50.0,,10.0,0.0,5000.0,100.0,0.0,4051.0,1736.0,,,,2018-10-31,2018-10-29,2018,10
HAB_MWII,36.603683,-121.889275,5.0,18311.0,2018-11-07 18:00:00+00:00,13.3,,18.8,,,,50.0,,0.0,0.0,250.0,0.0,50.0,9279.0,15799.0,,,,2018-11-07,2018-11-05,2018,11
HAB_MWII,36.603683,-121.889275,5.0,18318.0,2018-11-14 17:00:00+00:00,14.3,,12.9,,,,50.0,,10.0,0.0,50.0,0.0,100.0,1715.0,3643.0,,,,2018-11-14,2018-11-12,2018,11
HAB_MWII,36.603683,-121.889275,5.0,18535.0,2018-12-19 16:30:00+00:00,15.9,,7.6,,,,50.0,,0.0,0.0,0.0,10.0,0.0,645.0,855.0,,,,2018-12-19,2018-12-17,2018,12
HAB_MWII,36.603683,-121.889275,5.0,19009.0,2019-01-09 16:30:00+00:00,13.7,,3.1,,,,50.0,,0.0,0.0,15.0,0.0,0.0,1500.0,0.0,,,,2019-01-09,2019-01-07,2019,1
HAB_MWII,36.603683,-121.889275,5.0,19016.0,2019-01-16 17:00:00+00:00,13.7,,0.88,,,,50.0,,100.0,0.0,0.0,0.0,0.0,100.0,0.0,,,,2019-01-16,2019-01-14,2019,1
HAB_MWII,36.603683,-121.889275,5.0,19072.0,2019-03-13 17:20:00+00:00,13.7,,5.1,,,,50.0,,214.0,0.0,214.0,428.0,0.0,2652.0,3979.0,,,,2019-03-13,2019-03-11,2019,3
HAB_MWII,36.603683,-121.889275,5.0,19079.0,2019-03-20 17:00:00+00:00,14.9,,46.68,,,,50.0,,4500.0,456.0,428.0,0.0,0.0,15856.0,46814.0,,,,2019-03-20,2019-03-18,2019,3
HAB_MWII,36.603683,-121.889275,5.0,19087.0,2019-03-28 17:55:00+00:00,14.4,,4.41,,,,50.0,,0.0,1368.0,10.0,0.0,214.0,267.0,267.0,,,,2019-03-28,2019-03-25,2019,3
HAB_MWII,36.603683,-121.889275,5.0,19093.0,2019-04-03 17:00:00+00:00,14.3,,11.25,,,,50.0,,0.0,0.0,2.0,0.0,0.0,12999.0,40848.0,,,,2019-04-03,2019-04-01,2019,4
HAB_MWII,36.603683,-121.889275,5.0,19100.0,2019-04-10 17:20:00+00:00,15.3,,11.43,,,,50.0,,0.0,225.0,0.0,0.0,0.0,6.0,11.0,,,,2019-04-10,2019-04-08,2019,4
HAB_MWII,36.603683,-121.889275,5.0,19107.0,2019-04-17 17:15:00+00:00,14.2,,25.26,,,,50.0,,200.0,0.0,236.0,0.0,200.0,8963.0,3298.0,,,,2019-04-17,2019-04-15,2019,4
HAB_MWII,36.603683,-121.889275,5.0,19114.0,2019-04-24 17:17:00+00:00,16.0,,22.94,,,,50.0,,943.0,0.0,236.0,0.0,943.0,21212.0,4253.0,,,,2019-04-24,2019-04-22,2019,4
HAB_MWII,36.603683,-121.889275,5.0,19123.0,2019-05-03 17:15:00+00:00,15.2,,12.224,,,,50.0,,0.0,0.0,439.0,0.0,0.0,0.0,0.0,0.0,220.0,,2019-05-03,2019-04-29,2019,5
HAB_MWII,36.603683,-121.889275,5.0,19128.0,2019-05-08 17:30:00+00:00,14.77,,19.47,,,,50.0,,0.0,0.0,0.0,0.0,0.0,0.0,0.0,0.0,236.0,,2019-05-08,2019-05-06,2019,5
HAB_MWII,36.603683,-121.889275,5.0,19135.0,2019-05-15 17:45:00+00:00,16.2,,39.746,,,,50.0,,0.0,0.0,0.0,0.0,230.0,0.0,0.0,230.0,1843.0,,2019-05-15,2019-05-13,2019,5
HAB_MWII,36.603683,-121.889275,5.0,19142.0,2019-05-22 17:25:00+00:00,15.6,,7.74,,,,50.0,,472.0,0.0,0.0,0.0,476.0,1179.0,1179.0,0.0,236.0,,2019-05-22,2019-05-20,2019,5
HAB_MWII,36.603683,-121.889275,5.0,19149.0,2019-05-29 17:00:00+00:00,14.8,,26.489,,,,50.0,,3205.0,200.0,247.0,0.0,2712.0,190847.0,45057.0,,3451.0,,2019-05-29,2019-05-27,2019,5
HAB_MWII,36.603683,-121.889275,5.0,19156.0,2019-06-05 16:45:00+00:00,13.8,,26.88,,,,50.0,,472.0,236.0,0.0,0.0,943.0,113841.0,,,472.0,,2019-06-05,2019-06-03,2019,6
HAB_MWII,36.603683,-121.889275,5.0,19163.0,2019-06-12 18:30:00+00:00,13.65,,0.446,,,,50.0,,627.0,418.0,627.0,0.0,3344.0,0.0,8569.0,,627.0,,2019-06-12,2019-06-10,2019,6
HAB_MWII,36.603683,-121.889275,5.0,19170.0,2019-06-19 17:10:00+00:00,15.28,,26.018,,,,50.0,,943.0,1.0,0.0,0.0,4008.0,10600.0,46696.0,,707.0,,2019-06-19,2019-06-17,2019,6
HAB_MWII,36.603683,-121.889275,5.0,19177.0,2019-06-26 17:20:00+00:00,16.87,,33.357,,,,50.0,,1929.0,1.0,241.0,0.0,2170.0,2171.0,723.0,,0.0,,2019-06-26,2019-06-24,2019,6
HAB_MWII,36.603683,-121.889275,5.0,19184.0,2019-07-03 17:40:00+00:00,16.45,,12.6,,,,50.0,,472.0,0.0,1886.0,0.0,236.0,943.0,0.0,,1179.0,,2019-07-03,2019-07-01,2019,7
HAB_MWII,36.603683,-121.889275,5.0,19191.0,2019-07-10 16:50:00+00:00,14.57,,31.783,,,,50.0,,230.0,0.0,461.0,0.0,230.0,11287.0,5534.0,691.0,230.0,,2019-07-10,2019-07-08,2019,7
HAB_MWII,36.603683,-121.889275,5.0,19198.0,2019-07-17 18:00:00+00:00,15.65,,35.35,,,,50.0,,1763.0,1.0,1511.0,0.0,2771.0,96916.0,7858.0,252.0,4785.0,,2019-07-17,2019-07-15,2019,7
HAB_MWII,36.603683,-121.889275,5.0,19205.0,2019-07-24 17:40:00+00:00,15.4,,35.567,,,,50.0,,1233.0,0.0,740.0,0.0,7395.0,17994.0,17994.0,246.0,1233.0,,2019-07-24,2019-07-22,2019,7
HAB_MWII,36.603683,-121.889275,5.0,19212.0,2019-07-31 17:35:00+00:00,15.62,,31.727,,,,50.0,,7642.0,0.0,986.0,0.0,5423.0,1479.0,0.0,0.0,1233.0,,2019-07-31,2019-07-29,2019,7
HAB_MWII,36.603683,-121.889275,5.0,19219.0,2019-08-07 17:40:00+00:00,13.45,,20.663,,,,50.0,,1511.0,0.0,247.0,0.0,2771.0,3272.0,3780.0,504.0,247.0,,2019-08-07,2019-08-05,2019,8
HAB_MWII,36.603683,-121.889275,5.0,19226.0,2019-08-14 17:25:00+00:00,15.85,,71.012,,,,50.0,,20578.0,0.0,257.0,0.0,18520.0,20586.0,10795.0,2058.0,1799.0,,2019-08-14,2019-08-12,2019,8
HAB_MWII,36.603683,-121.889275,5.0,19233.0,2019-08-21 17:40:00+00:00,16.165,,24.74,,,,50.0,,5546.0,482.0,723.0,0.0,8681.0,5788.0,3858.0,2653.0,723.0,,2019-08-21,2019-08-19,2019,8
HAB_MWII,36.603683,-121.889275,5.0,19240.0,2019-08-28 17:45:00+00:00,17.95,,74.145,,,,50.0,,17362.0,0.0,282.0,0.0,25320.0,241.0,0.0,5305.0,7717.0,,2019-08-28,2019-08-26,2019,8
HAB_MWII,36.603683,-121.889275,5.0,19247.0,2019-09-04 17:40:00+00:00,15.25,,28.346,,,,50.0,,24404.0,0.0,0.0,0.0,23171.0,0.0,0.0,246.0,3944.0,,2019-09-04,2019-09-02,2019,9
HAB_MWII,36.603683,-121.889275,5.0,19254.0,2019-09-11 17:25:00+00:00,14.85,,17.956,,,,50.0,,8231.0,0.0,257.0,0.0,3858.0,772.0,0.0,772.0,1801.0,,2019-09-11,2019-09-09,2019,9
HAB_MWII,36.603683,-121.889275,5.0,19261.0,2019-09-18 17:30:00+00:00,13.95,,12.883,,,,50.0,,11816.0,0.0,0.0,0.0,1929.0,5546.0,6511.0,241.0,0.0,,2019-09-18,2019-09-16,2019,9
HAB_MWII,36.603683,-121.889275,5.0,19275.0,2019-10-02 17:50:00+00:00,16.59,,13.88,,,,50.0,,7807.0,0.0,252.0,0.0,4029.0,2770.0,756.0,504.0,252.0,,2019-10-02,2019-09-30,2019,10
HAB_MWII,36.603683,-121.889275,5.0,19282.0,2019-10-09 17:50:00+00:00,14.52,,42.975,,,,50.0,,1801.0,0.0,257.0,0.0,2829.0,15176.0,9774.0,0.0,0.0,,2019-10-09,2019-10-07,2019,10
HAB_MWII,36.603683,-121.889275,5.0,19289.0,2019-10-16 17:45:00+00:00,13.46,,42.569,,,,50.0,,159.0,0.0,0.0,0.0,318.0,20054.0,2228.0,159.0,0.0,,2019-10-16,2019-10-14,2019,10
HAB_MWII,36.603683,-121.889275,5.0,19296.0,2019-10-23 17:30:00+00:00,14.25,,25.79,,,,50.0,,498.0,0.0,0.0,0.0,332.0,997.0,499.0,166.0,0.0,0.0,2019-10-23,2019-10-21,2019,10
HAB_MWII,36.603683,-121.889275,5.0,19303.0,2019-10-30 18:00:00+00:00,12.14,,16.843,,,,50.0,,144.0,72.0,0.0,144.0,1010.0,7215.0,2886.0,0.0,0.0,0.0,2019-10-30,2019-10-28,2019,10
HAB_MWII,36.603683,-121.889275,5.0,19310.0,2019-11-06 18:35:00+00:00,14.215,,31.919,,,,50.0,,997.0,83.0,166.0,166.0,2826.0,0.0,83.0,2327.0,831.0,372.0,2019-11-06,2019-11-04,2019,11
HAB_MWII,36.603683,-121.889275,5.0,20008.0,2020-01-08 19:05:00+00:00,13.43,,8.222,,,,50.0,,170.0,0.0,340.0,0.0,170.0,1019.0,1018.0,0.0,0.0,0.0,2020-01-08,2020-01-06,2020,1
HAB_MWII,36.603683,-121.889275,5.0,20015.0,2020-01-15 18:45:00+00:00,12.13,,13.13,,,,50.0,,2037.0,0.0,679.0,3735.0,1019.0,340.0,6451.0,2377.0,0.0,1359.0,2020-01-15,2020-01-13,2020,1
HAB_MWII,36.603683,-121.889275,5.0,20022.0,2020-01-22 18:45:00+00:00,12.67,,9.472,,,,50.0,,298.0,0.0,149.0,149.0,0.0,1485.0,446.0,149.0,0.0,0.0,2020-01-22,2020-01-20,2020,1
HAB_MWII,36.603683,-121.889275,5.0,20036.0,2020-02-05 19:15:00+00:00,11.9,,17.27,,,,50.0,,162.0,0.0,485.0,1778.0,323.0,1293.0,2102.0,1778.0,0.0,0.0,2020-02-05,2020-02-03,2020,2
HAB_MWII,36.603683,-121.889275,5.0,20043.0,2020-02-12 18:45:00+00:00,11.97,,16.276,,,,50.0,,1443.0,721.0,361.0,2705.0,2886.0,4149.0,6493.0,2525.0,0.0,0.0,2020-02-12,2020-02-10,2020,2
HAB_MWII,36.603683,-121.889275,5.0,20050.0,2020-02-19 18:55:00+00:00,12.5,,7.551,,,,50.0,,651.0,81.0,163.0,81.0,163.0,81.0,4881.0,488.0,0.0,0.0,2020-02-19,2020-02-17,2020,2
HAB_MWII,36.603683,-121.889275,5.0,20057.0,2020-02-26 19:15:00+00:00,13.2,,23.314,,,,50.0,,759.0,27.0,163.0,108.0,675.0,1573.0,1003.0,759.0,54.0,0.0,2020-02-26,2020-02-24,2020,2
HAB_MWII,36.603683,-121.889275,5.0,20064.0,2020-03-04 19:00:00+00:00,13.4,,31.86,,,,50.0,,54.0,163.0,0.0,0.0,217.0,390.0,325.0,325.0,0.0,0.0,2020-03-04,2020-03-02,2020,3
HAB_MWII,36.603683,-121.889275,5.0,20071.0,2020-03-11 18:15:00+00:00,13.17,,7.167,,,,50.0,,0.0,0.0,13.0,0.0,53.0,159.0,53.0,25.0,0.0,0.0,2020-03-11,2020-03-09,2020,3
HAB_MWII,36.603683,-121.889275,5.0,21147.0,2021-05-27 17:20:00+00:00,13.7,,42.03,,,,250.0,,0.0,975.0,1170.0,5557.0,877.0,6337.0,6825.0,2437.0,0.0,0.0,2021-05-27,2021-05-24,2021,5
HAB_MWII,36.603683,-121.889275,5.0,21154.0,2021-06-03 17:20:00+00:00,12.9,,26.895,,,,250.0,,0.0,3480.0,240.0,0.0,1440.0,5040.0,42600.0,360.0,0.0,0.0,2021-06-03,2021-05-31,2021,6
HAB_MWII,36.603683,-121.889275,5.0,21160.0,2021-06-05 16:45:00+00:00,14.1,,22.115,,,,250.0,,0.0,0.0,90.0,0.0,540.0,10980.0,111780.0,0.0,0.0,0.0,2021-06-05,2021-05-31,2021,6
HAB_MWII,36.603683,-121.889275,5.0,21167.0,2021-06-16 17:00:00+00:00,,,32.215,,,,250.0,,0.0,0.0,3075.0,0.0,1500.0,0.0,3975.0,3075.0,0.0,0.0,2021-06-16,2021-06-14,2021,6
HAB_MWII,36.603683,-121.889275,5.0,21176.0,2021-06-25 16:45:00+00:00,18.5,,34.66,,,,250.0,,0.0,0.0,7475.0,0.0,4485.0,0.0,6565.0,4615.0,0.0,0.0,2021-06-25,2021-06-21,2021,6
HAB_MWII,36.603683,-121.889275,5.0,21187.0,2021-07-07 18:06:00+00:00,17.0,,5.36,,,,250.0,,0.0,0.0,160.0,0.0,320.0,0.0,2000.0,240.0,240.0,0.0,2021-07-07,2021-07-05,2021,7
HAB_MWII,36.603683,-121.889275,5.0,21195.0,2021-07-14 16:09:00+00:00,17.0,,14.13,,,,250.0,,225.0,0.0,0.0,0.0,1800.0,0.0,1725.0,300.0,0.0,0.0,2021-07-14,2021-07-12,2021,7
HAB_MWII,36.603683,-121.889275,5.0,21201.0,2021-07-22 16:44:00+00:00,18.0,,24.45,,,,250.0,,700.0,3850.0,1610.0,0.0,14490.0,0.0,9660.0,4620.0,8960.0,140.0,2021-07-22,2021-07-19,2021,7
HAB_MWII,36.603683,-121.889275,5.0,21210.0,2021-07-29 16:34:00+00:00,17.2,,18.26,,,,250.0,,2325.0,450.0,1725.0,150.0,107025.0,0.0,39225.0,6450.0,60000.0,0.0,2021-07-29,2021-07-26,2021,7
HAB_MWII,36.603683,-121.889275,5.0,21222.0,2021-08-12 16:21:00+00:00,17.4,,12.06,,,,250.0,,1575.0,150.0,750.0,0.0,7050.0,0.0,9600.0,7200.0,82200.0,75.0,2021-08-12,2021-08-09,2021,8
HAB_MWII,36.603683,-121.889275,5.0,21226.0,2021-08-16 18:10:00+00:00,15.1,,15.12,,,,250.0,,1200.0,600.0,300.0,0.0,67725.0,0.0,6600.0,7200.0,6675.0,0.0,2021-08-16,2021-08-16,2021,8
HAB_MWII,36.603683,-121.889275,5.0,21240.0,2021-09-01 16:30:00+00:00,18.5,,13.1,,,,250.0,,67520.0,80.0,160.0,0.0,6080.0,1600.0,3680.0,1520.0,0.0,160.0,2021-09-01,2021-08-30,2021,9
HAB_MWII,36.603683,-121.889275,5.0,21255.0,2021-09-15 16:07:00+00:00,16.4,,8.02,,,,250.0,,11200.0,2100.0,350.0,70.0,11060.0,2940.0,37380.0,770.0,70.0,0.0,2021-09-15,2021-09-13,2021,9
HAB_MWII,36.603683,-121.889275,5.0,21272.0,2021-09-29 16:50:00+00:00,16.7,,26.0,,,,250.0,,52360.0,1530.0,3655.0,255.0,14025.0,510.0,2805.0,6055.0,5100.0,255.0,2021-09-29,2021-09-27,2021,9
HAB_MWII,36.603683,-121.889275,5.0,21279.0,2021-10-06 15:24:00+00:00,17.4,,8.03,,,,250.0,,450.0,1200.0,0.0,75.0,675.0,4275.0,80550.0,825.0,150.0,0.0,2021-10-06,2021-10-04,2021,10
HAB_MWII,36.603683,-121.889275,5.0,21285.0,2021-10-13 16:54:00+00:00,15.9,,11.3,,,,250.0,,18430.0,1140.0,475.0,0.0,1140.0,285.0,1425.0,950.0,0.0,190.0,2021-10-13,2021-10-11,2021,10
HAB_MWII,36.603683,-121.889275,5.0,21299.0,2021-10-27 16:32:00+00:00,16.1,,9.94,,,,250.0,,850.0,15980.0,1020.0,85.0,5440.0,0.0,850.0,7820.0,0.0,0.0,2021-10-27,2021-10-25,2021,10
HAB_MWII,36.603683,-121.889275,5.0,21306.0,2021-11-03 16:45:00+00:00,16.7,,13.19,,,,250.0,,1650.0,3900.0,300.0,150.0,12975.0,0.0,1800.0,4275.0,0.0,1200.0,2021-11-03,2021-11-01,2021,11
HAB_MWII,36.603683,-121.889275,5.0,21313.0,2021-11-09 18:03:00+00:00,,,7.83,,,,250.0,,425.0,0.0,0.0,0.0,3230.0,510.0,3145.0,1785.0,0.0,0.0,2021-11-09,2021-11-08,2021,11
HAB_MWII,36.603683,-121.889275,5.0,21321.0,2021-11-17 17:30:00+00:00,14.5,,13.78,,,,250.0,,1155.0,577.0,82.0,660.0,4454.0,3960.0,8580.0,5527.0,0.0,660.0,2021-11-17,2021-11-15,2021,11
HAB_MWII,36.603683,-121.889275,5.0,21328.0,2021-11-24 17:42:00+00:00,,,10.29,,,,250.0,,3382.0,495.0,0.0,165.0,6270.0,1237.0,17077.0,3794.0,0.0,82.0,2021-11-24,2021-11-22,2021,11
HAB_MWII,36.603683,-121.889275,5.0,21335.0,2021-12-01 17:18:00+00:00,13.22,,7.43,,,,250.0,,0.0,170.0,0.0,0.0,255.0,1530.0,21505.0,0.0,0.0,0.0,2021-12-01,2021-11-29,2021,12
HAB_MWII,36.603683,-121.889275,5.0,21342.0,2021-12-08 18:12:00+00:00,14.0,,2.49,,,,250.0,,170.0,0.0,0.0,0.0,170.0,0.0,935.0,85.0,0.0,0.0,2021-12-08,2021-12-06,2021,12
HAB_MWII,36.603683,-121.889275,5.0,21349.0,2021-12-15 17:45:00+00:00,12.8,,5.67,,,,250.0,,0.0,880.0,0.0,0.0,160.0,0.0,1600.0,480.0,0.0,0.0,2021-12-15,2021-12-13,2021,12
HAB_MWII,36.603683,-121.889275,5.0,21356.0,2021-12-22 18:05:00+00:00,12.5,,5.97,,,,250.0,,0.0,170.0,85.0,0.0,340.0,0.0,2125.0,255.0,0.0,0.0,2021-12-22,2021-12-20,2021,12
HAB_MWII,36.603683,-121.889275,5.0,21363.0,2021-12-29 18:15:00+00:00,12.2,,2.68,,,,250.0,,0.0,0.0,0.0,0.0,0.0,0.0,960.0,0.0,0.0,0.0,2021-12-29,2021-12-27,2021,12
HAB_MWII,36.603683,-121.889275,5.0,22005.0,2022-01-05 18:03:00+00:00,,,7.9,,,,250.0,,0.0,0.0,0.0,0.0,0.0,0.0,380.0,0.0,0.0,0.0,2022-01-05,2022-01-03,2022,1
HAB_MWII,36.603683,-121.889275,5.0,22012.0,2022-01-12 18:24:00+00:00,11.8,,6.47,,,,250.0,,0.0,0.0,0.0,0.0,0.0,0.0,400.0,0.0,0.0,0.0,2022-01-12,2022-01-10,2022,1
HAB_MWII,36.603683,-121.889275,5.0,22026.0,2022-01-26 18:27:00+00:00,12.1,,3.27,,,,250.0,,0.0,240.0,0.0,0.0,240.0,0.0,8720.0,3040.0,0.0,0.0,2022-01-26,2022-01-24,2022,1
HAB_MWII,36.603683,-121.889275,5.0,22032.0,2022-02-01 19:37:00+00:00,12.1,,7.96,,,,250.0,,0.0,0.0,0.0,80.0,240.0,0.0,7040.0,240.0,0.0,0.0,2022-02-01,2022-01-31,2022,2
HAB_MWII,36.603683,-121.889275,5.0,22040.0,2022-02-09 17:30:00+00:00,,,4.66,,,,250.0,,0.0,0.0,0.0,0.0,95.0,0.0,1045.0,285.0,0.0,0.0,2022-02-09,2022-02-07,2022,2
HAB_MWII,36.603683,-121.889275,5.0,22047.0,2022-02-16 17:08:00+00:00,13.2,,4.09,,,,250.0,,225.0,0.0,0.0,75.0,75.0,0.0,600.0,825.0,0.0,0.0,2022-02-16,2022-02-14,2022,2
HAB_MWII,36.603683,-121.889275,5.0,22054.0,2022-02-23 18:08:00+00:00,12.4,,7.13,,,,250.0,,0.0,0.0,0.0,0.0,95.0,475.0,855.0,95.0,285.0,0.0,2022-02-23,2022-02-21,2022,2
HAB_MWII,36.603683,-121.889275,5.0,22061.0,2022-03-02 17:30:00+00:00,11.8,,19.92,,,,250.0,,0.0,0.0,0.0,0.0,100.0,120000.0,16400.0,700.0,0.0,0.0,2022-03-02,2022-02-28,2022,3
HAB_MWII,36.603683,-121.889275,5.0,22068.0,2022-03-09 17:45:00+00:00,12.3,,1.69,,,,250.0,,0.0,0.0,270.0,0.0,630.0,0.0,720.0,1170.0,0.0,0.0,2022-03-09,2022-03-07,2022,3
HAB_MWII,36.603683,-121.889275,5.0,22075.0,2022-03-16 16:54:00+00:00,12.2,,8.34,,,,250.0,,0.0,0.0,0.0,0.0,0.0,16740.0,15030.0,1350.0,0.0,0.0,2022-03-16,2022-03-14,2022,3
HAB_MWII,36.603683,-121.889275,5.0,22080.0,2022-03-21 17:28:00+00:00,12.1,,7.48,,,,250.0,,0.0,0.0,0.0,0.0,0.0,2550.0,2850.0,75.0,0.0,0.0,2022-03-21,2022-03-21,2022,3
HAB_MWII,36.603683,-121.889275,5.0,22089.0,2022-03-30 17:12:00+00:00,11.9,,53.39,,,,250.0,,0.0,180.0,900.0,0.0,450.0,28080.0,50400.0,21240.0,0.0,0.0,2022-03-30,2022-03-28,2022,3
HAB_MWII,36.603683,-121.889275,5.0,22096.0,2022-04-06 16:04:00+00:00,12.4,,16.88,,,,250.0,,0.0,0.0,510.0,0.0,680.0,5780.0,42665.0,7140.0,0.0,0.0,2022-04-06,2022-04-04,2022,4
HAB_MWII,36.603683,-121.889275,5.0,22103.0,2022-04-13 16:58:00+00:00,,,5.92,,,,250.0,,0.0,0.0,0.0,0.0,0.0,3750.0,25350.0,450.0,0.0,0.0,2022-04-13,2022-04-11,2022,4
HAB_MWII,36.603683,-121.889275,5.0,22110.0,2022-04-20 17:22:00+00:00,10.5,,6.86,,,,250.0,,95.0,0.0,0.0,0.0,0.0,1805.0,35055.0,380.0,0.0,0.0,2022-04-20,2022-04-18,2022,4
HAB_MWII,36.603683,-121.889275,5.0,22117.0,2022-04-27 17:11:00+00:00,12.4,,8.98,,,,250.0,,0.0,0.0,0.0,0.0,100.0,1300.0,8700.0,800.0,0.0,0.0,2022-04-27,2022-04-25,2022,4
HAB_MWII,36.603683,-121.889275,5.0,22124.0,2022-05-04 17:16:00+00:00,12.2,,7.68,,,,250.0,,0.0,0.0,360.0,0.0,0.0,0.0,0.0,1350.0,0.0,0.0,2022-05-04,2022-05-02,2022,5
HAB_MWII,36.603683,-121.889275,5.0,22131.0,2022-05-11 16:45:00+00:00,12.7,,32.68,,,,250.0,,0.0,0.0,400.0,0.0,0.0,500.0,9300.0,600.0,0.0,0.0,2022-05-11,2022-05-09,2022,5
HAB_MWII,36.603683,-121.889275,5.0,22140.0,2022-05-20 16:39:00+00:00,11.3,,28.22,,,,250.0,,0.0,0.0,255.0,0.0,85.0,1530.0,5525.0,0.0,0.0,0.0,2022-05-20,2022-05-16,2022,5
HAB_MWII,36.603683,-121.889275,5.0,22145.0,2022-05-25 16:33:00+00:00,13.0,,4.66,,,,250.0,,0.0,0.0,0.0,0.0,0.0,0.0,200.0,100.0,0.0,0.0,2022-05-25,2022-05-23,2022,5
HAB_MWII,36.603683,-121.889275,5.0,22152.0,2022-06-01 16:50:00+00:00,12.8,,35.62,,,,250.0,,0.0,0.0,0.0,0.0,0.0,25400.0,25700.0,0.0,0.0,0.0,2022-06-01,2022-05-30,2022,6
HAB_MWII,36.603683,-121.889275,5.0,22159.0,2022-06-08 15:05:00+00:00,13.4,,11.16,,,,250.0,,0.0,0.0,200.0,0.0,300.0,20700.0,5000.0,0.0,0.0,0.0,2022-06-08,2022-06-06,2022,6
HAB_MWII,36.603683,-121.889275,5.0,22166.0,2022-06-15 15:40:00+00:00,11.4,,13.43,,,,250.0,,0.0,0.0,0.0,0.0,0.0,60100.0,10000.0,0.0,0.0,0.0,2022-06-15,2022-06-13,2022,6
HAB_MWII,36.603683,-121.889275,5.0,22173.0,2022-06-22 15:33:00+00:00,14.1,,9.94,,,,250.0,,0.0,0.0,0.0,0.0,0.0,18800.0,9400.0,0.0,0.0,0.0,2022-06-22,2022-06-20,2022,6
HAB_MWII,36.603683,-121.889275,5.0,22180.0,2022-06-29 15:14:00+00:00,14.3,,14.08,,,,250.0,,0.0,0.0,0.0,0.0,4500.0,15300.0,13400.0,0.0,0.0,0.0,2022-06-29,2022-06-27,2022,6
HAB_MWII,36.603683,-121.889275,5.0,22187.0,2022-07-06 15:07:00+00:00,13.8,,10.79,,,,250.0,,0.0,0.0,0.0,0.0,1400.0,87600.0,20300.0,0.0,1600.0,0.0,2022-07-06,2022-07-04,2022,7
HAB_MWII,36.603683,-121.889275,5.0,22201.0,2022-07-20 15:26:00+00:00,13.9,,18.27,,,,250.0,,0.0,0.0,200.0,0.0,7400.0,55500.0,2200.0,400.0,0.0,0.0,2022-07-20,2022-07-18,2022,7
HAB_MWII,36.603683,-121.889275,5.0,22208.0,2022-07-27 15:09:00+00:00,13.7,,28.22,,,,250.0,0.04025755,0.0,0.0,200.0,0.0,1900.0,210000.0,800.0,100.0,0.0,0.0,2022-07-27,2022-07-25,2022,7
HAB_MWII,36.603683,-121.889275,5.0,22215.0,2022-08-03 15:17:00+00:00,14.5,,11.41,,,,250.0,0.13301368,0.0,0.0,200.0,0.0,9500.0,89600.0,5800.0,0.0,0.0,0.0,2022-08-03,2022-08-01,2022,8
HAB_MWII,36.603683,-121.889275,5.0,22222.0,2022-08-10 15:26:00+00:00,16.5,,20.71,,,,250.0,0.2806659,100.0,0.0,200.0,0.0,6500.0,549000.0,4900.0,0.0,0.0,0.0,2022-08-10,2022-08-08,2022,8
HAB_MWII,36.603683,-121.889275,5.0,22229.0,2022-08-17 15:57:00+00:00,12.6,,7.5,,,,250.0,0.017633524,0.0,0.0,0.0,0.0,3100.0,9300.0,4200.0,100.0,0.0,0.0,2022-08-17,2022-08-15,2022,8
HAB_MWII,36.603683,-121.889275,5.0,22236.0,2022-08-24 15:18:00+00:00,13.3,,19.73,,,,250.0,0.018923048,200.0,0.0,0.0,0.0,21600.0,30300.0,5900.0,1100.0,1800.0,0.0,2022-08-24,2022-08-22,2022,8
HAB_MWII,36.603683,-121.889275,5.0,22243.0,2022-08-31 14:45:00+00:00,14.6,,9.42,,,,,0.05220236,0.0,270.0,0.0,0.0,450.0,33840.0,5220.0,90.0,2520.0,0.0,2022-08-31,2022-08-29,2022,8
HAB_MWII,36.603683,-121.889275,5.0,22250.0,2022-09-07 14:09:00+00:00,17.9,,10.99,,,,,,0.0,900.0,90.0,270.0,2250.0,4410.0,1080.0,0.0,1170.0,0.0,2022-09-07,2022-09-05,2022,9
HAB_MWII,36.603683,-121.889275,5.0,22257.0,2022-09-14 14:16:00+00:00,,,9.798,,,,,,270.0,180.0,360.0,0.0,720.0,31140.0,24210.0,0.0,90.0,0.0,2022-09-14,2022-09-12,2022,9
HAB_MWII,36.603683,-121.889275,5.0,22271.0,2022-09-28 14:08:00+00:00,18.3,,12.109,,,,,,3000.0,700.0,400.0,0.0,6600.0,17100.0,10400.0,300.0,1800.0,600.0,2022-09-28,2022-09-26,2022,9
HAB_MWII,36.603683,-121.889275,5.0,22278.0,2022-10-05 13:32:00+00:00,18.2,,6.844,,,,,,0.0,300.0,0.0,0.0,600.0,4200.0,5000.0,300.0,0.0,0.0,2022-10-05,2022-10-03,2022,10
HAB_MWII,36.603683,-121.889275,5.0,22285.0,2022-10-12 14:18:00+00:00,15.5,,9.297,,,,,,4800.0,3840.0,0.0,0.0,37.0,218.0,354.0,2.0,4.0,0.0,2022-10-12,2022-10-10,2022,10
HAB_MWII,36.603683,-121.889275,5.0,22292.0,2022-10-19 14:20:00+00:00,16.16,,5.706,,,,,,100.0,300.0,0.0,0.0,300.0,9400.0,8900.0,500.0,1900.0,0.0,2022-10-19,2022-10-17,2022,10
HAB_MWII,36.603683,-121.889275,5.0,22299.0,2022-10-26 14:18:00+00:00,16.7,,6.845,,,,,,500.0,2000.0,1100.0,0.0,6400.0,4200.0,0.0,900.0,2700.0,0.0,2022-10-26,2022-10-24,2022,10
HAB_MWII,36.603683,-121.889275,5.0,22306.0,2022-11-02 14:26:00+00:00,14.3,,5.611,,,,,,1100.0,330.0,660.0,0.0,1760.0,1650.0,440.0,220.0,1540.0,0.0,2022-11-02,2022-10-31,2022,11
HAB_MWII,36.603683,-121.889275,5.0,22313.0,2022-11-09 15:35:00+00:00,14.4,,7.223,,,,,,1440.0,180.0,540.0,0.0,3870.0,5850.0,10620.0,2070.0,2160.0,0.0,2022-11-09,2022-11-07,2022,11
HAB_MWII,36.603683,-121.889275,5.0,22320.0,2022-11-16 15:20:00+00:00,14.2,,3.668,,,,,,3500.0,300.0,0.0,500.0,4400.0,1800.0,200.0,600.0,1700.0,0.0,2022-11-16,2022-11-14,2022,11
HAB_MWII,36.603683,-121.889275,5.0,22327.0,2022-11-23 15:26:00+00:00,12.8,,5.046,,,,,,450.0,0.0,90.0,0.0,270.0,1350.0,5400.0,0.0,0.0,0.0,2022-11-23,2022-11-21,2022,11
HAB_MWII,36.603683,-121.889275,5.0,22334.0,2022-11-30 15:34:00+00:00,12.7,,3.164,,,,,,900.0,0.0,200.0,0.0,1100.0,300.0,0.0,200.0,0.0,0.0,2022-11-30,2022-11-28,2022,11
HAB_MWII,36.603683,-121.889275,5.0,22341.0,2022-12-07 20:00:00+00:00,13.7,,3.913,,,,,,2530.0,0.0,330.0,0.0,660.0,880.0,0.0,2970.0,110.0,0.0,2022-12-07,2022-12-05,2022,12
HAB_MWII,36.603683,-121.889275,5.0,22348.0,2022-12-14 15:30:00+00:00,14.7,,2.596,,,,,,2200.0,0.0,0.0,0.0,550.0,0.0,0.0,1100.0,0.0,0.0,2022-12-14,2022-12-12,2022,12
HAB_MWII,36.603683,-121.889275,5.0,22356.0,2022-12-22 15:53:00+00:00,14.1,,3.977,,,,,,540.0,0.0,180.0,0.0,360.0,810.0,0.0,180.0,0.0,0.0,2022-12-22,2022-12-19,2022,12
HAB_MWII,36.603683,-121.889275,5.0,22362.0,2022-12-28 16:35:00+00:00,14.1,,5.468,,,,,,720.0,0.0,0.0,0.0,320.0,0.0,560.0,0.0,0.0,0.0,2022-12-28,2022-12-26,2022,12
HAB_MWII,36.603683,-121.889275,5.0,23018.0,2023-01-18 16:17:00+00:00,14.6,,3.714,,,,,,220.0,0.0,0.0,0.0,110.0,0.0,0.0,0.0,0.0,0.0,2023-01-18,2023-01-16,2023,1
HAB_MWII,36.603683,-121.889275,5.0,23025.0,2023-01-25 15:27:00+00:00,13.3,,2.318,,,,,,180.0,0.0,0.0,0.0,90.0,0.0,0.0,0.0,0.0,0.0,2023-01-25,2023-01-23,2023,1
HAB_MWII,36.603683,-121.889275,5.0,23032.0,2023-02-01 15:21:00+00:00,13.5,,9.263565,,,,,,0.0,0.0,0.0,0.0,0.0,0.0,1000.0,0.0,0.0,0.0,2023-02-01,2023-01-30,2023,2
HAB_MWII,36.603683,-121.889275,5.0,23039.0,2023-02-08 15:36:00+00:00,14.0,,2.5089724,,,,,,0.0,0.0,0.0,0.0,0.0,0.0,480.0,0.0,0.0,0.0,2023-02-08,2023-02-06,2023,2
HAB_MWII,36.603683,-121.889275,5.0,23039.0,2023-02-15 15:28:00+00:00,12.8,,4.408,,,,,,0.0,0.0,270.0,0.0,0.0,0.0,0.0,90.0,0.0,0.0,2023-02-15,2023-02-13,2023,2
HAB_MWII,36.603683,-121.889275,5.0,23053.0,2023-02-22 15:29:00+00:00,12.3,,9.120106,,,,,,90.0,0.0,0.0,0.0,180.0,360.0,450.0,180.0,0.0,0.0,2023-02-22,2023-02-20,2023,2
HAB_MWII,36.603683,-121.889275,5.0,23060.0,2023-03-01 15:26:00+00:00,12.0,,4.945,,,,,,0.0,0.0,0.0,100.0,0.0,300.0,200.0,0.0,0.0,0.0,2023-03-01,2023-02-27,2023,3
HAB_MWII,36.603683,-121.889275,5.0,23067.0,2023-03-08 15:06:00+00:00,12.1,,13.132,,,,,,0.0,0.0,0.0,0.0,200.0,400.0,0.0,100.0,0.0,0.0,2023-03-08,2023-03-06,2023,3
HAB_MWII,36.603683,-121.889275,5.0,23081.0,2023-03-22 14:39:00+00:00,13.5,,0.985,,,,,,0.0,0.0,0.0,0.0,0.0,0.0,0.0,0.0,0.0,0.0,2023-03-22,2023-03-20,2023,3
HAB_MWII,36.603683,-121.889275,5.0,23088.0,2023-03-29 14:29:00+00:00,13.5,,9.732,,,,,,0.0,0.0,0.0,0.0,0.0,0.0,800.0,0.0,0.0,0.0,2023-03-29,2023-03-27,2023,3
HAB_MWII,36.603683,-121.889275,5.0,23095.0,2023-04-05 14:43:00+00:00,13.9,,7.1,,,,,,0.0,0.0,0.0,0.0,0.0,600.0,1200.0,0.0,0.0,0.0,2023-04-05,2023-04-03,2023,4
HAB_MWII,36.603683,-121.889275,5.0,23102.0,2023-04-12 14:20:00+00:00,14.1,,28.339,,,,,,0.0,0.0,0.0,0.0,0.0,1600.0,13000.0,0.0,0.0,0.0,2023-04-12,2023-04-10,2023,4
HAB_MWII,36.603683,-121.889275,5.0,23109.0,2023-04-19 14:28:00+00:00,13.6,,12.118,,,,,,0.0,0.0,0.0,0.0,0.0,5775.0,16065.0,0.0,0.0,0.0,2023-04-19,2023-04-17,2023,4
HAB_MWII,36.603683,-121.889275,5.0,23116.0,2023-04-26 14:17:00+00:00,13.9,,11.928,,,,,,0.0,0.0,0.0,0.0,0.0,6500.0,25400.0,0.0,0.0,0.0,2023-04-26,2023-04-24,2023,4
HAB_MWII,36.603683,-121.889275,5.0,23123.0,2023-05-03 14:22:00+00:00,13.9,,19.24,,,,,,0.0,0.0,0.0,0.0,0.0,7800.0,30500.0,0.0,0.0,0.0,2023-05-03,2023-05-01,2023,5
HAB_MWII,36.603683,-121.889275,5.0,23130.0,2023-05-10 14:23:00+00:00,15.8,,1.62,,,,,,0.0,0.0,0.0,0.0,0.0,1100.0,23210.0,0.0,0.0,0.0,2023-05-10,2023-05-08,2023,5
HAB_MWII,36.603683,-121.889275,5.0,23137.0,2023-05-17 14:28:00+00:00,16.5,,24.674,,,,,,0.0,800.0,100.0,0.0,500.0,2500.0,78500.0,100.0,0.0,0.0,2023-05-17,2023-05-15,2023,5
HAB_MWII,36.603683,-121.889275,5.0,23144.0,2023-05-24 14:28:00+00:00,14.7,,7.569,,,,,,0.0,400.0,0.0,0.0,200.0,4400.0,5500.0,0.0,0.0,0.0,2023-05-24,2023-05-22,2023,5
HAB_MWII,36.603683,-121.889275,5.0,23151.0,2023-05-31 14:50:00+00:00,15.7,,7.101,,,,,,0.0,100.0,100.0,0.0,900.0,5600.0,4800.0,0.0,0.0,0.0,2023-05-31,2023-05-29,2023,5
HAB_MWII,36.603683,-121.889275,5.0,23158.0,2023-06-07 14:22:00+00:00,15.9,,13.883,,,,,,0.0,360.0,270.0,0.0,1800.0,8640.0,25020.0,0.0,0.0,0.0,2023-06-07,2023-06-05,2023,6
HAB_MWII,36.603683,-121.889275,5.0,23165.0,2023-06-14 14:19:00+00:00,17.1,,10.839,,,,,,0.0,300.0,200.0,600.0,5000.0,23200.0,62100.0,700.0,0.0,0.0,2023-06-14,2023-06-12,2023,6
HAB_MWII,36.603683,-121.889275,5.0,23172.0,2023-06-21 14:24:00+00:00,18.3,,4.64,,,,,,0.0,0.0,0.0,0.0,13570.0,3680.0,0.0,0.0,0.0,0.0,2023-06-21,2023-06-19,2023,6
HAB_MWII,36.603683,-121.889275,5.0,23179.0,2023-06-28 15:08:00+00:00,17.8,,9.48,,,,,,200.0,5700.0,400.0,0.0,27400.0,10300.0,0.0,8800.0,1000.0,0.0,2023-06-28,2023-06-26,2023,6
HAB_MWII,36.603683,-121.889275,5.0,23186.0,2023-07-05 14:40:00+00:00,17.3,,,,,,,,100.0,1600.0,0.0,0.0,22300.0,800.0,0.0,300.0,300.0,0.0,2023-07-05,2023-07-03,2023,7
HAB_MWII,36.603683,-121.889275,5.0,23193.0,2023-07-12 15:08:00+00:00,,,23.694,,,,,,900.0,6100.0,900.0,0.0,15500.0,1800.0,400.0,3100.0,6000.0,0.0,2023-07-12,2023-07-10,2023,7
HAB_MWII,36.603683,-121.889275,5.0,23200.0,2023-07-19 15:05:00+00:00,14.3,,44.74,,,,,,1900.0,4300.0,400.0,0.0,42000.0,1700.0,4700.0,2000.0,1500.0,0.0,2023-07-19,2023-07-17,2023,7
HAB_MWII,36.603683,-121.889275,5.0,23207.0,2023-07-26 15:09:00+00:00,16.4,,32.68,,,,,,800.0,3000.0,100.0,0.0,4700.0,2100.0,4800.0,200.0,0.0,0.0,2023-07-26,2023-07-24,2023,7
HAB_MWII,36.603683,-121.889275,5.0,23214.0,2023-08-02 14:23:00+00:00,14.7,,32.139,,,,,,0.0,3200.0,100.0,0.0,11300.0,9800.0,3800.0,0.0,400.0,100.0,2023-08-02,2023-07-31,2023,8
HAB_MWII,36.603683,-121.889275,5.0,23221.0,2023-08-09 14:17:00+00:00,14.9,,8.01,,,,,,120.0,600.0,0.0,0.0,3720.0,5760.0,3480.0,0.0,240.0,0.0,2023-08-09,2023-08-07,2023,8
HAB_MWII,36.603683,-121.889275,5.0,23228.0,2023-08-16 14:45:00+00:00,17.5,,27.146,,,,,,0.0,400.0,0.0,0.0,2800.0,9600.0,8500.0,0.0,600.0,0.0,2023-08-16,2023-08-14,2023,8
HAB_MWII,36.603683,-121.889275,5.0,23235.0,2023-08-23 14:50:00+00:00,18.3,,1.903,,,,,,2610.0,990.0,4500.0,0.0,9630.0,1350.0,0.0,19.0,4.0,0.0,2023-08-23,2023-08-21,2023,8
HAB_MWII,36.603683,-121.889275,5.0,23242.0,2023-08-30 13:49:00+00:00,18.1,,1.055,,,,,,0.0,0.0,95.0,0.0,1615.0,2375.0,380.0,0.0,0.0,0.0,2023-08-30,2023-08-28,2023,8
HAB_MWII,36.603683,-121.889275,5.0,23249.0,2023-09-06 13:48:00+00:00,15.1,,0.257,,,,,,95.0,285.0,95.0,0.0,950.0,7980.0,4465.0,0.0,0.0,0.0,2023-09-06,2023-09-04,2023,9
HAB_MWII,36.603683,-121.889275,5.0,23256.0,2023-09-13 13:49:00+00:00,15.9,,,,,,,,100.0,1000.0,400.0,0.0,1100.0,3800.0,8700.0,100.0,200.0,0.0,2023-09-13,2023-09-11,2023,9
HAB_MWII,36.603683,-121.889275,5.0,23263.0,2023-09-20 13:51:00+00:00,16.3,,0.12,,,,,,200.0,1200.0,100.0,100.0,1000.0,5400.0,10500.0,100.0,0.0,0.0,2023-09-20,2023-09-18,2023,9
HAB_MWII,36.603683,-121.889275,5.0,23270.0,2023-09-27 13:53:00+00:00,17.6,,7.511,,,,,,500.0,0.0,200.0,400.0,1500.0,600.0,0.0,200.0,0.0,0.0,2023-09-27,2023-09-25,2023,9
HAB_MWII,36.603683,-121.889275,5.0,23277.0,2023-10-04 14:03:00+00:00,17.1,,15.442,,,,,,330.0,0.0,220.0,3410.0,3850.0,17160.0,0.0,0.0,0.0,0.0,2023-10-04,2023-10-02,2023,10
HAB_MWII,36.603683,-121.889275,5.0,23284.0,2023-10-11 13:56:00+00:00,15.2,,3.365,,,,,,2200.0,400.0,100.0,3500.0,2900.0,24600.0,2000.0,200.0,0.0,0.0,2023-10-11,2023-10-09,2023,10
HAB_MWII,36.603683,-121.889275,5.0,23291.0,2023-10-18 13:55:00+00:00,12.7,,21.416,,,,,,27300.0,1100.0,1300.0,1800.0,7800.0,5900.0,400.0,200.0,0.0,0.0,2023-10-18,2023-10-16,2023,10
HAB_MWII,36.603683,-121.889275,5.0,23298.0,2023-10-25 13:56:00+00:00,15.5,,6.207,,,,,,800.0,1000.0,1900.0,1500.0,13900.0,3900.0,200.0,1000.0,0.0,0.0,2023-10-25,2023-10-23,2023,10
HAB_MWII,36.603683,-121.889275,5.0,23305.0,2023-11-01 14:00:00+00:00,12.5,,2.426,,,,,,720.0,0.0,180.0,360.0,2880.0,1350.0,0.0,90.0,0.0,0.0,2023-11-01,2023-10-30,2023,11
HAB_MWII,36.603683,-121.889275,5.0,23319.0,2023-11-15 14:58:00+00:00,13.0,,2.117,,,,,,90.0,180.0,0.0,270.0,90.0,1170.0,540.0,180.0,0.0,0.0,2023-11-15,2023-11-13,2023,11
HAB_MWII,36.603683,-121.889275,5.0,23326.0,2023-11-22 14:51:00+00:00,14.9,,2.167,,,,,,500.0,100.0,0.0,300.0,300.0,700.0,0.0,200.0,0.0,0.0,2023-11-22,2023-11-20,2023,11
HAB_MWII,36.603683,-121.889275,5.0,23333.0,2023-11-29 14:56:00+00:00,,,6.486,,,,,,0.0,100.0,0.0,2900.0,0.0,1200.0,0.0,400.0,0.0,0.0,2023-11-29,2023-11-27,2023,11
HAB_MWII,36.603683,-121.889275,5.0,23340.0,2023-12-06 14:49:00+00:00,15.0,,7.53,,,,,,760.0,0.0,285.0,5510.0,1140.0,1805.0,0.0,5510.0,0.0,0.0,2023-12-06,2023-12-04,2023,12
HAB_MWII,36.603683,-121.889275,5.0,23347.0,2023-12-13 15:21:00+00:00,12.5,,10.907,,,,,,1530.0,540.0,180.0,10890.0,2250.0,2430.0,630.0,810.0,90.0,0.0,2023-12-13,2023-12-11,2023,12
HAB_MWII,36.603683,-121.889275,5.0,23361.0,2023-12-27 17:10:00+00:00,9.1,,7.147,,,,,,270.0,0.0,0.0,0.0,0.0,540.0,0.0,0.0,0.0,0.0,2023-12-27,2023-12-25,2023,12
HAB_MWII,36.603683,-121.889275,5.0,24003.0,2024-01-03 16:37:00+00:00,14.0,,6.424,,,,,,540.0,0.0,0.0,0.0,0.0,180.0,0.0,0.0,0.0,0.0,2024-01-03,2024-01-01,2024,1
HAB_MWII,36.603683,-121.889275,5.0,24010.0,2024-01-10 15:24:00+00:00,12.5,,3.103,,,,,,100.0,100.0,0.0,100.0,0.0,0.0,1400.0,0.0,0.0,0.0,2024-01-10,2024-01-08,2024,1
HAB_MWII,36.603683,-121.889275,5.0,24017.0,2024-01-17 15:26:00+00:00,13.0,,4.128,,,,,,0.0,0.0,0.0,540.0,450.0,360.0,0.0,270.0,90.0,0.0,2024-01-17,2024-01-15,2024,1
HAB_MWII,36.603683,-121.889275,5.0,24024.0,2024-01-24 15:19:00+00:00,13.2,,3.614,,,,,,200.0,100.0,0.0,0.0,200.0,200.0,0.0,0.0,0.0,0.0,2024-01-24,2024-01-22,2024,1
HAB_MWII,36.603683,-121.889275,5.0,24031.0,2024-01-31 15:20:00+00:00,12.8,,7.108,,,,,,0.0,0.0,100.0,0.0,0.0,500.0,0.0,0.0,0.0,0.0,2024-01-31,2024-01-29,2024,1
HAB_MWII,36.603683,-121.889275,5.0,24038.0,2024-02-07 15:17:00+00:00,13.0,,5.488,,,,,,0.0,0.0,0.0,80.0,0.0,0.0,0.0,0.0,0.0,0.0,2024-02-07,2024-02-05,2024,2
HAB_MWII,36.603683,-121.889275,5.0,24045.0,2024-02-14 15:22:00+00:00,13.2,,4.503,,,,,,0.0,0.0,0.0,0.0,100.0,0.0,0.0,0.0,0.0,0.0,2024-02-14,2024-02-12,2024,2
HAB_MWII,36.603683,-121.889275,5.0,24052.0,2024-02-21 15:19:00+00:00,13.0,,,,,,,,0.0,0.0,0.0,90.0,0.0,1710.0,810.0,0.0,0.0,0.0,2024-02-21,2024-02-19,2024,2
HAB_MWII,36.603683,-121.889275,5.0,24080.0,2024-03-20 14:44:00+00:00,14.1,,,,,,,,,,,,,,,,,,2024-03-20,2024-03-18,2024,3
HAB_MWII,36.603683,-121.889275,5.0,24087.0,2024-03-27 14:46:00+00:00,13.5,,,,,,,,,,,,,,,,,,2024-03-27,2024-03-25,2024,3
HAB_MWII,36.603683,-121.889275,5.0,24094.0,2024-04-04 14:53:00+00:00,14.0,,,,,,,,,,,,,,,,,,2024-04-04,2024-04-01,2024,4
HAB_MWII,36.603683,-121.889275,5.0,24101.0,2024-04-10 14:46:00+00:00,13.8,,15.17,,,,,,180.0,540.0,360.0,0.0,990.0,1800.0,1080.0,360.0,540.0,0.0,2024-04-10,2024-04-08,2024,4
HAB_MWII,36.603683,-121.889275,5.0,24115.0,2024-04-24 14:03:00+00:00,13.2,,20.55,,,,,,0.0,700.0,200.0,0.0,800.0,600.0,0.0,100.0,200.0,0.0,2024-04-24,2024-04-22,2024,4
HAB_MWII,36.603683,-121.889275,5.0,24122.0,2024-05-01 14:45:00+00:00,14.6,,26.63,,,,,,3100.0,1900.0,2400.0,0.0,13200.0,0.0,0.0,100.0,900.0,0.0,2024-05-01,2024-04-29,2024,5
HAB_MWII,36.603683,-121.889275,5.0,24129.0,2024-05-08 14:04:00+00:00,12.8,,57.76,,,,,,1890.0,8010.0,2160.0,0.0,26550.0,43200.0,209520.0,0.0,180.0,0.0,2024-05-08,2024-05-06,2024,5
HAB_MWII,36.603683,-121.889275,5.0,24136.0,2024-05-15 14:12:00+00:00,12.2,,42.79,,,,,,1080.0,540.0,270.0,0.0,0.0,101340.0,12510.0,0.0,360.0,0.0,2024-05-15,2024-05-13,2024,5
HAB_MWII,36.603683,-121.889275,5.0,24143.0,2024-05-22 14:09:00+00:00,13.9,,,,,,,,190.0,0.0,190.0,0.0,39520.0,0.0,0.0,0.0,95.0,0.0,2024-05-22,2024-05-20,2024,5
HAB_MWII,36.603683,-121.889275,5.0,24150.0,2024-05-29 17:11:00+00:00,14.3,,4.184,,,,,,500.0,2800.0,300.0,0.0,80200.0,600.0,0.0,500.0,0.0,0.0,2024-05-29,2024-05-27,2024,5
HAB_MWII,36.603683,-121.889275,5.0,24157.0,2024-06-05 13:56:00+00:00,14.9,,,,,,,,100.0,200.0,400.0,0.0,13300.0,200.0,200.0,500.0,200.0,0.0,2024-06-05,2024-06-03,2024,6
HAB_MWII,36.603683,-121.889275,5.0,24164.0,2024-06-12 14:11:00+00:00,13.2,,,,,,,,90.0,2430.0,1080.0,90.0,4230.0,141570.0,28710.0,630.0,90.0,0.0,2024-06-12,2024-06-10,2024,6
HAB_MWII,36.603683,-121.889275,5.0,24171.0,2024-06-19 14:15:00+00:00,14.6,,0.306,,,,,,200.0,400.0,0.0,0.0,1900.0,700.0,1400.0,0.0,0.0,0.0,2024-06-19,2024-06-17,2024,6
HAB_MWII,36.603683,-121.889275,5.0,24178.0,2024-06-26 14:16:00+00:00,12.0,,0.792,,,,,,0.0,400.0,200.0,0.0,300.0,5200.0,10500.0,0.0,0.0,0.0,2024-06-26,2024-06-24,2024,6
HAB_MWII,36.603683,-121.889275,5.0,24185.0,2024-07-03 14:20:00+00:00,14.1,,0.426,,,,,,100.0,2500.0,0.0,0.0,2400.0,500.0,0.0,0.0,0.0,0.0,2024-07-03,2024-07-01,2024,7
HAB_MWII,36.603683,-121.889275,5.0,24192.0,2024-07-10 14:10:00+00:00,14.5,,0.174,,,,,,1000.0,1700.0,300.0,0.0,8100.0,3200.0,200.0,0.0,0.0,0.0,2024-07-10,2024-07-08,2024,7
HAB_MWII,36.603683,-121.889275,5.0,24199.0,2024-07-17 14:24:00+00:00,14.8,,0.12,,,,,,100.0,5800.0,100.0,0.0,1200.0,1000.0,0.0,100.0,0.0,0.0,2024-07-17,2024-07-15,2024,7
HAB_MWII,36.603683,-121.889275,5.0,24206.0,2024-07-24 14:10:00+00:00,15.5,,2.065,,,,,,3400.0,5800.0,1500.0,0.0,26400.0,111600.0,0.0,200.0,100.0,0.0,2024-07-24,2024-07-22,2024,7
HAB_MWII,36.603683,-121.889275,5.0,24213.0,2024-07-31 14:11:00+00:00,15.8,,3.457,,,,,,14800.0,15700.0,1300.0,200.0,27700.0,769000.0,0.0,200.0,800.0,0.0,2024-07-31,2024-07-29,2024,7
HAB_MWII,36.603683,-121.889275,5.0,24220.0,2024-08-07 14:06:00+00:00,14.7,,3.987,,,,,,13100.0,39500.0,1600.0,200.0,8300.0,1508000.0,1200.0,800.0,300.0,0.0,2024-08-07,2024-08-05,2024,8
HAB_MWII,36.603683,-121.889275,5.0,24227.0,2024-08-14 15:23:00+00:00,14.0,,,,,,,,450.0,7380.0,90.0,0.0,7020.0,979200.0,75780.0,90.0,0.0,0.0,2024-08-14,2024-08-12,2024,8
HAB_MWII,36.603683,-121.889275,5.0,24234.0,2024-08-21 14:31:00+00:00,13.9,,,,,,,,0.0,4200.0,100.0,0.0,4000.0,87900.0,8800.0,200.0,400.0,0.0,2024-08-21,2024-08-19,2024,8
HAB_MWII,36.603683,-121.889275,5.0,24241.0,2024-08-28 16:10:00+00:00,16.0,,,,,,,,10500.0,3600.0,600.0,0.0,13400.0,17300.0,400.0,400.0,200.0,0.0,2024-08-28,2024-08-26,2024,8
HAB_MWII,36.603683,-121.889275,5.0,24248.0,2024-09-04 14:01:00+00:00,15.2,,1.048,,,,,,1200.0,1200.0,800.0,0.0,5700.0,2414000.0,0.0,100.0,0.0,0.0,2024-09-04,2024-09-02,2024,9
HAB_MWII,36.603683,-121.889275,5.0,24255.0,2024-09-11 14:27:00+00:00,14.1,,0.688,,,,,,400.0,1800.0,800.0,200.0,18300.0,1086000.0,900.0,0.0,0.0,0.0,2024-09-11,2024-09-09,2024,9
HAB_MWII,36.603683,-121.889275,5.0,24262.0,2024-09-18 14:30:00+00:00,13.9,,,,,,,,0.0,3240.0,630.0,0.0,990.0,40770.0,230400.0,450.0,90.0,0.0,2024-09-18,2024-09-16,2024,9
HAB_MWII,36.603683,-121.889275,5.0,24269.0,2024-09-25 16:40:00+00:00,15.0,,,,,,,,200.0,2500.0,500.0,0.0,2200.0,1400.0,1600.0,3400.0,0.0,0.0,2024-09-25,2024-09-23,2024,9
HAB_MWII,36.603683,-121.889275,5.0,24276.0,2024-10-02 14:45:00+00:00,15.7,,,,,,,,14900.0,11100.0,2000.0,0.0,14300.0,500.0,100.0,400.0,600.0,0.0,2024-10-02,2024-09-30,2024,10
HAB_MWII,36.603683,-121.889275,5.0,24283.0,2024-10-09 14:50:00+00:00,16.0,,,,,,,,2900.0,15200.0,10200.0,0.0,18900.0,1700.0,0.0,5800.0,3500.0,0.0,2024-10-09,2024-10-07,2024,10
HAB_MWII,36.603683,-121.889275,5.0,24290.0,2024-10-16 14:03:00+00:00,15.0,,,,,,,,900.0,1900.0,700.0,0.0,4800.0,1200.0,0.0,900.0,300.0,0.0,2024-10-16,2024-10-14,2024,10
HAB_MWII,36.603683,-121.889275,5.0,24297.0,2024-10-23 15:14:00+00:00,13.0,,,,,,,,6700.0,7800.0,900.0,0.0,8200.0,5500.0,3600.0,0.0,0.0,0.0,2024-10-23,2024-10-21,2024,10
HAB_MWII,36.603683,-121.889275,5.0,24311.0,2024-11-06 16:16:00+00:00,13.2,,,,,,,,9450.0,32670.0,720.0,90.0,108180.0,14310.0,0.0,1260.0,630.0,0.0,2024-11-06,2024-11-04,2024,11
HAB_MWII,36.603683,-121.889275,5.0,24318.0,2024-11-13 16:01:00+00:00,12.5,,,,,,,,400.0,12600.0,200.0,0.0,31500.0,4300.0,0.0,10200.0,300.0,0.0,2024-11-13,2024-11-11,2024,11
HAB_MWII,36.603683,-121.889275,5.0,24332.0,2024-11-27 15:03:00+00:00,12.3,,,,,,,,1600.0,1000.0,500.0,0.0,38500.0,400.0,0.0,31000.0,0.0,0.0,2024-11-27,2024-11-25,2024,11
HAB_MWII,36.603683,-121.889275,5.0,24339.0,2024-12-04 16:24:00+00:00,12.3,,,,,,,,100.0,100.0,600.0,0.0,13000.0,100.0,0.0,13100.0,0.0,0.0,2024-12-04,2024-12-02,2024,12
HAB_MWII,36.603683,-121.889275,5.0,24346.0,2024-12-11 16:03:00+00:00,11.6,,,,,,,,0.0,180.0,0.0,0.0,0.0,360.0,0.0,360.0,0.0,0.0,2024-12-11,2024-12-09,2024,12
HAB_MWII,36.603683,-121.889275,5.0,24353.0,2024-12-18 16:02:00+00:00,12.7,,,,,,,,0.0,200.0,0.0,0.0,0.0,1800.0,0.0,200.0,0.0,0.0,2024-12-18,2024-12-16,2024,12
HAB_MWII,36.603683,-121.889275,5.0,25008.0,2025-01-08 15:23:00+00:00,11.7,,,,,,,,0.0,0.0,0.0,0.0,0.0,1260.0,0.0,180.0,0.0,0.0,2025-01-08,2025-01-06,2025,1
HAB_MWII,36.603683,-121.889275,5.0,25015.0,2025-01-15 16:10:00+00:00,11.3,,,,,,,,0.0,1260.0,0.0,0.0,90.0,1080.0,90.0,360.0,0.0,0.0,2025-01-15,2025-01-13,2025,1
HAB_MWII,36.603683,-121.889275,5.0,25022.0,2025-01-22 16:04:00+00:00,11.5,,,,,,,,0.0,1710.0,0.0,0.0,0.0,1170.0,0.0,0.0,0.0,0.0,2025-01-22,2025-01-20,2025,1
HAB_MWII,36.603683,-121.889275,5.0,25029.0,2025-01-29 16:02:00+00:00,12.0,,,,,,,,0.0,1300.0,100.0,0.0,200.0,4200.0,800.0,0.0,0.0,0.0,2025-01-29,2025-01-27,2025,1
HAB_MWII,36.603683,-121.889275,5.0,25036.0,2025-02-05 15:31:00+00:00,12.1,,,,,,,,0.0,0.0,0.0,0.0,0.0,500.0,0.0,0.0,0.0,0.0,2025-02-05,2025-02-03,2025,2
HAB_MWII,36.603683,-121.889275,5.0,25043.0,2025-02-12 16:15:00+00:00,12.0,,,,,,,,0.0,100.0,0.0,0.0,0.0,600.0,0.0,0.0,0.0,0.0,2025-02-12,2025-02-10,2025,2
HAB_MWII,36.603683,-121.889275,5.0,25050.0,2025-02-19 15:52:00+00:00,12.9,,,,,,,,0.0,100.0,0.0,0.0,0.0,500.0,300.0,0.0,0.0,0.0,2025-02-19,2025-02-17,2025,2
HAB_MWII,36.603683,-121.889275,5.0,25057.0,2025-02-26 16:30:00+00:00,13.0,,,,,,,,0.0,1200.0,0.0,0.0,200.0,100.0,0.0,0.0,0.0,0.0,2025-02-26,2025-02-24,2025,2
HAB_MWII,36.603683,-121.889275,5.0,25064.0,2025-03-05 15:32:00+00:00,12.8,,,,,,,,0.0,500.0,0.0,0.0,0.0,300.0,0.0,0.0,0.0,0.0,2025-03-05,2025-03-03,2025,3
HAB_MWII,36.603683,-121.889275,5.0,25071.0,2025-03-12 15:11:00+00:00,12.0,,,,,,,,0.0,550.0,0.0,0.0,0.0,4290.0,8800.0,0.0,0.0,0.0,2025-03-12,2025-03-10,2025,3
HAB_MWII,36.603683,-121.889275,5.0,25078.0,2025-03-19 15:32:00+00:00,12.2,,,,,,,,720.0,8760.0,0.0,0.0,120.0,11160.0,7080.0,240.0,240.0,0.0,2025-03-19,2025-03-17,2025,3
HAB_MWII,36.603683,-121.889275,5.0,25085.0,2025-03-26 15:14:00+00:00,14.0,,,,,,,,800.0,700.0,800.0,0.0,300.0,2600.0,100.0,100.0,0.0,0.0,2025-03-26,2025-03-24,2025,3
HAB_MWII,36.603683,-121.889275,5.0,25092.0,2025-04-02 14:55:00+00:00,12.1,,,,,,,,90.0,360.0,90.0,0.0,360.0,147150.0,3150.0,90.0,0.0,0.0,2025-04-02,2025-03-31,2025,4
HAB_MWII,36.603683,-121.889275,5.0,25099.0,2025-04-09 14:15:00+00:00,14.0,,,,,,,,45600.0,1400.0,1900.0,0.0,4300.0,1900.0,2100.0,500.0,0.0,0.0,2025-04-09,2025-04-07,2025,4
HAB_MWII,36.603683,-121.889275,5.0,25106.0,2025-04-16 13:46:00+00:00,11.9,,,,,,,,2600.0,700.0,0.0,0.0,300.0,2500.0,17400.0,300.0,0.0,0.0,2025-04-16,2025-04-14,2025,4
HAB_MWII,36.603683,-121.889275,5.0,25113.0,2025-04-23 15:22:00+00:00,13.0,,,,,,,,0.0,5300.0,100.0,0.0,0.0,6100.0,5600.0,100.0,0.0,0.0,2025-04-23,2025-04-21,2025,4
HAB_MWII,36.603683,-121.889275,5.0,25120.0,2025-04-30 15:11:00+00:00,13.1,,,,,,,,200.0,800.0,100.0,0.0,600.0,11600.0,9600.0,300.0,0.0,0.0,2025-04-30,2025-04-28,2025,4
HAB_MWII,36.603683,-121.889275,5.0,25127.0,2025-05-07 14:32:00+00:00,14.1,,,,,,,,90.0,5400.0,450.0,0.0,9090.0,540.0,720.0,1620.0,0.0,0.0,2025-05-07,2025-05-05,2025,5
HAB_MWII,36.603683,-121.889275,5.0,25134.0,2025-05-14 14:40:00+00:00,14.1,,,,,,,,0.0,3200.0,200.0,0.0,14900.0,3600.0,40700.0,200.0,0.0,0.0,2025-05-14,2025-05-12,2025,5
HAB_MWII,36.603683,-121.889275,5.0,25141.0,2025-05-21 14:39:00+00:00,14.0,,,,,,,,0.0,1425.0,190.0,0.0,4370.0,4180.0,39235.0,285.0,190.0,0.0,2025-05-21,2025-05-19,2025,5
HAB_MWII,36.603683,-121.889275,5.0,25148.0,2025-05-28 14:47:00+00:00,12.0,,,,,,,,0.0,4400.0,0.0,0.0,3600.0,3100.0,27500.0,1100.0,0.0,0.0,2025-05-28,2025-05-26,2025,5
HAB_MWII,36.603683,-121.889275,5.0,25155.0,2025-06-04 14:26:00+00:00,15.0,,,,,,,,0.0,1100.0,0.0,0.0,900.0,2500.0,1400.0,0.0,0.0,0.0,2025-06-04,2025-06-02,2025,6
HAB_MWII,36.603683,-121.889275,5.0,25169.0,2025-06-18 13:52:00+00:00,13.5,,,,,,,,665.0,2470.0,1520.0,0.0,13775.0,22135.0,8265.0,855.0,0.0,0.0,2025-06-18,2025-06-16,2025,6
HAB_MWII,36.603683,-121.889275,5.0,25176.0,2025-06-25 14:28:00+00:00,12.0,,,,,,,,1200.0,900.0,600.0,0.0,2500.0,8000.0,9700.0,100.0,0.0,0.0,2025-06-25,2025-06-23,2025,6
HAB_MWII,36.603683,-121.889275,5.0,25183.0,2025-07-02 14:32:00+00:00,14.0,,,,,,,,700.0,3800.0,600.0,0.0,106700.0,452000.0,22700.0,1000.0,100.0,0.0,2025-07-02,2025-06-30,2025,7
HAB_MWII,36.603683,-121.889275,5.0,25190.0,2025-07-09 14:31:00+00:00,14.6,,,,,,,,180.0,3690.0,630.0,0.0,30420.0,90.0,180.0,180.0,0.0,0.0,2025-07-09,2025-07-07,2025,7
HAB_MWII,36.603683,-121.889275,5.0,25204.0,2025-07-23 14:21:00+00:00,16.0,,,,,,,,1100.0,4400.0,4600.0,0.0,47400.0,2164000.0,2100.0,7500.0,600.0,0.0,2025-07-23,2025-07-21,2025,7
HAB_MWII,36.603683,-121.889275,5.0,25211.0,2025-07-30 14:27:00+00:00,17.4,,,,,,,,200.0,200.0,2500.0,200.0,21200.0,572000.0,7400.0,1900.0,0.0,0.0,2025-07-30,2025-07-28,2025,7
HAB_MWII,36.603683,-121.889275,5.0,25218.0,2025-08-06 14:38:00+00:00,15.5,,,,,,,,800.0,2600.0,1000.0,0.0,14500.0,133100.0,34900.0,1100.0,1400.0,0.0,2025-08-06,2025-08-04,2025,8
HAB_MWII,36.603683,-121.889275,5.0,25225.0,2025-08-13 14:33:00+00:00,15.4,,,,,,,,300.0,5400.0,2200.0,0.0,23500.0,413200.0,57500.0,900.0,400.0,0.0,2025-08-13,2025-08-11,2025,8
HAB_MWII,36.603683,-121.889275,5.0,25232.0,2025-08-20 14:35:00+00:00,16.0,,,,,,,,0.0,2400.0,100.0,0.0,19000.0,73400.0,28300.0,0.0,0.0,0.0,2025-08-20,2025-08-18,2025,8
HAB_MWII,36.603683,-121.889275,5.0,25239.0,2025-08-27 14:36:00+00:00,14.0,,,,,,,,0.0,800.0,100.0,0.0,4700.0,17900.0,27100.0,0.0,0.0,0.0,2025-08-27,2025-08-25,2025,8
HAB_MWII,36.603683,-121.889275,5.0,25246.0,2025-09-03 14:20:00+00:00,15.0,,,,,,,,,,,,,,,,,,2025-09-03,2025-09-01,2025,9
HAB_MWII,36.603683,-121.889275,5.0,25253.0,2025-09-10 14:40:00+00:00,16.8,,,,,,,,,,,,,,,,,,2025-09-10,2025-09-08,2025,9
HAB_MWII,36.603683,-121.889275,5.0,25260.0,2025-09-17 14:45:00+00:00,17.5,,,,,,,,,,,,,,,,,,2025-09-17,2025-09-15,2025,9
HAB_MWII,36.603683,-121.889275,5.0,25267.0,2025-09-24 18:38:00+00:00,17.0,,,,,,,,,,,,,,,,,,2025-09-24,2025-09-22,2025,9
HAB_MWII,36.603683,-121.889275,5.0,25274.0,2025-10-01 14:22:00+00:00,17.0,,,,,,,,,,,,,,,,,,2025-10-01,2025-09-29,2025,10
HAB_MWII,36.603683,-121.889275,5.0,25281.0,2025-10-08 15:03:00+00:00,15.5,,,,,,,,,,,,,,,,,,2025-10-08,2025-10-06,2025,10
HAB_MWII,36.603683,-121.889275,5.0,25288.0,2025-10-15 14:51:00+00:00,15.8,,,,,,,,,,,,,,,,,,2025-10-15,2025-10-13,2025,10
HAB_MWII,36.603683,-121.889275,5.0,25295.0,2025-10-22 16:17:00+00:00,15.1,,,,,,,,,,,,,,,,,,2025-10-22,2025-10-20,2025,10
HAB_MWII,36.603683,-121.889275,5.0,25302.0,2025-10-29 17:00:00+00:00,16.0,,,,,,,,,,,,,,,,,,2025-10-29,2025-10-27,2025,10
HAB_MWII,36.603683,-121.889275,5.0,25309.0,2025-11-05 15:35:00+00:00,12.8,,,,,,,,,,,,,,,,,,2025-11-05,2025-11-03,2025,11
HAB_MWII,36.603683,-121.889275,5.0,25316.0,2025-11-12 16:26:00+00:00,14.0,,,,,,,,,,,,,,,,,,2025-11-12,2025-11-10,2025,11
HAB_MWII,36.603683,-121.889275,5.0,25323.0,2025-11-19 16:25:00+00:00,14.0,,,,,,,,,,,,,,,,,,2025-11-19,2025-11-17,2025,11
HAB_MWII,36.603683,-121.889275,5.0,25337.0,2025-12-03 16:20:00+00:00,13.2,,,,,,,,,,,,,,,,,,2025-12-03,2025-12-01,2025,12
HAB_MWII,36.603683,-121.889275,5.0,25344.0,2025-12-10 16:20:00+00:00,13.2,,,,,,,,,,,,,,,,,,2025-12-10,2025-12-08,2025,12
HAB_MWII,36.603683,-121.889275,5.0,25351.0,2025-12-17 16:03:00+00:00,15.0,,,,,,,,,,,,,,,,,,2025-12-17,2025-12-15,2025,12
HAB_MWII,36.603683,-121.889275,5.0,25364.0,2025-12-30 16:44:00+00:00,14.0,,,,,,,,,,,,,,,,,,2025-12-30,2025-12-29,2025,12
HAB_MWII,36.603683,-121.889275,5.0,25007.0,2026-01-07 16:47:00+00:00,14.2,,,,,,,,,,,,,,,,,,2026-01-07,2026-01-05,2026,1
HAB_MWII,36.603683,-121.889275,5.0,25014.0,2026-01-14 16:50:00+00:00,13.5,,,,,,,,,,,,,,,,,,2026-01-14,2026-01-12,2026,1
HAB_MWII,36.603683,-121.889275,5.0,26021.0,2026-01-21 17:41:00+00:00,13.8,,,,,,,,,,,,,,,,,,2026-01-21,2026-01-19,2026,1
HAB_MWII,36.603683,-121.889275,5.0,26027.0,2026-01-27 16:19:00+00:00,13.8,,,,,,,,,,,,,,,,,,2026-01-27,2026-01-26,2026,1
HAB_MWII,36.603683,-121.889275,5.0,26034.0,2026-02-03 16:20:00+00:00,13.8,,,,,,,,,,,,,,,,,,2026-02-03,2026-02-02,2026,2
HAB_MWII,36.603683,-121.889275,5.0,26041.0,2026-02-10 16:46:00+00:00,14.3,,,,,,,,,,,,,,,,,,2026-02-10,2026-02-09,2026,2
HAB_MWII,36.603683,-121.889275,5.0,26048.0,2026-02-17 16:32:00+00:00,13.5,,,,,,,,,,,,,,,,,,2026-02-17,2026-02-16,2026,2
HAB_MWII,36.603683,-121.889275,5.0,26055.0,2026-02-24 16:20:00+00:00,13.9,,,,,,,,,,,,,,,,,,2026-02-24,2026-02-23,2026,2
HAB_MWII,36.603683,-121.889275,5.0,26064.0,2026-03-05 16:38:00+00:00,14.2,,,,,,,,,,,,,,,,,,2026-03-05,2026-03-02,2026,3
HAB_MWII,36.603683,-121.889275,5.0,26069.0,2026-03-10 15:48:00+00:00,13.0,,,,,,,,,,,,,,,,,,2026-03-10,2026-03-09,2026,3
HAB_MWII,36.603683,-121.889275,5.0,26076.0,2026-03-17 16:33:00+00:00,13.1,,,,,,,,,,,,,,,,,,2026-03-17,2026-03-16,2026,3
HAB_MWII,36.603683,-121.889275,5.0,26083.0,2026-03-24 16:15:00+00:00,13.8,,,,,,,,,,,,,,,,,,2026-03-24,2026-03-23,2026,3
HAB_MWII,36.603683,-121.889275,5.0,26090.0,2026-03-31 15:55:00+00:00,14.6,,,,,,,,,,,,,,,,,,2026-03-31,2026-03-30,2026,3
