location_code,latitude,longitude,sampleid,time,temp,akashiwo_sanguinea,alexandrium_spp,dinophysis_spp,lingulodinium_polyedra,prorocentrum_spp,pseudo_nitzschia_delicatissima_group,pseudo_nitzschia_seriata_group,ceratium_spp,cochlodinium_spp,gymnodinium_spp,other_diatoms,other_dinoflagellates,total_phytoplankton,sample_date,week_start,year,month
BML,38.31613,-123.0705,9.0,2020-01-20 20:47:00+00:00,11.1,0.0,0.0,33.0,0.0,65.0,20.0,51.0,69.0,0.0,29.0,1118.0,69.0,1454.0,2020-01-20,2020-01-20,2020,1
BML,38.31613,-123.0705,1.0,2020-07-28 19:41:00+00:00,16.0,7994.0,0.0,283.0,0.0,800.0,8.0,6.0,1135.0,0.0,12.0,264.0,187.0,10690.0,2020-07-28,2020-07-27,2020,7
BML,38.31613,-123.0705,2.0,2020-08-25 19:36:00+00:00,13.6,194.0,0.0,18.0,0.0,35.0,40.0,225.0,10.0,0.0,11.0,7631.0,37.0,8201.0,2020-08-25,2020-08-24,2020,8
BML,38.31613,-123.0705,3.0,2020-09-03 20:57:00+00:00,14.4,48.0,0.0,74.0,0.0,583.0,11.0,39.0,14.0,0.0,52.0,418.0,142.0,1381.0,2020-09-03,2020-08-31,2020,9
BML,38.31613,-123.0705,4.0,2020-10-16 18:39:00+00:00,12.5,8.0,51.0,80.0,0.0,1513.0,2.0,40.0,119.0,0.0,9.0,414.0,201.0,2437.0,2020-10-16,2020-10-12,2020,10
BML,38.31613,-123.0705,5.0,2020-11-12 23:16:00+00:00,11.8,0.0,0.0,0.0,0.0,14.0,27.0,9.0,4.0,0.0,0.0,339.0,11.0,404.0,2020-11-12,2020-11-09,2020,11
BML,38.31613,-123.0705,6.0,2021-01-04 19:30:00+00:00,11.4,0.0,0.0,39.0,0.0,241.0,11.0,129.0,6.0,0.0,50.0,2094.0,73.0,2643.0,2021-01-04,2021-01-04,2021,1
BML,38.31613,-123.0705,7.0,2021-01-11 19:00:00+00:00,11.1,0.0,0.0,64.0,0.0,131.0,67.0,98.0,10.0,0.0,14.0,3623.0,83.0,4090.0,2021-01-11,2021-01-11,2021,1
BML,38.31613,-123.0705,8.0,2021-01-20 19:45:00+00:00,10.8,0.0,0.0,36.0,0.0,72.0,36.0,32.0,8.0,0.0,4.0,1086.0,60.0,1335.0,2021-01-20,2021-01-18,2021,1
BML,38.31613,-123.0705,10.0,2021-01-25 20:45:00+00:00,10.6,0.0,0.0,8.0,0.0,27.0,11.0,55.0,1.0,0.0,5.0,1288.0,37.0,1432.0,2021-01-25,2021-01-25,2021,1
BML,38.31613,-123.0705,11.0,2021-02-01 19:10:00+00:00,11.2,0.0,0.0,12.0,0.0,28.0,36.0,54.0,8.0,0.0,12.0,764.0,44.0,956.0,2021-02-01,2021-02-01,2021,2
BML,38.31613,-123.0705,12.0,2021-02-08 19:00:00+00:00,11.4,0.0,0.0,10.0,0.0,22.0,10.0,6.0,2.0,0.0,1.0,269.0,15.0,336.0,2021-02-08,2021-02-08,2021,2
BML,38.31613,-123.0705,13.0,2021-02-15 18:30:00+00:00,11.1,0.0,0.0,0.0,0.0,5.0,38.0,63.0,2.0,0.0,0.0,1540.0,85.0,1732.0,2021-02-15,2021-02-15,2021,2
BML,38.31613,-123.0705,14.0,2021-02-18 20:25:00+00:00,10.9,0.0,0.0,0.0,0.0,2.0,13.0,19.0,0.0,0.0,0.0,579.0,28.0,641.0,2021-02-18,2021-02-15,2021,2
BML,38.31613,-123.0705,15.0,2021-02-21 19:20:00+00:00,10.3,0.0,0.0,1.0,0.0,0.0,58.0,45.0,0.0,0.0,0.0,3708.0,39.0,3851.0,2021-02-21,2021-02-15,2021,2
BML,38.31613,-123.0705,16.0,2021-03-01 18:30:00+00:00,9.7,0.0,0.0,0.0,0.0,0.0,11.0,12.0,0.0,0.0,3.0,1163.0,10.0,1199.0,2021-03-01,2021-03-01,2021,3
BML,38.31613,-123.0705,17.0,2021-03-08 18:30:00+00:00,10.2,0.0,0.0,0.0,0.0,0.0,3076.0,9542.0,0.0,0.0,0.0,338431.0,942.0,351990.0,2021-03-08,2021-03-08,2021,3
BML,38.31613,-123.0705,18.0,2021-03-15 18:00:00+00:00,9.8,0.0,0.0,28.0,0.0,0.0,56.0,1182.0,0.0,0.0,0.0,25715.0,253.0,27234.0,2021-03-15,2021-03-15,2021,3
BML,38.31613,-123.0705,19.0,2021-03-17 21:10:00+00:00,10.0,0.0,0.0,0.0,0.0,3.0,20.0,203.0,0.0,0.0,0.0,4100.0,52.0,4378.0,2021-03-17,2021-03-15,2021,3
BML,38.31613,-123.0705,20.0,2021-03-22 18:00:00+00:00,9.9,0.0,0.0,0.0,0.0,0.0,20.0,78.0,0.0,0.0,7.0,6150.0,37.0,6293.0,2021-03-22,2021-03-22,2021,3
BML,38.31613,-123.0705,21.0,2021-03-29 18:00:00+00:00,9.9,0.0,0.0,0.0,0.0,0.0,40.0,28.0,0.0,0.0,0.0,2136.0,28.0,2233.0,2021-03-29,2021-03-29,2021,3
BML,38.31613,-123.0705,22.0,2021-04-05 17:30:00+00:00,10.7,0.0,0.0,0.0,0.0,0.0,40.0,112.0,0.0,0.0,0.0,17219.0,36.0,17407.0,2021-04-05,2021-04-05,2021,4
BML,38.31613,-123.0705,23.0,2021-04-12 17:20:00+00:00,9.2,0.0,0.0,0.0,0.0,0.0,0.0,0.0,0.0,0.0,0.0,1921.0,5.0,1926.0,2021-04-12,2021-04-12,2021,4
BML,38.31613,-123.0705,24.0,2021-04-19 17:45:00+00:00,9.9,0.0,0.0,0.0,0.0,0.0,169.0,156.0,0.0,0.0,0.0,17962.0,34.0,18321.0,2021-04-19,2021-04-19,2021,4
BML,38.31613,-123.0705,25.0,2021-04-26 19:15:00+00:00,10.8,0.0,0.0,0.0,0.0,0.0,0.0,0.0,0.0,0.0,0.0,3664.0,9.0,3673.0,2021-04-26,2021-04-26,2021,4
BML,38.31613,-123.0705,26.0,2021-04-28 19:05:00+00:00,10.4,0.0,0.0,0.0,0.0,20.0,470.0,388.0,0.0,0.0,0.0,127791.0,102.0,128771.0,2021-04-28,2021-04-26,2021,4
BML,38.31613,-123.0705,27.0,2021-05-03 17:40:00+00:00,10.5,0.0,0.0,0.0,0.0,0.0,13.0,0.0,0.0,0.0,0.0,2922.0,10.0,2945.0,2021-05-03,2021-05-03,2021,5
BML,38.31613,-123.0705,28.0,2021-05-10 17:45:00+00:00,10.3,0.0,0.0,0.0,0.0,0.0,0.0,0.0,0.0,0.0,0.0,1000.0,10.0,1010.0,2021-05-10,2021-05-10,2021,5
BML,38.31613,-123.0705,29.0,2021-05-13 17:57:00+00:00,11.0,0.0,0.0,0.0,0.0,2.0,143.0,16.0,0.0,0.0,0.0,6084.0,11.0,6256.0,2021-05-13,2021-05-10,2021,5
BML,38.31613,-123.0705,30.0,2021-05-17 20:00:00+00:00,11.6,0.0,0.0,0.0,0.0,0.0,0.0,0.0,0.0,0.0,1.0,765.0,9.0,775.0,2021-05-17,2021-05-17,2021,5
BML,38.31613,-123.0705,31.0,2021-05-24 18:10:00+00:00,9.7,0.0,0.0,0.0,0.0,0.0,0.0,0.0,0.0,0.0,0.0,1199.0,4.0,1203.0,2021-05-24,2021-05-24,2021,5
BML,38.31613,-123.0705,32.0,2021-05-31 17:20:00+00:00,13.3,0.0,0.0,0.0,0.0,0.0,0.0,0.0,0.0,0.0,0.0,3797.0,3.0,3800.0,2021-05-31,2021-05-31,2021,5
BML,38.31613,-123.0705,33.0,2021-06-06 20:20:00+00:00,10.0,0.0,0.0,0.0,0.0,0.0,160.0,68.0,0.0,0.0,0.0,101086.0,160.0,101473.0,2021-06-06,2021-05-31,2021,6
BML,38.31613,-123.0705,34.0,2021-06-11 20:24:00+00:00,10.9,0.0,0.0,0.0,0.0,0.0,37.0,29.0,0.0,0.0,0.0,10396.0,41.0,10503.0,2021-06-11,2021-06-07,2021,6
BML,38.31613,-123.0705,35.0,2021-06-14 17:40:00+00:00,13.9,0.0,0.0,0.0,0.0,0.0,162.0,298.0,0.0,0.0,0.0,19741.0,298.0,20634.0,2021-06-14,2021-06-14,2021,6
BML,38.31613,-123.0705,36.0,2021-06-21 17:00:00+00:00,12.9,0.0,0.0,0.0,0.0,0.0,30.0,239.0,0.0,0.0,0.0,21529.0,239.0,22038.0,2021-06-21,2021-06-21,2021,6
BML,38.31613,-123.0705,37.0,2021-06-28 16:45:00+00:00,12.4,0.0,0.0,0.0,0.0,0.0,11.0,6.0,0.0,0.0,0.0,1730.0,109.0,1856.0,2021-06-28,2021-06-28,2021,6
BML,38.31613,-123.0705,38.0,2021-07-05 18:40:00+00:00,14.0,0.0,0.0,2.0,0.0,0.0,0.0,0.0,0.0,0.0,0.0,848.0,12.0,862.0,2021-07-05,2021-07-05,2021,7
BML,38.31613,-123.0705,39.0,2021-07-12 19:00:00+00:00,11.0,0.0,0.0,11.0,0.0,3.0,0.0,5.0,0.0,0.0,0.0,2230.0,79.0,2328.0,2021-07-12,2021-07-12,2021,7
BML,38.31613,-123.0705,40.0,2021-07-18 17:30:00+00:00,11.9,0.0,0.0,43.0,0.0,46.0,49.0,7.0,0.0,0.0,0.0,1024.0,138.0,1306.0,2021-07-18,2021-07-12,2021,7
BML,38.31613,-123.0705,41.0,2021-07-26 16:45:00+00:00,13.2,0.0,0.0,47.0,0.0,138.0,32.0,8.0,4.0,0.0,118.0,1512.0,442.0,2302.0,2021-07-26,2021-07-26,2021,7
BML,38.31613,-123.0705,42.0,2021-07-28 19:15:00+00:00,14.3,43.0,31.0,61.0,25.0,55.0,31.0,0.0,986.0,0.0,680.0,435.0,845.0,3191.0,2021-07-28,2021-07-26,2021,7
BML,38.31613,-123.0705,43.0,2021-08-02 16:20:00+00:00,16.0,0.0,0.0,57.0,0.0,484.0,16.0,8.0,279.0,0.0,123.0,1239.0,632.0,2838.0,2021-08-02,2021-08-02,2021,8
BML,38.31613,-123.0705,44.0,2021-08-06 17:30:00+00:00,11.8,0.0,0.0,40.0,0.0,141.0,13.0,13.0,54.0,0.0,20.0,1122.0,235.0,1639.0,2021-08-06,2021-08-02,2021,8
BML,38.31613,-123.0705,45.0,2021-08-09 16:20:00+00:00,14.3,0.0,0.0,38.0,0.0,159.0,27.0,5.0,157.0,0.0,76.0,571.0,149.0,1181.0,2021-08-09,2021-08-09,2021,8
BML,38.31613,-123.0705,46.0,2021-08-16 17:00:00+00:00,12.3,0.0,0.0,48.0,0.0,62.0,18.0,26.0,53.0,0.0,18.0,1476.0,308.0,2009.0,2021-08-16,2021-08-16,2021,8
BML,38.31613,-123.0705,47.0,2021-08-19 18:20:00+00:00,13.6,12.0,7.0,32.0,0.0,15.0,7.0,0.0,257.0,0.0,15.0,345.0,196.0,887.0,2021-08-19,2021-08-16,2021,8
BML,38.31613,-123.0705,48.0,2021-08-23 17:20:00+00:00,14.9,68.0,37.0,306.0,0.0,340.0,12.0,12.0,1720.0,0.0,46.0,885.0,696.0,4123.0,2021-08-23,2021-08-23,2021,8
BML,38.31613,-123.0705,49.0,2021-08-30 15:00:00+00:00,15.4,27.0,45.0,224.0,0.0,533.0,0.0,0.0,4069.0,0.0,85.0,242.0,542.0,5766.0,2021-08-30,2021-08-30,2021,8
BML,38.31613,-123.0705,50.0,2021-09-01 17:00:00+00:00,15.3,1837.0,127.0,290.0,0.0,1172.0,0.0,0.0,11838.0,0.0,139.0,278.0,616.0,16298.0,2021-09-01,2021-08-30,2021,9
BML,38.31613,-123.0705,51.0,2021-09-06 17:15:00+00:00,15.4,52.0,12.0,133.0,0.0,2523.0,260.0,203.0,1111.0,0.0,69.0,1013.0,637.0,6013.0,2021-09-06,2021-09-06,2021,9
BML,38.31613,-123.0705,52.0,2021-09-13 17:00:00+00:00,12.4,19.0,0.0,35.0,0.0,1467.0,0.0,0.0,78.0,0.0,51.0,871.0,370.0,2890.0,2021-09-13,2021-09-13,2021,9
BML,38.31613,-123.0705,53.0,2021-09-17 18:28:00+00:00,14.4,45.0,45.0,22.0,0.0,1901.0,22.0,71.0,535.0,0.0,100.0,163.0,208.0,3111.0,2021-09-17,2021-09-13,2021,9
BML,38.31613,-123.0705,54.0,2021-09-20 17:15:00+00:00,14.0,12.0,9.0,12.0,0.0,1196.0,33.0,98.0,30.0,0.0,42.0,602.0,160.0,2193.0,2021-09-20,2021-09-20,2021,9
BML,38.31613,-123.0705,55.0,2021-09-27 17:20:00+00:00,15.0,91.0,27.0,47.0,0.0,2147.0,0.0,0.0,74.0,0.0,78.0,467.0,270.0,3201.0,2021-09-27,2021-09-27,2021,9
BML,38.31613,-123.0705,56.0,2021-10-04 17:50:00+00:00,13.0,25.0,0.0,21.0,0.0,557.0,0.0,44.0,42.0,0.0,42.0,885.0,116.0,1732.0,2021-10-04,2021-10-04,2021,10
BML,38.31613,-123.0705,57.0,2021-10-11 17:20:00+00:00,12.5,93.0,25.0,46.0,0.0,215.0,8.0,85.0,203.0,0.0,186.0,597.0,218.0,1676.0,2021-10-11,2021-10-11,2021,10
BML,38.31613,-123.0705,58.0,2021-10-15 18:38:00+00:00,12.0,18.0,0.0,39.0,0.0,96.0,15.0,259.0,310.0,0.0,45.0,1410.0,138.0,2330.0,2021-10-15,2021-10-11,2021,10
BML,38.31613,-123.0705,59.0,2021-10-18 17:00:00+00:00,12.1,63.0,0.0,45.0,0.0,146.0,9.0,178.0,101.0,0.0,65.0,1458.0,165.0,2230.0,2021-10-18,2021-10-18,2021,10
BML,38.31613,-123.0705,60.0,2021-10-26 16:00:00+00:00,13.6,198.0,102.0,123.0,0.0,602.0,12.0,12.0,799.0,0.0,1389.0,727.0,479.0,4443.0,2021-10-26,2021-10-25,2021,10
BML,38.31613,-123.0705,61.0,2021-11-02 20:40:00+00:00,14.7,17.0,17.0,250.0,0.0,374.0,3.0,17.0,270.0,0.0,489.0,924.0,247.0,2607.0,2021-11-02,2021-11-01,2021,11
BML,38.31613,-123.0705,62.0,2021-11-08 18:20:00+00:00,13.1,0.0,0.0,9.0,0.0,60.0,0.0,7.0,4.0,0.0,0.0,597.0,40.0,717.0,2021-11-08,2021-11-08,2021,11
BML,38.31613,-123.0705,63.0,2021-11-10 19:30:00+00:00,13.6,13.0,39.0,80.0,0.0,397.0,17.0,19.0,343.0,0.0,41.0,800.0,178.0,1927.0,2021-11-10,2021-11-08,2021,11
BML,38.31613,-123.0705,64.0,2021-11-15 19:30:00+00:00,13.8,0.0,8.0,75.0,0.0,251.0,12.0,4.0,41.0,0.0,62.0,151.0,101.0,706.0,2021-11-15,2021-11-15,2021,11
BML,38.31613,-123.0705,65.0,2021-11-22 18:20:00+00:00,13.2,3.0,0.0,7.0,0.0,126.0,9.0,13.0,34.0,0.0,15.0,275.0,47.0,529.0,2021-11-22,2021-11-22,2021,11
BML,38.31613,-123.0705,66.0,2021-11-29 18:00:00+00:00,13.2,0.0,0.0,28.0,0.0,153.0,20.0,7.0,36.0,0.0,16.0,376.0,62.0,696.0,2021-11-29,2021-11-29,2021,11
BML,38.31613,-123.0705,67.0,2021-12-06 18:00:00+00:00,12.8,11.0,3.0,11.0,0.0,206.0,7.0,19.0,21.0,0.0,11.0,314.0,56.0,659.0,2021-12-06,2021-12-06,2021,12
BML,38.31613,-123.0705,68.0,2021-12-14 18:30:00+00:00,11.8,24.0,0.0,84.0,0.0,488.0,58.0,122.0,203.0,0.0,31.0,1406.0,226.0,2643.0,2021-12-14,2021-12-13,2021,12
BML,38.31613,-123.0705,69.0,2021-12-20 19:00:00+00:00,11.4,0.0,0.0,7.0,0.0,79.0,4.0,4.0,4.0,0.0,2.0,251.0,17.0,367.0,2021-12-20,2021-12-20,2021,12
BML,38.31613,-123.0705,70.0,2021-12-27 20:00:00+00:00,11.8,0.0,0.0,19.0,0.0,34.0,0.0,0.0,13.0,0.0,0.0,927.0,53.0,1047.0,2021-12-27,2021-12-27,2021,12
BML,38.31613,-123.0705,71.0,2021-12-28 18:36:00+00:00,11.5,0.0,0.0,1.0,0.0,5.0,2.0,0.0,1.0,0.0,0.0,63.0,8.0,80.0,2021-12-28,2021-12-27,2021,12
BML,38.31613,-123.0705,72.0,2022-01-03 21:30:00+00:00,11.1,0.0,0.0,0.0,0.0,4.0,0.0,0.0,0.0,0.0,0.0,320.0,8.0,332.0,2022-01-03,2022-01-03,2022,1
BML,38.31613,-123.0705,73.0,2022-01-10 19:30:00+00:00,11.6,0.0,0.0,0.0,0.0,6.0,0.0,0.0,2.0,0.0,4.0,1239.0,23.0,1275.0,2022-01-10,2022-01-10,2022,1
BML,38.31613,-123.0705,74.0,2022-01-18 21:20:00+00:00,11.8,0.0,0.0,7.0,0.0,4.0,0.0,0.0,0.0,0.0,0.0,240.0,47.0,299.0,2022-01-18,2022-01-17,2022,1
BML,38.31613,-123.0705,75.0,2022-01-24 19:00:00+00:00,11.9,0.0,0.0,17.0,0.0,14.0,0.0,0.0,8.0,0.0,3.0,543.0,96.0,681.0,2022-01-24,2022-01-24,2022,1
BML,38.31613,-123.0705,76.0,2022-01-31 21:00:00+00:00,12.2,0.0,0.0,1.0,0.0,4.0,0.0,0.0,4.0,0.0,3.0,400.0,48.0,462.0,2022-01-31,2022-01-31,2022,1
BML,38.31613,-123.0705,77.0,2022-02-07 18:00:00+00:00,11.9,0.0,0.0,0.0,0.0,0.0,4.0,24.0,0.0,0.0,0.0,1204.0,68.0,1301.0,2022-02-07,2022-02-07,2022,2
BML,38.31613,-123.0705,78.0,2022-02-15 21:00:00+00:00,11.4,0.0,0.0,11.0,0.0,25.0,4.0,7.0,23.0,0.0,9.0,921.0,216.0,1215.0,2022-02-15,2022-02-14,2022,2
BML,38.31613,-123.0705,79.0,2022-02-22 20:00:00+00:00,10.3,0.0,0.0,4.0,0.0,11.0,7.0,7.0,0.0,0.0,0.0,1364.0,85.0,1478.0,2022-02-22,2022-02-21,2022,2
BML,38.31613,-123.0705,80.0,2022-02-24 20:16:00+00:00,10.2,0.0,0.0,0.0,0.0,0.0,0.0,3.0,1.0,0.0,0.0,274.0,15.0,293.0,2022-02-24,2022-02-21,2022,2
BML,38.31613,-123.0705,81.0,2022-02-28 19:20:00+00:00,10.7,0.0,0.0,0.0,0.0,0.0,93.0,163.0,0.0,0.0,0.0,11695.0,156.0,12106.0,2022-02-28,2022-02-28,2022,2
BML,38.31613,-123.0705,82.0,2022-03-07 19:00:00+00:00,10.3,0.0,0.0,0.0,0.0,7.0,28.0,42.0,3.0,0.0,0.0,2388.0,70.0,2538.0,2022-03-07,2022-03-07,2022,3
BML,38.31613,-123.0705,83.0,2022-03-11 19:58:00+00:00,10.3,0.0,0.0,0.0,0.0,0.0,8.0,25.0,4.0,0.0,0.0,1623.0,25.0,1685.0,2022-03-11,2022-03-07,2022,3
BML,38.31613,-123.0705,84.0,2022-03-14 19:20:00+00:00,10.5,0.0,0.0,0.0,0.0,0.0,52.0,45.0,0.0,0.0,0.0,1411.0,23.0,1531.0,2022-03-14,2022-03-14,2022,3
BML,38.31613,-123.0705,85.0,2022-03-28 17:50:00+00:00,10.8,0.0,0.0,0.0,0.0,0.0,6.0,12.0,0.0,0.0,0.0,1052.0,16.0,1086.0,2022-03-28,2022-03-28,2022,3
BML,38.31613,-123.0705,86.0,2022-04-04 17:30:00+00:00,9.8,0.0,0.0,0.0,0.0,0.0,217.0,245.0,0.0,0.0,0.0,60472.0,147.0,61081.0,2022-04-04,2022-04-04,2022,4
BML,38.31613,-123.0705,87.0,2022-04-11 18:00:00+00:00,9.3,0.0,0.0,0.0,0.0,0.0,5.0,0.0,0.0,0.0,0.0,1131.0,7.0,1144.0,2022-04-11,2022-04-11,2022,4
BML,38.31613,-123.0705,88.0,2022-04-18 17:10:00+00:00,10.4,0.0,0.0,0.0,0.0,0.0,7.0,0.0,0.0,0.0,0.0,1724.0,7.0,1738.0,2022-04-18,2022-04-18,2022,4
BML,38.31613,-123.0705,89.0,2022-04-25 18:00:00+00:00,9.9,0.0,0.0,0.0,0.0,0.0,116.0,384.0,0.0,0.0,0.0,21845.0,295.0,22641.0,2022-04-25,2022-04-25,2022,4
BML,38.31613,-123.0705,90.0,2022-05-06 18:00:00+00:00,10.3,0.0,0.0,0.0,0.0,0.0,0.0,0.0,0.0,0.0,0.0,2223.0,3.0,2227.0,2022-05-06,2022-05-02,2022,5
BML,38.31613,-123.0705,91.0,2022-05-10 17:30:00+00:00,10.4,0.0,0.0,0.0,0.0,0.0,0.0,6.0,0.0,0.0,0.0,2728.0,12.0,2746.0,2022-05-10,2022-05-09,2022,5
BML,38.31613,-123.0705,92.0,2022-05-16 17:00:00+00:00,9.1,0.0,0.0,0.0,0.0,0.0,0.0,0.0,0.0,0.0,0.0,1282.0,5.0,1287.0,2022-05-16,2022-05-16,2022,5
BML,38.31613,-123.0705,93.0,2022-05-23 19:00:00+00:00,9.1,0.0,0.0,0.0,0.0,0.0,3.0,0.0,0.0,0.0,0.0,479.0,1.0,482.0,2022-05-23,2022-05-23,2022,5
BML,38.31613,-123.0705,94.0,2022-05-25 19:55:00+00:00,10.1,0.0,0.0,0.0,0.0,0.0,2.0,0.0,0.0,0.0,0.0,1461.0,7.0,1470.0,2022-05-25,2022-05-23,2022,5
BML,38.31613,-123.0705,95.0,2022-05-30 19:00:00+00:00,10.4,0.0,0.0,0.0,0.0,0.0,60.0,29.0,0.0,0.0,0.0,8601.0,200.0,8890.0,2022-05-30,2022-05-30,2022,5
BML,38.31613,-123.0705,96.0,2022-06-06 18:15:00+00:00,11.8,0.0,0.0,0.0,0.0,0.0,5.0,3.0,0.0,0.0,0.0,1408.0,10.0,1426.0,2022-06-06,2022-06-06,2022,6
BML,38.31613,-123.0705,97.0,2022-06-13 18:00:00+00:00,10.3,0.0,0.0,0.0,0.0,0.0,19.0,162.0,0.0,0.0,0.0,28070.0,38.0,28289.0,2022-06-13,2022-06-13,2022,6
BML,38.31613,-123.0705,98.0,2022-06-20 17:00:00+00:00,9.2,0.0,0.0,0.0,0.0,0.0,20.0,20.0,0.0,0.0,0.0,517503.0,153.0,517696.0,2022-06-20,2022-06-20,2022,6
BML,38.31613,-123.0705,99.0,2022-06-27 18:00:00+00:00,11.4,0.0,0.0,3.0,0.0,0.0,8.0,5.0,0.0,0.0,5.0,2060.0,39.0,2120.0,2022-06-27,2022-06-27,2022,6
BML,38.31613,-123.0705,100.0,2022-07-04 17:30:00+00:00,10.4,0.0,0.0,0.0,0.0,0.0,0.0,0.0,0.0,0.0,0.0,1002.0,2.0,1005.0,2022-07-04,2022-07-04,2022,7
BML,38.31613,-123.0705,101.0,2022-07-11 18:00:00+00:00,11.3,0.0,0.0,0.0,0.0,0.0,16.0,8.0,0.0,0.0,0.0,908.0,70.0,1002.0,2022-07-11,2022-07-11,2022,7
BML,38.31613,-123.0705,102.0,2022-07-18 18:30:00+00:00,10.2,0.0,0.0,0.0,0.0,0.0,0.0,0.0,0.0,0.0,0.0,1069.0,37.0,1106.0,2022-07-18,2022-07-18,2022,7
BML,38.31613,-123.0705,103.0,2022-07-24 17:15:00+00:00,10.4,0.0,0.0,0.0,0.0,0.0,31.0,0.0,0.0,0.0,5.0,734.0,24.0,794.0,2022-07-24,2022-07-18,2022,7
BML,38.31613,-123.0705,104.0,2022-07-26 18:51:00+00:00,11.8,0.0,0.0,0.0,0.0,0.0,62.0,5.0,1.0,0.0,4.0,604.0,103.0,780.0,2022-07-26,2022-07-25,2022,7
BML,38.31613,-123.0705,105.0,2022-08-01 18:00:00+00:00,13.2,0.0,0.0,8.0,0.0,23.0,0.0,0.0,0.0,0.0,0.0,2844.0,23.0,2898.0,2022-08-01,2022-08-01,2022,8
BML,38.31613,-123.0705,106.0,2022-08-08 18:00:00+00:00,14.7,0.0,0.0,48.0,0.0,309.0,293.0,11.0,0.0,0.0,0.0,677.0,72.0,1410.0,2022-08-08,2022-08-08,2022,8
BML,38.31613,-123.0705,107.0,2022-08-14 19:00:00+00:00,11.8,0.0,0.0,320.0,0.0,14.0,53.0,39.0,0.0,0.0,5.0,1233.0,103.0,1765.0,2022-08-14,2022-08-08,2022,8
BML,38.31613,-123.0705,108.0,2022-08-17 18:30:00+00:00,11.9,0.0,0.0,264.0,0.0,6.0,63.0,13.0,0.0,0.0,6.0,948.0,63.0,1362.0,2022-08-17,2022-08-15,2022,8
BML,38.31613,-123.0705,109.0,2022-08-22 18:30:00+00:00,13.3,0.0,0.0,42.0,0.0,45.0,140.0,22.0,0.0,0.0,3.0,1463.0,70.0,1786.0,2022-08-22,2022-08-22,2022,8
BML,38.31613,-123.0705,110.0,2022-08-30 22:15:00+00:00,15.4,0.0,0.0,65.0,0.0,153.0,52.0,0.0,3.0,0.0,26.0,151.0,170.0,620.0,2022-08-30,2022-08-29,2022,8
BML,38.31613,-123.0705,111.0,2022-09-03 18:30:00+00:00,10.9,0.0,0.0,71.0,0.0,76.0,50.0,151.0,0.0,0.0,5.0,2393.0,111.0,2857.0,2022-09-03,2022-08-29,2022,9
BML,38.31613,-123.0705,112.0,2022-09-12 18:30:00+00:00,14.0,3.0,4.0,43.0,0.0,57.0,3.0,0.0,3.0,0.0,18.0,204.0,88.0,423.0,2022-09-12,2022-09-12,2022,9
BML,38.31613,-123.0705,113.0,2022-09-19 19:00:00+00:00,13.1,0.0,0.0,46.0,0.0,29.0,8.0,13.0,4.0,0.0,4.0,2928.0,96.0,3129.0,2022-09-19,2022-09-19,2022,9
BML,38.31613,-123.0705,114.0,2022-09-23 18:55:00+00:00,14.1,0.0,0.0,197.0,0.0,19.0,51.0,10.0,115.0,0.0,24.0,1602.0,236.0,2254.0,2022-09-23,2022-09-19,2022,9
BML,38.31613,-123.0705,115.0,2022-09-26 17:50:00+00:00,15.0,0.0,0.0,53.0,0.0,9.0,6.0,4.0,0.0,0.0,9.0,862.0,53.0,997.0,2022-09-26,2022-09-26,2022,9
BML,38.31613,-123.0705,116.0,2022-10-03 20:45:00+00:00,14.7,0.0,0.0,69.0,0.0,14.0,14.0,5.0,5.0,2.0,7.0,1301.0,83.0,1500.0,2022-10-03,2022-10-03,2022,10
BML,38.31613,-123.0705,117.0,2022-10-10 18:45:00+00:00,13.1,0.0,67.0,93.0,0.0,29.0,19.0,10.0,24.0,0.0,14.0,776.0,238.0,1269.0,2022-10-10,2022-10-10,2022,10
BML,38.31613,-123.0705,118.0,2022-10-17 18:30:00+00:00,13.3,0.0,10.0,18.0,0.0,11.0,0.0,0.0,13.0,0.0,16.0,245.0,53.0,366.0,2022-10-17,2022-10-17,2022,10
BML,38.31613,-123.0705,119.0,2022-10-24 18:20:00+00:00,11.5,12.0,0.0,12.0,0.0,35.0,9.0,0.0,27.0,0.0,12.0,1324.0,151.0,1581.0,2022-10-24,2022-10-24,2022,10
BML,38.31613,-123.0705,120.0,2022-10-31 19:40:00+00:00,11.7,16.0,20.0,2.0,0.0,25.0,8.0,22.0,31.0,8.0,22.0,2596.0,145.0,2893.0,2022-10-31,2022-10-31,2022,10
BML,38.31613,-123.0705,121.0,2022-10-31 22:50:00+00:00,12.0,0.0,9.0,2.0,0.0,3.0,2.0,3.0,4.0,0.0,3.0,217.0,24.0,267.0,2022-10-31,2022-10-31,2022,10
BML,38.31613,-123.0705,122.0,2022-11-09 21:30:00+00:00,11.8,0.0,0.0,9.0,0.0,19.0,6.0,22.0,10.0,0.0,4.0,493.0,91.0,654.0,2022-11-09,2022-11-07,2022,11
BML,38.31613,-123.0705,123.0,2022-11-14 19:40:00+00:00,11.2,0.0,3.0,13.0,0.0,17.0,0.0,12.0,37.0,3.0,3.0,528.0,106.0,723.0,2022-11-14,2022-11-14,2022,11
BML,38.31613,-123.0705,124.0,2022-11-16 20:10:00+00:00,11.1,0.0,16.0,11.0,1.0,2.0,23.0,11.0,37.0,0.0,4.0,252.0,61.0,417.0,2022-11-16,2022-11-14,2022,11
BML,38.31613,-123.0705,125.0,2022-11-21 18:30:00+00:00,10.6,0.0,0.0,2.0,0.0,6.0,3.0,5.0,5.0,0.0,0.0,745.0,39.0,805.0,2022-11-21,2022-11-21,2022,11
BML,38.31613,-123.0705,126.0,2022-11-28 18:30:00+00:00,11.1,0.0,11.0,18.0,0.0,6.0,5.0,0.0,23.0,0.0,0.0,1503.0,83.0,1649.0,2022-11-28,2022-11-28,2022,11
BML,38.31613,-123.0705,127.0,2022-12-05 20:15:00+00:00,13.1,3.0,15.0,23.0,0.0,455.0,3.0,13.0,61.0,0.0,7.0,513.0,85.0,1180.0,2022-12-05,2022-12-05,2022,12
BML,38.31613,-123.0705,130.0,2022-12-19 19:00:00+00:00,10.1,4.0,0.0,7.0,0.0,1052.0,0.0,0.0,28.0,0.0,4.0,5808.0,85.0,6988.0,2022-12-19,2022-12-19,2022,12
BML,38.31613,-123.0705,128.0,2022-12-20 17:48:00+00:00,11.1,4.0,2.0,1.0,0.0,65.0,2.0,0.0,76.0,0.0,1.0,101.0,20.0,273.0,2022-12-20,2022-12-19,2022,12
BML,38.31613,-123.0705,129.0,2022-12-22 19:45:00+00:00,11.4,578.0,45.0,98.0,0.0,8234.0,8.0,94.0,2811.0,0.0,0.0,875.0,309.0,13051.0,2022-12-22,2022-12-19,2022,12
BML,38.31613,-123.0705,131.0,2023-01-03 20:15:00+00:00,10.8,5.0,0.0,11.0,0.0,1552.0,0.0,0.0,79.0,0.0,0.0,559.0,103.0,2309.0,2023-01-03,2023-01-02,2023,1
BML,38.31613,-123.0705,132.0,2023-01-09 23:15:00+00:00,12.2,5.0,0.0,5.0,0.0,767.0,0.0,0.0,55.0,0.0,0.0,541.0,40.0,1412.0,2023-01-09,2023-01-09,2023,1
BML,38.31613,-123.0705,133.0,2023-01-16 20:30:00+00:00,12.4,1.0,0.0,1.0,0.0,122.0,0.0,0.0,6.0,0.0,1.0,275.0,38.0,445.0,2023-01-16,2023-01-16,2023,1
BML,38.31613,-123.0705,134.0,2023-01-23 21:30:00+00:00,12.2,0.0,0.0,0.0,0.0,15.0,0.0,0.0,0.0,0.0,0.0,330.0,13.0,357.0,2023-01-23,2023-01-23,2023,1
BML,38.31613,-123.0705,135.0,2023-01-25 21:23:00+00:00,12.4,0.0,0.0,0.0,0.0,10.0,1.0,0.0,0.0,0.0,0.0,96.0,10.0,117.0,2023-01-25,2023-01-23,2023,1
BML,38.31613,-123.0705,136.0,2023-01-30 19:20:00+00:00,11.4,0.0,0.0,0.0,0.0,11.0,0.0,0.0,0.0,0.0,0.0,459.0,14.0,484.0,2023-01-30,2023-01-30,2023,1
BML,38.31613,-123.0705,137.0,2023-02-06 20:00:00+00:00,11.8,0.0,0.0,4.0,0.0,84.0,11.0,0.0,2.0,0.0,0.0,588.0,92.0,781.0,2023-02-06,2023-02-06,2023,2
BML,38.31613,-123.0705,138.0,2023-02-13 18:50:00+00:00,11.7,0.0,0.0,2.0,0.0,77.0,16.0,0.0,0.0,0.0,0.0,2214.0,93.0,2402.0,2023-02-13,2023-02-13,2023,2
BML,38.31613,-123.0705,139.0,2023-02-22 19:00:00+00:00,10.7,0.0,0.0,6.0,0.0,64.0,0.0,0.0,0.0,0.0,0.0,1844.0,106.0,2020.0,2023-02-22,2023-02-20,2023,2
BML,38.31613,-123.0705,140.0,2023-02-27 20:38:00+00:00,9.6,0.0,0.0,0.0,0.0,8.0,0.0,0.0,0.0,0.0,0.0,1296.0,71.0,1375.0,2023-02-27,2023-02-27,2023,2
BML,38.31613,-123.0705,141.0,2023-03-06 17:30:00+00:00,9.5,0.0,0.0,0.0,0.0,18.0,0.0,9.0,0.0,0.0,4.0,3780.0,139.0,3950.0,2023-03-06,2023-03-06,2023,3
BML,38.31613,-123.0705,142.0,2023-03-13 18:01:00+00:00,10.5,0.0,0.0,0.0,0.0,20.0,0.0,235.0,0.0,0.0,0.0,40687.0,183.0,41124.0,2023-03-13,2023-03-13,2023,3
BML,38.31613,-123.0705,143.0,2023-03-20 19:40:00+00:00,10.9,0.0,0.0,0.0,0.0,38.0,0.0,99.0,0.0,0.0,0.0,24212.0,16.0,24365.0,2023-03-20,2023-03-20,2023,3
BML,38.31613,-123.0705,144.0,2023-03-27 18:02:00+00:00,9.9,0.0,0.0,0.0,0.0,0.0,0.0,0.0,0.0,0.0,0.0,5723611.0,21667.0,5745278.0,2023-03-27,2023-03-27,2023,3
BML,38.31613,-123.0705,145.0,2023-03-31 18:05:00+00:00,11.4,0.0,0.0,0.0,0.0,0.0,0.0,29.0,0.0,0.0,0.0,1265.0,66.0,1360.0,2023-03-31,2023-03-27,2023,3
BML,38.31613,-123.0705,146.0,2023-04-03 18:20:00+00:00,10.2,0.0,0.0,0.0,0.0,0.0,0.0,3776.0,0.0,0.0,0.0,1399129.0,50980.0,1461438.0,2023-04-03,2023-04-03,2023,4
BML,38.31613,-123.0705,147.0,2023-04-10 19:18:00+00:00,11.7,0.0,0.0,0.0,0.0,0.0,0.0,1.0,0.0,0.0,0.0,2186.0,112.0,2299.0,2023-04-10,2023-04-10,2023,4
BML,38.31613,-123.0705,148.0,2023-04-17 17:35:00+00:00,8.8,0.0,0.0,0.0,0.0,0.0,0.0,0.0,0.0,0.0,0.0,714.0,42.0,756.0,2023-04-17,2023-04-17,2023,4
BML,38.31613,-123.0705,149.0,2023-04-24 19:15:00+00:00,9.2,0.0,0.0,0.0,0.0,0.0,0.0,0.0,0.0,0.0,0.0,862.0,5.0,867.0,2023-04-24,2023-04-24,2023,4
BML,38.31613,-123.0705,150.0,2023-04-27 18:35:00+00:00,,0.0,0.0,0.0,0.0,0.0,0.0,0.0,0.0,0.0,0.0,17409.0,0.0,17409.0,2023-04-27,2023-04-24,2023,4
BML,38.31613,-123.0705,151.0,2023-05-01 19:30:00+00:00,9.7,0.0,0.0,0.0,0.0,0.0,0.0,0.0,0.0,0.0,0.0,211622.0,0.0,211622.0,2023-05-01,2023-05-01,2023,5
BML,38.31613,-123.0705,152.0,2023-05-08 18:00:00+00:00,13.0,0.0,0.0,0.0,0.0,0.0,0.0,0.0,0.0,0.0,0.0,1258370.0,31938.0,1294567.0,2023-05-08,2023-05-08,2023,5
BML,38.31613,-123.0705,153.0,2023-05-15 19:35:00+00:00,11.2,0.0,0.0,0.0,0.0,0.0,0.0,7.0,0.0,0.0,0.0,3412.0,81.0,3500.0,2023-05-15,2023-05-15,2023,5
BML,38.31613,-123.0705,154.0,2023-05-22 20:10:00+00:00,10.2,0.0,0.0,0.0,0.0,0.0,0.0,0.0,0.0,0.0,0.0,194.0,13.0,207.0,2023-05-22,2023-05-22,2023,5
BML,38.31613,-123.0705,155.0,2023-05-26 20:57:00+00:00,,0.0,0.0,149.0,0.0,0.0,0.0,744.0,0.0,0.0,0.0,12348.0,1191.0,125947.0,2023-05-26,2023-05-22,2023,5
BML,38.31613,-123.0705,156.0,2023-05-30 20:10:00+00:00,13.9,0.0,0.0,0.0,0.0,0.0,0.0,0.0,0.0,0.0,0.0,91.0,17.0,107.0,2023-05-30,2023-05-29,2023,5
BML,38.31613,-123.0705,157.0,2023-06-05 18:55:00+00:00,12.7,0.0,0.0,0.0,0.0,0.0,0.0,0.0,0.0,0.0,0.0,436.0,18.0,456.0,2023-06-05,2023-06-05,2023,6
BML,38.31613,-123.0705,158.0,2023-06-06 21:10:00+00:00,,0.0,0.0,0.0,0.0,0.0,0.0,563.0,0.0,0.0,0.0,129891.0,429.0,130882.0,2023-06-06,2023-06-05,2023,6
BML,38.31613,-123.0705,159.0,2023-06-12 20:27:00+00:00,14.3,0.0,0.0,21.0,0.0,0.0,0.0,7.0,0.0,0.0,0.0,237.0,20.0,284.0,2023-06-12,2023-06-12,2023,6
BML,38.31613,-123.0705,160.0,2023-06-20 19:22:00+00:00,10.7,0.0,0.0,0.0,0.0,0.0,0.0,0.0,0.0,0.0,0.0,794.0,25.0,819.0,2023-06-20,2023-06-19,2023,6
BML,38.31613,-123.0705,161.0,2023-06-26 20:02:00+00:00,12.7,0.0,0.0,0.0,0.0,0.0,0.0,3.0,0.0,0.0,0.0,5301.0,36.0,5341.0,2023-06-26,2023-06-26,2023,6
BML,38.31613,-123.0705,162.0,2023-07-03 19:23:20+00:00,13.3,0.0,0.0,0.0,0.0,0.0,0.0,0.0,0.0,0.0,0.0,376.0,0.0,376.0,2023-07-03,2023-07-03,2023,7
BML,38.31613,-123.0705,163.0,2023-07-10 19:31:00+00:00,10.6,0.0,0.0,0.0,0.0,0.0,0.0,0.0,0.0,0.0,0.0,587.0,291.0,878.0,2023-07-10,2023-07-10,2023,7
BML,38.31613,-123.0705,164.0,2023-07-17 18:51:00+00:00,12.4,0.0,0.0,20.0,0.0,4.0,0.0,0.0,0.0,0.0,0.0,586.0,98.0,709.0,2023-07-17,2023-07-17,2023,7
BML,38.31613,-123.0705,165.0,2023-07-24 18:49:00+00:00,10.9,0.0,0.0,0.0,0.0,0.0,0.0,0.0,0.0,0.0,0.0,633.0,19.0,652.0,2023-07-24,2023-07-24,2023,7
BML,38.31613,-123.0705,166.0,2023-07-31 21:23:00+00:00,11.8,0.0,0.0,14.0,0.0,0.0,0.0,74.0,0.0,0.0,0.0,474.0,6.0,568.0,2023-07-31,2023-07-31,2023,7
BML,38.31613,-123.0705,167.0,2023-08-01 17:39:00+00:00,11.5,0.0,0.0,37.0,0.0,0.0,0.0,3478.0,0.0,0.0,0.0,18174.0,75.0,21764.0,2023-08-01,2023-07-31,2023,8
BML,38.31613,-123.0705,168.0,2023-08-07 18:35:00+00:00,10.8,0.0,0.0,0.0,0.0,0.0,0.0,57.0,0.0,0.0,0.0,1867.0,6.0,1927.0,2023-08-07,2023-08-07,2023,8
BML,38.31613,-123.0705,169.0,2023-08-16 19:50:00+00:00,15.7,0.0,0.0,325.0,0.0,17.0,0.0,0.0,7.0,0.0,0.0,1378.0,30.0,1756.0,2023-08-16,2023-08-14,2023,8
BML,38.31613,-123.0705,170.0,2023-08-17 19:30:00+00:00,,0.0,104.0,499.0,0.0,229.0,0.0,0.0,145.0,0.0,0.0,1911.0,229.0,3116.0,2023-08-17,2023-08-14,2023,8
BML,38.31613,-123.0705,171.0,2023-08-21 19:02:00+00:00,16.2,0.0,0.0,1896.0,0.0,128.0,0.0,0.0,82.0,0.0,0.0,1109.0,206.0,3420.0,2023-08-21,2023-08-21,2023,8
BML,38.31613,-123.0705,172.0,2023-08-28 19:01:00+00:00,13.2,0.0,0.0,0.0,0.0,61.0,0.0,0.0,3.0,0.0,0.0,84.0,28.0,299.0,2023-08-28,2023-08-28,2023,8
BML,38.31613,-123.0705,173.0,2023-09-05 19:06:00+00:00,13.7,0.0,0.0,2.0,0.0,0.0,0.0,5.0,0.0,0.0,0.0,55.0,3.0,65.0,2023-09-05,2023-09-04,2023,9
BML,38.31613,-123.0705,174.0,2023-09-08 19:30:00+00:00,15.4,111.0,0.0,1313.0,0.0,9772.0,0.0,0.0,6477.0,0.0,0.0,245.0,378.0,18297.0,2023-09-08,2023-09-04,2023,9
BML,38.31613,-123.0705,175.0,2023-09-11 19:00:00+00:00,13.3,0.0,0.0,3.0,0.0,884.0,0.0,0.0,0.0,0.0,0.0,41.0,3.0,931.0,2023-09-11,2023-09-11,2023,9
BML,38.31613,-123.0705,176.0,2023-09-18 19:01:00+00:00,15.8,0.0,0.0,61.0,0.0,3098.0,45.0,29.0,10.0,0.0,0.0,402.0,42.0,3686.0,2023-09-18,2023-09-18,2023,9
BML,38.31613,-123.0705,177.0,2023-09-25 21:38:00+00:00,16.1,1102.0,0.0,54.0,0.0,1836.0,0.0,11.0,88.0,19.0,0.0,203.0,80.0,3393.0,2023-09-25,2023-09-25,2023,9
BML,38.31613,-123.0705,178.0,2023-10-02 19:50:00+00:00,13.0,38.0,0.0,16.0,0.0,656.0,0.0,0.0,0.0,0.0,0.0,247.0,91.0,1054.0,2023-10-02,2023-10-02,2023,10
BML,38.31613,-123.0705,179.0,2023-10-05 21:32:00+00:00,15.1,1443.0,0.0,15.0,0.0,494.0,0.0,0.0,90.0,0.0,209.0,120.0,127.0,2498.0,2023-10-05,2023-10-02,2023,10
BML,38.31613,-123.0705,180.0,2023-10-09 18:37:00+00:00,15.3,5.0,0.0,30.0,0.0,392.0,0.0,0.0,14.0,0.0,16.0,111.0,8.0,576.0,2023-10-09,2023-10-09,2023,10
BML,38.31613,-123.0705,181.0,2023-10-16 17:45:00+00:00,14.5,959.0,0.0,69.0,0.0,1230.0,0.0,0.0,127.0,0.0,69.0,192.0,51.0,2695.0,2023-10-16,2023-10-16,2023,10
BML,38.31613,-123.0705,182.0,2023-10-23 19:02:00+00:00,14.9,27.0,0.0,103.0,0.0,1237.0,0.0,0.0,137.0,0.0,55.0,1161.0,21.0,2741.0,2023-10-23,2023-10-23,2023,10
BML,38.31613,-123.0705,183.0,2023-10-30 16:35:00+00:00,12.4,0.0,0.0,18.0,0.0,220.0,0.0,0.0,6.0,0.0,0.0,366.0,12.0,366.0,2023-10-30,2023-10-30,2023,10
BML,38.31613,-123.0705,184.0,2023-11-06 17:50:00+00:00,14.0,0.0,0.0,72.0,0.0,548.0,58.0,130.0,140.0,0.0,27.0,373.0,62.0,1411.0,2023-11-06,2023-11-06,2023,11
BML,38.31613,-123.0705,185.0,2023-11-13 22:15:00+00:00,14.9,2.0,45.0,37.0,0.0,1169.0,0.0,6.0,97.0,0.0,17.0,183.0,62.0,1619.0,2023-11-13,2023-11-13,2023,11
BML,38.31613,-123.0705,186.0,2023-11-20 19:26:00+00:00,13.7,0.0,41.0,75.0,0.0,283.0,0.0,7.0,62.0,0.0,0.0,359.0,91.0,919.0,2023-11-20,2023-11-20,2023,11
BML,38.31613,-123.0705,187.0,2023-11-27 22:08:00+00:00,13.7,0.0,348.0,116.0,0.0,824.0,0.0,0.0,85.0,0.0,140.0,500.0,329.0,2342.0,2023-11-27,2023-11-27,2023,11
BML,38.31613,-123.0705,188.0,2023-11-29 23:42:00+00:00,,0.0,51.0,33.0,0.0,471.0,0.0,18.0,112.0,0.0,181.0,83.0,14.0,963.0,2023-11-29,2023-11-27,2023,11
BML,38.31613,-123.0705,189.0,2023-12-04 18:50:00+00:00,13.7,0.0,11.0,0.0,0.0,0.0,0.0,19.0,54.0,0.0,11.0,338.0,43.0,1368.0,2023-12-04,2023-12-04,2023,12
BML,38.31613,-123.0705,190.0,2023-12-11 21:52:00+00:00,13.4,0.0,5.0,17.0,0.0,566.0,0.0,14.0,12.0,0.0,0.0,299.0,69.0,981.0,2023-12-11,2023-12-11,2023,12
BML,38.31613,-123.0705,191.0,2024-01-02 18:23:00+00:00,13.9,0.0,0.0,8.0,0.0,24.0,0.0,6.0,8.0,0.0,4.0,384.0,24.0,457.0,2024-01-02,2024-01-01,2024,1
BML,38.31613,-123.0705,192.0,2024-01-08 21:18:00+00:00,13.0,0.0,0.0,0.0,0.0,0.0,0.0,0.0,0.0,0.0,0.0,852.0,73.0,925.0,2024-01-08,2024-01-08,2024,1
BML,38.31613,-123.0705,193.0,2024-01-16 17:55:00+00:00,11.8,0.0,0.0,0.0,0.0,8.0,0.0,0.0,0.0,0.0,0.0,657.0,0.0,664.0,2024-01-16,2024-01-15,2024,1
BML,38.31613,-123.0705,194.0,2024-01-22 21:05:00+00:00,12.7,0.0,0.0,0.0,0.0,4.0,0.0,0.0,0.0,0.0,0.0,347.0,36.0,387.0,2024-01-22,2024-01-22,2024,1
BML,38.31613,-123.0705,196.0,2024-01-29 22:08:00+00:00,13.3,0.0,0.0,0.0,0.0,0.0,0.0,0.0,0.0,0.0,0.0,248.0,143.0,391.0,2024-01-29,2024-01-29,2024,1
BML,38.31613,-123.0705,195.0,2024-01-29 23:06:00+00:00,13.4,0.0,0.0,0.0,0.0,0.0,0.0,0.0,0.0,0.0,0.0,298.0,33.0,331.0,2024-01-29,2024-01-29,2024,1
BML,38.31613,-123.0705,197.0,2024-02-05 20:58:00+00:00,13.5,0.0,0.0,0.0,0.0,2.0,0.0,0.0,2.0,0.0,0.0,570.0,27.0,600.0,2024-02-05,2024-02-05,2024,2
BML,38.31613,-123.0705,198.0,2024-02-12 17:33:00+00:00,13.2,0.0,0.0,0.0,0.0,0.0,0.0,6.0,0.0,0.0,0.0,575.0,29.0,610.0,2024-02-12,2024-02-12,2024,2
BML,38.31613,-123.0705,199.0,2024-02-21 22:00:00+00:00,13.8,0.0,0.0,7.0,0.0,0.0,14.0,96.0,4.0,0.0,4.0,1410.0,43.0,1577.0,2024-02-21,2024-02-19,2024,2
BML,38.31613,-123.0705,200.0,2024-02-26 18:24:00+00:00,13.7,0.0,0.0,4.0,0.0,4.0,7.0,75.0,0.0,0.0,0.0,954.0,954.0,18.0,2024-02-26,2024-02-26,2024,2
BML,38.31613,-123.0705,201.0,2024-03-04 20:30:00+00:00,13.3,0.0,0.0,0.0,0.0,0.0,0.0,38.0,0.0,0.0,0.0,8805.0,23.0,8877.0,2024-03-04,2024-03-04,2024,3
BML,38.31613,-123.0705,202.0,2024-03-11 16:50:00+00:00,13.0,0.0,0.0,0.0,0.0,12.0,24.0,67.0,0.0,0.0,0.0,5220.0,73.0,5397.0,2024-03-11,2024-03-11,2024,3
BML,38.31613,-123.0705,203.0,2024-03-18 19:00:00+00:00,12.7,0.0,0.0,0.0,0.0,0.0,0.0,135.0,0.0,0.0,0.0,3872.0,18.0,4025.0,2024-03-18,2024-03-18,2024,3
BML,38.31613,-123.0705,204.0,2024-03-18 19:59:00+00:00,12.7,0.0,0.0,0.0,0.0,0.0,208.0,737.0,0.0,0.0,0.0,57871.0,96.0,58912.0,2024-03-18,2024-03-18,2024,3
BML,38.31613,-123.0705,205.0,2024-03-25 16:35:00+00:00,10.9,0.0,0.0,0.0,0.0,0.0,0.0,398.0,0.0,0.0,0.0,112428.0,31.0,112857.0,2024-03-25,2024-03-25,2024,3
BML,38.31613,-123.0705,206.0,2024-04-01 18:03:00+00:00,12.3,0.0,0.0,0.0,0.0,0.0,109.0,149.0,0.0,0.0,0.0,10346.0,0.0,10631.0,2024-04-01,2024-04-01,2024,4
BML,38.31613,-123.0705,207.0,2024-04-08 16:45:00+00:00,10.0,0.0,0.0,0.0,0.0,0.0,0.0,0.0,0.0,0.0,0.0,4825.0,0.0,4825.0,2024-04-08,2024-04-08,2024,4
BML,38.31613,-123.0705,208.0,2024-04-15 19:37:00+00:00,11.7,0.0,0.0,7.0,0.0,0.0,0.0,331.0,0.0,0.0,0.0,3119.0,32.0,3489.0,2024-04-15,2024-04-15,2024,4
BML,38.31613,-123.0705,209.0,2024-04-22 20:24:00+00:00,13.2,0.0,0.0,4.0,0.0,0.0,0.0,0.0,0.0,0.0,0.0,1301.0,1.0,1305.0,2024-04-22,2024-04-22,2024,4
BML,38.31613,-123.0705,210.0,2024-04-29 18:50:00+00:00,13.2,0.0,0.0,0.0,0.0,0.0,0.0,0.0,0.0,0.0,0.0,3625.0,2.0,3627.0,2024-04-29,2024-04-29,2024,4
BML,38.31613,-123.0705,211.0,2024-05-06 19:35:00+00:00,10.2,0.0,0.0,0.0,0.0,0.0,0.0,0.0,0.0,0.0,0.0,513.0,0.0,513.0,2024-05-06,2024-05-06,2024,5
BML,38.31613,-123.0705,212.0,2024-05-13 20:04:00+00:00,12.0,0.0,0.0,0.0,0.0,0.0,118.0,789.0,0.0,0.0,0.0,52489.0,957.0,54353.0,2024-05-13,2024-05-13,2024,5
BML,38.31613,-123.0705,213.0,2024-05-16 18:30:00+00:00,,0.0,0.0,0.0,0.0,0.0,541.0,691.0,0.0,0.0,0.0,66649.0,150.0,68031.0,2024-05-16,2024-05-13,2024,5
BML,38.31613,-123.0705,214.0,2024-05-20 18:35:00+00:00,11.5,0.0,0.0,0.0,0.0,0.0,0.0,209.0,0.0,0.0,0.0,5463.0,39.0,5711.0,2024-05-20,2024-05-20,2024,5
BML,38.31613,-123.0705,215.0,2024-05-28 21:13:00+00:00,11.0,0.0,0.0,0.0,0.0,0.0,0.0,0.0,0.0,0.0,0.0,9477.0,0.0,9477.0,2024-05-28,2024-05-27,2024,5
BML,38.31613,-123.0705,216.0,2024-06-03 21:01:00+00:00,9.6,0.0,0.0,0.0,0.0,0.0,0.0,0.0,0.0,0.0,0.0,961.0,0.0,961.0,2024-06-03,2024-06-03,2024,6
BML,38.31613,-123.0705,217.0,2024-06-10 21:04:00+00:00,10.8,0.0,0.0,0.0,0.0,0.0,0.0,26.0,0.0,0.0,0.0,3630.0,9.0,3669.0,2024-06-10,2024-06-10,2024,6
BML,38.31613,-123.0705,218.0,2024-06-17 19:02:00+00:00,9.7,0.0,0.0,0.0,0.0,0.0,0.0,0.0,0.0,0.0,0.0,116.0,7.0,1123.0,2024-06-17,2024-06-17,2024,6
BML,38.31613,-123.0705,219.0,2024-06-24 19:05:00+00:00,11.1,0.0,0.0,0.0,0.0,0.0,0.0,1076.0,0.0,0.0,0.0,71897.0,0.0,72973.0,2024-06-24,2024-06-24,2024,6
BML,38.31613,-123.0705,220.0,2024-07-01 19:03:00+00:00,9.6,0.0,0.0,0.0,0.0,0.0,0.0,67.0,0.0,0.0,0.0,9426.0,0.0,9493.0,2024-07-01,2024-07-01,2024,7
BML,38.31613,-123.0705,221.0,2024-07-08 19:47:00+00:00,14.9,0.0,0.0,3.0,0.0,13.0,16.0,0.0,0.0,0.0,0.0,1972.0,0.0,2005.0,2024-07-08,2024-07-08,2024,7
BML,38.31613,-123.0705,222.0,2024-07-15 20:19:00+00:00,16.2,0.0,688.0,42.0,0.0,922.0,65.0,0.0,0.0,0.0,145.0,557.0,1923.0,4342.0,2024-07-15,2024-07-15,2024,7
BML,38.31613,-123.0705,223.0,2024-07-25 19:18:00+00:00,13.9,0.0,1800.0,59.0,0.0,311.0,519.0,585.0,0.0,0.0,0.0,6911.0,89.0,10274.0,2024-07-25,2024-07-22,2024,7
BML,38.31613,-123.0705,224.0,2024-07-29 19:44:00+00:00,11.3,0.0,0.0,0.0,0.0,162.0,194.0,26.0,0.0,0.0,0.0,4790.0,0.0,5172.0,2024-07-29,2024-07-29,2024,7
BML,38.31613,-123.0705,225.0,2024-08-05 18:37:00+00:00,10.1,0.0,0.0,0.0,0.0,7.0,43.0,17.0,0.0,0.0,0.0,1495.0,2.0,1565.0,2024-08-05,2024-08-05,2024,8
BML,38.31613,-123.0705,226.0,2024-08-12 18:22:00+00:00,10.4,0.0,0.0,4.0,0.0,4.0,358.0,201.0,0.0,0.0,0.0,2048.0,0.0,2615.0,2024-08-12,2024-08-12,2024,8
BML,38.31613,-123.0705,227.0,2024-08-19 21:37:00+00:00,12.4,0.0,19.0,0.0,0.0,0.0,12150.0,26.0,0.0,0.0,0.0,3587.0,13.0,15795.0,2024-08-19,2024-08-19,2024,8
BML,38.31613,-123.0705,228.0,2024-08-27 19:33:00+00:00,13.3,0.0,15.0,0.0,0.0,0.0,18038.0,0.0,0.0,0.0,0.0,951.0,61.0,19065.0,2024-08-27,2024-08-26,2024,8
BML,38.31613,-123.0705,229.0,2024-08-28 21:26:00+00:00,14.9,0.0,304.0,64.0,32.0,16.0,33863.0,0.0,80.0,0.0,64.0,1506.0,176.0,36107.0,2024-08-28,2024-08-26,2024,8
BML,38.31613,-123.0705,230.0,2024-09-03 18:12:00+00:00,14.4,0.0,647.0,69.0,0.0,16.0,164.0,0.0,0.0,0.0,16.0,398.0,143.0,1458.0,2024-09-03,2024-09-02,2024,9
BML,38.31613,-123.0705,231.0,2024-09-09 18:54:00+00:00,12.1,0.0,34.0,0.0,0.0,0.0,523.0,0.0,0.0,0.0,0.0,376.0,24.0,957.0,2024-09-09,2024-09-09,2024,9
BML,38.31613,-123.0705,232.0,2024-09-16 17:56:00+00:00,10.3,0.0,0.0,0.0,0.0,0.0,612.0,0.0,0.0,0.0,0.0,1205.0,0.0,1817.0,2024-09-16,2024-09-16,2024,9
BML,38.31613,-123.0705,233.0,2024-09-23 17:45:00+00:00,13.5,0.0,0.0,0.0,0.0,72.0,0.0,0.0,4.0,0.0,4.0,681.0,4.0,765.0,2024-09-23,2024-09-23,2024,9
BML,38.31613,-123.0705,234.0,2024-09-30 16:20:00+00:00,,0.0,162.0,42.0,0.0,114.0,0.0,0.0,13354.0,0.0,0.0,24.0,30.0,13726.0,2024-09-30,2024-09-30,2024,9
BML,38.31613,-123.0705,235.0,2024-09-30 20:14:00+00:00,15.0,0.0,1119.0,365.0,0.0,875.0,0.0,0.0,26605.0,0.0,36.0,231.0,12.0,29243.0,2024-09-30,2024-09-30,2024,9
BML,38.31613,-123.0705,236.0,2024-10-07 18:05:00+00:00,14.3,0.0,0.0,60.0,0.0,165.0,0.0,0.0,199.0,0.0,101.0,3057.0,11.0,3593.0,2024-10-07,2024-10-07,2024,10
BML,38.31613,-123.0705,237.0,2024-10-14 19:35:00+00:00,13.3,0.0,0.0,28.0,0.0,192.0,3.0,5.0,38.0,0.0,95.0,1320.0,23.0,1703.0,2024-10-14,2024-10-14,2024,10
BML,38.31613,-123.0705,238.0,2024-10-21 17:36:00+00:00,12.5,0.0,14.0,0.0,0.0,59.0,0.0,0.0,14.0,0.0,0.0,3311.0,0.0,3397.0,2024-10-21,2024-10-21,2024,10
BML,38.31613,-123.0705,239.0,2024-10-21 19:45:00+00:00,12.5,0.0,5983.0,187.0,0.0,3179.0,561.0,1683.0,23185.0,0.0,0.0,6170.0,561.0,41508.0,2024-10-21,2024-10-21,2024,10
BML,38.31613,-123.0705,240.0,2024-10-28 18:30:00+00:00,12.9,0.0,0.0,841.0,0.0,15145.0,280.0,561.0,184541.0,0.0,0.0,1122.0,280.0,202771.0,2024-10-28,2024-10-28,2024,10
BML,38.31613,-123.0705,241.0,2024-10-28 18:40:00+00:00,12.9,0.0,0.0,24.0,0.0,1147.0,73.0,122.0,20287.0,0.0,0.0,220.0,37.0,21911.0,2024-10-28,2024-10-28,2024,10
BML,38.31613,-123.0705,242.0,2024-11-04 22:45:00+00:00,12.0,0.0,0.0,107.0,0.0,7906.0,0.0,160.0,19231.0,0.0,0.0,2137.0,0.0,29542.0,2024-11-04,2024-11-04,2024,11
BML,38.31613,-123.0705,243.0,2024-11-04 22:55:00+00:00,12.0,0.0,4.0,8.0,0.0,654.0,0.0,0.0,1079.0,0.0,0.0,288.0,17.0,2050.0,2024-11-04,2024-11-04,2024,11
BML,38.31613,-123.0705,244.0,2024-11-11 19:20:00+00:00,11.5,0.0,0.0,0.0,0.0,4026.0,168.0,0.0,27448.0,0.0,0.0,1174.0,0.0,32837.0,2024-11-11,2024-11-11,2024,11
BML,38.31613,-123.0705,245.0,2024-11-18 22:42:00+00:00,11.3,0.0,0.0,0.0,0.0,994.0,0.0,5.0,3379.0,0.0,0.0,119.0,0.0,4497.0,2024-11-18,2024-11-18,2024,11
BML,38.31613,-123.0705,246.0,2024-11-25 19:41:00+00:00,12.6,0.0,0.0,5.0,0.0,167.0,0.0,0.0,24.0,0.0,0.0,19.0,0.0,215.0,2024-11-25,2024-11-25,2024,11
BML,38.31613,-123.0705,247.0,2024-12-09 21:15:00+00:00,12.1,0.0,0.0,0.0,0.0,7.0,26.0,0.0,7.0,0.0,0.0,1104.0,0.0,1143.0,2024-12-09,2024-12-09,2024,12
BML,38.31613,-123.0705,248.0,2024-12-17 22:45:00+00:00,12.4,0.0,5.0,0.0,0.0,59152.0,0.0,0.0,154018.0,0.0,0.0,0.0,0.0,213170.0,2024-12-17,2024-12-16,2024,12
BML,38.31613,-123.0705,249.0,2024-12-26 19:53:00+00:00,12.3,0.0,0.0,38.0,0.0,3804.0,0.0,0.0,1043.0,0.0,0.0,123.0,28.0,5037.0,2024-12-26,2024-12-23,2024,12
BML,38.31613,-123.0705,250.0,2024-12-30 21:15:00+00:00,12.6,0.0,0.0,91.0,0.0,12080.0,0.0,0.0,508.0,0.0,0.0,159.0,53.0,12892.0,2024-12-30,2024-12-30,2024,12
BML,38.31613,-123.0705,251.0,2025-01-06 19:29:00+00:00,12.4,0.0,0.0,89.0,0.0,18652.0,0.0,0.0,19496.0,0.0,0.0,104.0,193.0,38533.0,2025-01-06,2025-01-06,2025,1
BML,38.31613,-123.0705,252.0,2025-01-13 20:51:00+00:00,11.8,0.0,0.0,12.0,0.0,438.0,0.0,0.0,69.0,0.0,0.0,608.0,8.0,1094.0,2025-01-13,2025-01-13,2025,1
BML,38.31613,-123.0705,253.0,2025-01-17 19:48:00+00:00,11.8,0.0,0.0,97.0,0.0,4241.0,0.0,58.0,18319.0,0.0,0.0,4241.0,174.0,27731.0,2025-01-17,2025-01-13,2025,1
BML,38.31613,-123.0705,254.0,2025-01-21 22:13:00+00:00,12.0,0.0,0.0,0.0,0.0,947.0,0.0,0.0,95.0,0.0,0.0,825.0,14.0,1880.0,2025-01-21,2025-01-20,2025,1
BML,38.31613,-123.0705,255.0,2025-01-29 21:40:00+00:00,11.7,0.0,0.0,0.0,0.0,886.0,0.0,0.0,227.0,0.0,0.0,21.0,124.0,1257.0,2025-01-29,2025-01-27,2025,1
BML,38.31613,-123.0705,256.0,2025-02-03 19:49:00+00:00,12.1,0.0,0.0,28.0,0.0,1948.0,0.0,0.0,2615.0,0.0,0.0,61.0,298.0,4949.0,2025-02-03,2025-02-03,2025,2
BML,38.31613,-123.0705,257.0,2025-02-11 20:52:00+00:00,11.2,0.0,0.0,0.0,0.0,39.0,0.0,0.0,5.0,0.0,0.0,311.0,8.0,364.0,2025-02-11,2025-02-10,2025,2
BML,38.31613,-123.0705,258.0,2025-02-18 19:30:00+00:00,11.5,0.0,0.0,0.0,0.0,8.0,0.0,0.0,0.0,0.0,0.0,266.0,54.0,328.0,2025-02-18,2025-02-17,2025,2
BML,38.31613,-123.0705,259.0,2025-02-21 19:25:00+00:00,,0.0,0.0,0.0,0.0,3.0,0.0,0.0,0.0,0.0,0.0,454.0,6.0,463.0,2025-02-21,2025-02-17,2025,2
BML,38.31613,-123.0705,260.0,2025-02-24 20:24:00+00:00,12.0,0.0,0.0,0.0,0.0,0.0,0.0,0.0,5.0,0.0,0.0,434.0,26.0,481.0,2025-02-24,2025-02-24,2025,2
BML,38.31613,-123.0705,261.0,2025-03-03 19:04:00+00:00,10.6,0.0,0.0,0.0,0.0,0.0,0.0,0.0,7.0,0.0,0.0,514.0,54.0,574.0,2025-03-03,2025-03-03,2025,3
BML,38.31613,-123.0705,262.0,2025-03-10 19:03:00+00:00,10.7,0.0,0.0,0.0,0.0,0.0,0.0,0.0,0.0,0.0,0.0,3616.0,0.0,3616.0,2025-03-10,2025-03-10,2025,3
BML,38.31613,-123.0705,263.0,2025-03-17 18:12:00+00:00,11.5,0.0,0.0,0.0,0.0,0.0,21.0,0.0,0.0,0.0,0.0,1335.0,18.0,1374.0,2025-03-17,2025-03-17,2025,3
BML,38.31613,-123.0705,264.0,2025-03-19 18:25:00+00:00,11.0,0.0,0.0,6.0,0.0,6.0,929.0,112.0,0.0,0.0,0.0,10564.0,93.0,11711.0,2025-03-19,2025-03-17,2025,3
BML,38.31613,-123.0705,265.0,2025-03-24 19:02:00+00:00,10.9,0.0,0.0,0.0,0.0,0.0,0.0,0.0,0.0,0.0,0.0,877.0,0.0,877.0,2025-03-24,2025-03-24,2025,3
BML,38.31613,-123.0705,266.0,2025-03-31 18:37:00+00:00,12.4,0.0,0.0,0.0,0.0,0.0,105.0,512.0,0.0,0.0,0.0,7725.0,24.0,8366.0,2025-03-31,2025-03-31,2025,3
BML,38.31613,-123.0705,267.0,2025-04-07 18:42:00+00:00,11.6,0.0,0.0,0.0,0.0,0.0,7.0,33.0,0.0,0.0,0.0,1550.0,10.0,1600.0,2025-04-07,2025-04-07,2025,4
BML,38.31613,-123.0705,268.0,2025-04-14 18:40:00+00:00,10.6,0.0,0.0,0.0,0.0,0.0,13.0,39.0,0.0,0.0,0.0,1680.0,0.0,1733.0,2025-04-14,2025-04-14,2025,4
BML,38.31613,-123.0705,269.0,2025-04-21 18:55:00+00:00,12.5,0.0,0.0,0.0,0.0,0.0,13.0,54.0,0.0,0.0,0.0,841.0,4.0,920.0,2025-04-21,2025-04-21,2025,4
BML,38.31613,-123.0705,270.0,2025-04-28 19:51:00+00:00,10.5,0.0,0.0,0.0,0.0,0.0,0.0,10.0,0.0,0.0,0.0,342.0,4.0,357.0,2025-04-28,2025-04-28,2025,4
BML,38.31613,-123.0705,271.0,2025-05-05 18:56:00+00:00,10.1,0.0,0.0,0.0,0.0,0.0,0.0,10.0,0.0,0.0,0.0,828.0,0.0,839.0,2025-05-05,2025-05-05,2025,5
BML,38.31613,-123.0705,272.0,2025-05-13 19:44:00+00:00,10.0,0.0,0.0,0.0,0.0,0.0,0.0,0.0,0.0,0.0,0.0,2656.0,0.0,2656.0,2025-05-13,2025-05-12,2025,5
BML,38.31613,-123.0705,273.0,2025-05-19 19:46:00+00:00,10.6,0.0,0.0,0.0,0.0,0.0,0.0,0.0,0.0,0.0,0.0,224.0,0.0,224.0,2025-05-19,2025-05-19,2025,5
BML,38.31613,-123.0705,274.0,2025-05-27 20:41:00+00:00,10.0,0.0,0.0,0.0,0.0,0.0,0.0,0.0,0.0,0.0,0.0,208.0,0.0,208.0,2025-05-27,2025-05-26,2025,5
BML,38.31613,-123.0705,275.0,2025-06-02 19:05:00+00:00,10.8,0.0,0.0,0.0,0.0,0.0,0.0,2.0,0.0,0.0,0.0,302.0,0.0,304.0,2025-06-02,2025-06-02,2025,6
BML,38.31613,-123.0705,276.0,2025-06-09 18:16:00+00:00,13.4,0.0,0.0,0.0,0.0,0.0,0.0,1.0,0.0,0.0,0.0,71.0,8.0,80.0,2025-06-09,2025-06-09,2025,6
BML,38.31613,-123.0705,277.0,2025-06-17 18:55:00+00:00,10.5,0.0,0.0,0.0,0.0,0.0,0.0,0.0,0.0,0.0,0.0,2072.0,1.0,2073.0,2025-06-17,2025-06-16,2025,6
BML,38.31613,-123.0705,278.0,2025-06-23 20:11:00+00:00,9.9,0.0,0.0,0.0,0.0,0.0,0.0,0.0,0.0,0.0,0.0,2353.0,0.0,2353.0,2025-06-23,2025-06-23,2025,6
BML,38.31613,-123.0705,279.0,2025-06-30 18:35:00+00:00,11.5,0.0,0.0,0.0,0.0,0.0,0.0,0.0,0.0,0.0,0.0,3027.0,100.0,3126.0,2025-06-30,2025-06-30,2025,6
BML,38.31613,-123.0705,280.0,2025-07-07 18:15:00+00:00,11.2,0.0,0.0,0.0,0.0,0.0,37.0,17.0,0.0,0.0,0.0,1379.0,8.0,1442.0,2025-07-07,2025-07-07,2025,7
BML,38.31613,-123.0705,281.0,2025-07-14 18:24:00+00:00,14.1,0.0,0.0,0.0,0.0,15.0,117.0,136.0,0.0,0.0,0.0,906.0,26.0,1200.0,2025-07-14,2025-07-14,2025,7
BML,38.31613,-123.0705,282.0,2025-07-21 19:38:00+00:00,12.0,0.0,0.0,15.0,0.0,0.0,3.0,3.0,0.0,0.0,0.0,282.0,3.0,307.0,2025-07-21,2025-07-21,2025,7
BML,38.31613,-123.0705,283.0,2025-07-25 18:27:00+00:00,14.7,22.0,14.0,79.0,0.0,36.0,0.0,0.0,22.0,0.0,0.0,880.0,101.0,1154.0,2025-07-25,2025-07-21,2025,7
BML,38.31613,-123.0705,284.0,2025-07-28 18:37:00+00:00,13.7,0.0,0.0,0.0,0.0,0.0,0.0,0.0,0.0,0.0,0.0,1530.0,0.0,1530.0,2025-07-28,2025-07-28,2025,7
BML,38.31613,-123.0705,285.0,2025-08-06 18:09:00+00:00,11.1,0.0,0.0,0.0,0.0,0.0,0.0,0.0,0.0,0.0,0.0,8125.0,0.0,8125.0,2025-08-06,2025-08-04,2025,8
BML,38.31613,-123.0705,286.0,2025-08-11 20:03:00+00:00,13.8,0.0,44.0,0.0,0.0,44.0,25.0,0.0,0.0,0.0,0.0,2370.0,0.0,2484.0,2025-08-11,2025-08-11,2025,8
BML,38.31613,-123.0705,287.0,2025-08-21 17:55:00+00:00,11.4,0.0,0.0,0.0,0.0,0.0,0.0,0.0,0.0,0.0,0.0,5853.0,0.0,5853.0,2025-08-21,2025-08-18,2025,8
BML,38.31613,-123.0705,288.0,2025-08-25 19:15:00+00:00,13.0,0.0,81.0,6.0,0.0,0.0,0.0,0.0,0.0,0.0,0.0,689.0,0.0,800.0,2025-08-25,2025-08-25,2025,8
BML,38.31613,-123.0705,289.0,2025-09-08 18:20:00+00:00,15.3,0.0,47.0,25.0,0.0,106.0,144.0,42.0,17.0,0.0,0.0,1712.0,8.0,2102.0,2025-09-08,2025-09-08,2025,9
BML,38.31613,-123.0705,290.0,2025-09-15 19:13:00+00:00,13.5,0.0,20.0,3.0,0.0,0.0,7.0,3.0,0.0,0.0,0.0,285.0,3.0,322.0,2025-09-15,2025-09-15,2025,9
BML,38.31613,-123.0705,291.0,2025-09-22 19:33:00+00:00,14.7,0.0,42.0,16.0,0.0,22.0,69.0,4.0,9.0,0.0,9.0,670.0,13.0,854.0,2025-09-22,2025-09-22,2025,9
BML,38.31613,-123.0705,292.0,2025-09-29 17:50:00+00:00,,6.0,0.0,12.0,0.0,28.0,22.0,9.0,156.0,0.0,44.0,75.0,12.0,365.0,2025-09-29,2025-09-29,2025,9
BML,38.31613,-123.0705,293.0,2025-09-29 19:54:00+00:00,16.2,0.0,17.0,66.0,0.0,382.0,0.0,0.0,183.0,0.0,50.0,365.0,58.0,1121.0,2025-09-29,2025-09-29,2025,9
BML,38.31613,-123.0705,294.0,2025-10-06 21:22:00+00:00,15.5,0.0,92.0,95.0,0.0,82.0,0.0,11.0,53.0,0.0,45.0,79.0,18.0,476.0,2025-10-06,2025-10-06,2025,10
BML,38.31613,-123.0705,295.0,2025-10-14 21:13:00+00:00,16.0,79.0,125.0,306.0,0.0,4425.0,0.0,0.0,3699.0,0.0,1112.0,465.0,57.0,10269.0,2025-10-14,2025-10-13,2025,10
BML,38.31613,-123.0705,296.0,2025-10-20 19:28:00+00:00,17.4,11.0,56.0,26.0,0.0,1178.0,0.0,0.0,281.0,90.0,79.0,26.0,4.0,1751.0,2025-10-20,2025-10-20,2025,10
BML,38.31613,-123.0705,297.0,2025-10-27 19:08:00+00:00,,1.0,0.0,14.0,0.0,313.0,0.0,0.0,51.0,0.0,31.0,58.0,0.0,468.0,2025-10-27,2025-10-27,2025,10
BML,38.31613,-123.0705,298.0,2025-10-29 18:28:00+00:00,,0.0,291.0,83.0,0.0,1849.0,0.0,0.0,2888.0,602.0,727.0,42.0,0.0,6482.0,2025-10-29,2025-10-27,2025,10
BML,38.31613,-123.0705,299.0,2025-11-03 21:29:00+00:00,,0.0,22.0,11.0,0.0,386.0,0.0,0.0,11.0,4.0,39.0,48.0,0.0,521.0,2025-11-03,2025-11-03,2025,11
BML,38.31613,-123.0705,300.0,2025-11-12 18:55:00+00:00,,0.0,706.0,781.0,0.0,3030.0,0.0,0.0,316.0,0.0,3922.0,297.0,130.0,9183.0,2025-11-12,2025-11-10,2025,11
BML,38.31613,-123.0705,301.0,2025-11-18 19:26:00+00:00,15.0,0.0,0.0,45.0,0.0,400.0,0.0,10.0,93.0,0.0,891.0,211.0,14.0,1664.0,2025-11-18,2025-11-17,2025,11
BML,38.31613,-123.0705,302.0,2025-11-24 21:15:00+00:00,15.1,0.0,0.0,148.0,0.0,341.0,0.0,15.0,760.0,0.0,14183.0,153.0,54.0,15654.0,2025-11-24,2025-11-24,2025,11
BML,38.31613,-123.0705,303.0,2025-12-03 22:33:00+00:00,15.0,2.0,0.0,25.0,0.0,46.0,0.0,6.0,12.0,0.0,726.0,36.0,12.0,864.0,2025-12-03,2025-12-01,2025,12
BML,38.31613,-123.0705,304.0,2025-12-12 19:15:00+00:00,14.0,0.0,0.0,33.0,0.0,65.0,4.0,41.0,6.0,0.0,31.0,387.0,7.0,574.0,2025-12-12,2025-12-08,2025,12
BML,38.31613,-123.0705,305.0,2025-12-15 21:26:00+00:00,15.0,0.0,0.0,3.0,0.0,10.0,0.0,0.0,6.0,0.0,0.0,225.0,0.0,244.0,2025-12-15,2025-12-15,2025,12
BML,38.31613,-123.0705,306.0,2025-12-22 21:31:00+00:00,15.0,0.0,0.0,24.0,0.0,8.0,0.0,32.0,0.0,0.0,8.0,351.0,0.0,424.0,2025-12-22,2025-12-22,2025,12
BML,38.31613,-123.0705,307.0,2025-12-29 20:10:00+00:00,15.0,0.0,0.0,0.0,0.0,0.0,22.0,2.0,0.0,0.0,0.0,174.0,0.0,198.0,2025-12-29,2025-12-29,2025,12
BML,38.31613,-123.0705,308.0,2025-12-29 20:19:00+00:00,,0.0,0.0,0.0,0.0,0.0,26.0,16.0,0.0,0.0,0.0,166.0,0.0,208.0,2025-12-29,2025-12-29,2025,12
BML,38.31613,-123.0705,309.0,2026-01-06 21:47:00+00:00,15.0,0.0,0.0,0.0,0.0,0.0,0.0,0.0,0.0,0.0,0.0,348.0,0.0,348.0,2026-01-06,2026-01-05,2026,1
BML,38.31613,-123.0705,310.0,2026-01-13 18:16:00+00:00,15.0,0.0,0.0,0.0,0.0,0.0,0.0,0.0,0.0,0.0,0.0,499.0,0.0,499.0,2026-01-13,2026-01-12,2026,1
BML,38.31613,-123.0705,311.0,2026-01-22 17:35:00+00:00,13.2,0.0,0.0,92.0,0.0,11.0,22.0,11.0,25.0,0.0,0.0,569.0,8.0,739.0,2026-01-22,2026-01-19,2026,1
BML,38.31613,-123.0705,312.0,2026-01-28 19:25:00+00:00,,0.0,0.0,0.0,0.0,0.0,775.0,2324.0,194.0,0.0,0.0,232961.0,0.0,236253.0,2026-01-28,2026-01-26,2026,1
BML,38.31613,-123.0705,313.0,2026-01-28 19:28:00+00:00,13.3,0.0,0.0,75.0,0.0,0.0,0.0,100.0,0.0,0.0,0.0,561.0,12.0,749.0,2026-01-28,2026-01-26,2026,1
BML,38.31613,-123.0705,314.0,2026-02-02 23:15:00+00:00,13.9,18.0,0.0,72.0,0.0,18.0,18.0,45.0,0.0,0.0,0.0,917.0,72.0,1160.0,2026-02-02,2026-02-02,2026,2
BML,38.31613,-123.0705,315.0,2026-02-09 22:08:00+00:00,14.0,0.0,0.0,6.0,0.0,6.0,11.0,23.0,3.0,0.0,3.0,821.0,9.0,881.0,2026-02-09,2026-02-09,2026,2
BML,38.31613,-123.0705,316.0,2026-02-18 22:37:00+00:00,13.7,0.0,0.0,3.0,0.0,0.0,0.0,14.0,0.0,0.0,0.0,233.0,3.0,254.0,2026-02-18,2026-02-16,2026,2
BML,38.31613,-123.0705,317.0,2026-02-23 20:13:00+00:00,13.4,0.0,0.0,0.0,0.0,16.0,16.0,0.0,0.0,0.0,0.0,1819.0,0.0,1851.0,2026-02-23,2026-02-23,2026,2
BML,38.31613,-123.0705,318.0,2026-03-02 22:15:00+00:00,15.0,0.0,0.0,46.0,0.0,67.0,0.0,0.0,13.0,0.0,0.0,254.0,17.0,396.0,2026-03-02,2026-03-02,2026,3
BML,38.31613,-123.0705,319.0,2026-03-09 20:31:00+00:00,12.0,0.0,0.0,7.0,0.0,96.0,0.0,0.0,0.0,0.0,0.0,1332.0,0.0,1435.0,2026-03-09,2026-03-09,2026,3
